id_socio,plan,antiguedad_meses,edad,genero,comuna,sucursal,canal_adquisicion,visitas_ult_mes,clases_reservadas_ult_mes,congelamientos_12m,monto_mensual,usa_app,reclamos_12m,nps,meses_desde_ultima_visita,motivo_baja,churn
VF100000,Full,28,35,M,Ñuñoa,S08,Referido,9,6,1,31000,1,1,9,0,,0
VF100001,Basico,21,34,M,La Florida,S06,Web,4,2,0,19870,0,0,7,1,,0
VF100002,Basico,6,37,M,Providencia,S07,Sucursal,3,1,1,19530,1,0,10,1,,0
VF100003,Basico,14,32,M,Temuco,S12,Campaña RRSS,5,1,0,19440,0,0,5,0,Se cambió de gimnasio,1
VF100004,Premium,17,46,M,San Miguel,S08,Referido,7,3,1,44840,1,1,6,0,,0
VF100005,Premium,1,24,F,Providencia,S01,Campaña RRSS,16,8,0,45070,1,1,5,1,,0
VF100006,Premium,22,47,F,Temuco,S03,Web,2,1,0,45780,1,0,10,0,,0
VF100007,Premium,62,43,Otro,Santiago,S04,Web,10,6,0,43420,1,0,7,0,,0
VF100008,Basico,12,40,M,Providencia,S07,Campaña RRSS,5,2,1,19340,0,0,5,0,,0
VF100009,Basico,13,17,M,Temuco,S02,App,8,2,1,20270,1,0,7,0,,0
VF100010,Basico,9,39,F,Las Condes,S08,App,8,5,1,20220,1,0,10,1,,0
VF100011,Full,7,39,F,Vitacura,S11,Web,15,3,0,29950,0,1,10,0,,0
VF100012,Full,30,24,F,Las Condes,S02,Web,7,3,0,31340,1,0,8,1,,0
VF100013,Basico,22,33,F,Ñuñoa,S06,Web,2,1,0,19940,0,2,9,1,,0
VF100014,Basico,24,22,M,Vitacura,S11,Campaña RRSS,6,3,0,20640,0,0,2,1,,0
VF100015,Basico,45,24,F,Concepción,S02,Web,4,1,0,20130,1,0,10,1,,0
VF100016,Full,20,33,F,Concepción,S04,Sucursal,9,5,0,30030,0,0,9,1,,0
VF100017,Full,92,28,F,Concepción,S04,App,3,1,0,29580,1,0,8,1,,0
VF100018,Full,39,29,M,Ñuñoa,S07,Sucursal,10,3,0,29320,1,1,10,1,,0
VF100019,Basico,41,51,F,Las Condes,S10,Web,1,0,1,20680,0,1,10,0,,0
VF100020,Premium,4,36,M,Viña del Mar,S05,Campaña RRSS,6,3,0,46600,1,0,10,1,,0
VF100021,Basico,39,27,M,Viña del Mar,S02,Campaña RRSS,2,0,1,19790,0,1,6,1,,0
VF100022,Basico,9,27,F,Maipú,S02,App,6,2,1,20220,0,0,5,1,,0
VF100023,Basico,24,29,M,San Miguel,S12,App,6,3,0,20090,0,0,7,0,,0
VF100024,Full,28,44,F,Temuco,S10,Referido,1,0,0,28850,1,1,9,0,,0
VF100025,Basico,24,33,M,Santiago,S03,Sucursal,0,0,0,20290,1,0,5,3,,0
VF100026,Full,52,30,M,Maipú,S06,Sucursal,6,3,1,30580,1,0,7,0,,0
VF100027,Full,11,44,F,Vitacura,S01,Web,8,2,0,29880,0,1,10,0,,0
VF100028,Basico,13,32,F,Providencia,S02,Web,5,1,0,19290,1,1,10,1,,0
VF100029,Full,47,30,F,Viña del Mar,S04,Sucursal,9,2,1,29320,0,1,5,1,,0
VF100030,Basico,47,27,M,Vitacura,S04,Web,0,0,0,19350,0,2,4,5,Precio,1
VF100031,Basico,10,41,M,La Florida,S09,Web,3,1,1,19260,0,0,7,0,,0
VF100032,Full,9,38,F,San Miguel,S01,App,3,1,0,31620,1,0,10,1,,0
VF100033,Full,15,33,F,Providencia,S01,App,5,2,0,29850,1,0,7,1,,0
VF100034,Basico,17,46,F,Viña del Mar,S10,Referido,5,3,0,20770,1,1,10,1,Mala atención,1
VF100035,Basico,24,37,F,Temuco,S02,Sucursal,1,0,2,19800,1,1,10,0,,0
VF100036,Full,33,26,M,Santiago,S08,Referido,9,4,0,30720,0,1,6,0,,0
VF100037,Full,10,31,F,San Miguel,S06,Sucursal,5,1,0,29160,0,0,3,1,Precio,1
VF100038,Premium,18,39,F,La Florida,S01,Referido,13,5,1,46370,0,0,9,0,,0
VF100039,Basico,14,44,F,Puente Alto,S04,Web,4,2,2,20530,0,0,7,0,,0
VF100040,Premium,46,38,F,San Miguel,S10,Referido,7,3,2,42300,1,0,8,0,,0
VF100041,Basico,15,18,F,Maipú,S11,App,3,1,1,20960,1,1,5,1,Poco uso,1
VF100042,Full,28,40,M,Temuco,S03,Web,7,2,0,30400,1,0,4,0,Se cambió de gimnasio,1
VF100043,Full,34,46,F,La Florida,S12,App,13,7,0,29920,0,0,5,1,,0
VF100044,Basico,23,32,M,La Florida,S12,Sucursal,5,1,0,19720,0,2,5,1,Precio,1
VF100045,Full,30,27,M,La Florida,S11,Referido,4,1,0,28650,1,0,9,1,,0
VF100046,Full,19,57,M,La Florida,S12,App,5,3,0,29380,1,0,7,1,,0
VF100047,Basico,47,54,F,La Florida,S11,Web,4,1,1,19840,0,0,5,0,,0
VF100048,Full,16,49,F,Puente Alto,S07,App,6,1,0,31100,0,1,6,0,,0
VF100049,Full,33,39,F,San Miguel,S04,Web,5,2,0,30450,1,0,9,0,,0
VF100050,Basico,32,26,F,Las Condes,S08,App,6,3,1,19690,0,1,10,1,Mala atención,1
VF100051,Basico,12,23,M,Las Condes,S09,Web,1,0,0,19150,1,1,4,1,,0
VF100052,Premium,25,48,F,La Florida,S08,Web,5,3,0,45850,1,0,8,1,,0
VF100053,Full,16,46,F,Puente Alto,S04,Referido,3,1,1,29680,1,0,10,0,Mala atención,1
VF100054,Full,10,43,F,Concepción,S07,Sucursal,4,1,0,30580,1,1,8,0,,0
VF100055,Full,35,26,F,Ñuñoa,S07,Sucursal,0,0,0,31400,1,1,3,7,Se cambió de gimnasio,1
VF100056,Full,33,21,M,La Florida,S08,Web,4,1,0,29250,1,1,8,1,,0
VF100057,Basico,24,27,F,Temuco,S01,Web,0,0,0,19370,0,1,8,7,Se mudó,1
VF100058,Basico,6,33,F,San Miguel,S01,Web,4,2,1,20130,1,0,9,0,,0
VF100059,Full,22,16,M,Puente Alto,S09,Web,4,2,0,29850,1,0,9,0,,0
VF100060,Full,7,31,F,Viña del Mar,S09,Web,9,2,0,30160,1,1,7,0,,0
VF100061,Premium,8,35,M,La Florida,S12,Web,5,1,0,43720,1,0,7,0,,0
VF100062,Full,39,20,F,Concepción,S12,App,13,3,0,29940,1,0,6,1,,0
VF100063,Basico,55,34,F,Ñuñoa,S02,Web,5,3,1,20710,1,0,8,0,Poco uso,1
VF100064,Full,11,32,F,Temuco,S01,App,11,7,3,31040,0,1,5,1,Mala atención,1
VF100065,Basico,9,50,M,Ñuñoa,S12,Web,1,0,1,19780,1,2,9,0,,0
VF100066,Premium,50,53,M,Maipú,S08,Sucursal,11,6,0,46140,1,0,9,0,,0
VF100067,Basico,27,42,F,Santiago,S12,Referido,0,0,1,20750,0,1,8,4,,0
VF100068,Basico,1,20,F,San Miguel,S09,Web,7,2,1,19940,1,0,7,0,Precio,1
VF100069,Basico,9,25,M,Concepción,S06,Sucursal,3,0,1,20020,1,3,6,0,Salud,1
VF100070,Basico,29,48,F,Ñuñoa,S08,App,4,2,0,19110,0,1,9,0,,0
VF100071,Basico,89,45,M,Las Condes,S06,Referido,4,1,2,19100,1,0,6,0,,0
VF100072,Basico,5,42,M,Providencia,S03,Web,2,0,0,20900,1,0,10,1,,0
VF100073,Full,13,27,M,Concepción,S10,App,5,2,0,30450,1,0,9,0,,0
VF100074,Full,28,47,F,Santiago,S01,Web,6,3,0,28750,1,0,5,1,,0
VF100075,Full,9,43,F,Vitacura,S04,Web,12,2,1,31680,1,1,6,1,Se mudó,1
VF100076,Basico,10,33,F,Concepción,S06,App,7,3,0,19100,1,0,7,0,,0
VF100077,Basico,55,49,M,Ñuñoa,S05,Campaña RRSS,1,0,0,20480,1,2,4,0,Se mudó,1
VF100078,Full,20,38,F,Viña del Mar,S11,App,3,0,0,30130,1,1,6,0,,0
VF100079,Premium,8,32,M,Temuco,S12,Web,13,5,0,48230,1,0,8,1,,0
VF100080,Basico,8,16,F,Maipú,S10,App,7,4,1,19000,0,0,0,1,,0
VF100081,Full,8,16,M,Puente Alto,S09,Referido,2,0,1,30680,0,1,7,1,Precio,1
VF100082,Premium,20,50,F,Ñuñoa,S06,Web,5,1,0,46530,1,0,6,1,,0
VF100083,Basico,18,25,M,Concepción,S09,Campaña RRSS,1,0,0,20480,0,1,10,1,,0
VF100084,Basico,31,41,M,Providencia,S12,Campaña RRSS,5,1,0,19930,1,1,7,0,,0
VF100085,Full,2,42,F,Concepción,S12,Web,4,1,0,29220,1,1,5,1,,0
VF100086,Full,19,61,F,La Florida,S09,Web,1,0,0,29820,1,1,9,1,,0
VF100087,Basico,15,22,F,Viña del Mar,S06,Sucursal,5,1,0,20230,1,0,10,0,,0
VF100088,Premium,30,38,F,Concepción,S06,Campaña RRSS,11,4,0,45710,1,0,8,1,Salud,1
VF100089,Premium,10,29,M,Ñuñoa,S01,App,7,4,0,45650,1,0,10,1,,0
VF100090,Basico,30,30,M,Santiago,S11,Sucursal,6,4,0,19640,1,0,9,0,,0
VF100091,Premium,22,33,Otro,Viña del Mar,S12,Referido,5,3,0,46890,1,0,6,0,,0
VF100092,Basico,25,40,M,Vitacura,S08,Sucursal,5,1,0,19850,1,0,8,0,,0
VF100093,Basico,33,16,F,Las Condes,S06,Referido,0,0,0,19860,0,1,10,4,,0
VF100094,Basico,20,45,M,San Miguel,S12,App,3,0,1,19950,1,0,7,0,Se cambió de gimnasio,1
VF100095,Premium,5,37,F,San Miguel,S05,Web,8,3,0,44200,0,0,10,1,Poco uso,1
VF100096,Full,15,22,F,Concepción,S08,Sucursal,11,7,0,29170,0,0,7,0,,0
VF100097,Premium,26,44,M,Temuco,S07,Campaña RRSS,11,5,0,46940,1,0,8,0,,0
VF100098,Full,4,33,M,Santiago,S12,App,7,4,0,27490,1,0,9,0,,0
VF100099,Premium,19,29,M,La Florida,S09,Sucursal,6,2,0,47510,1,0,7,0,,0
VF100100,Full,25,24,F,Vitacura,S08,Web,8,3,1,30210,1,0,9,0,,0
VF100101,Basico,30,55,M,Puente Alto,S02,Sucursal,0,0,0,21610,0,2,5,1,,0
VF100102,Full,28,17,F,Santiago,S08,Web,6,2,1,30110,1,0,6,1,,0
VF100103,Full,24,31,M,Vitacura,S09,Sucursal,8,4,2,30060,1,0,8,1,,0
VF100104,Full,9,31,M,Vitacura,S07,Sucursal,3,1,1,29190,1,0,10,0,,0
VF100105,Full,10,36,M,San Miguel,S07,Sucursal,5,1,2,30150,1,2,4,1,,0
VF100106,Full,35,48,M,Viña del Mar,S12,App,5,2,0,29850,1,0,8,1,,0
VF100107,Premium,24,30,M,Viña del Mar,S11,Sucursal,13,8,1,45360,1,1,8,1,Mala atención,1
VF100108,Basico,7,33,M,Temuco,S04,Referido,3,1,1,19480,1,0,8,0,Poco uso,1
VF100109,Basico,26,44,F,Concepción,S03,Referido,1,0,3,19840,0,1,6,0,,0
VF100110,Basico,9,16,M,Vitacura,S02,App,4,2,0,19950,0,0,7,0,,0
VF100111,Basico,12,55,M,Temuco,S12,Web,1,0,0,21130,1,0,6,1,,0
VF100112,Basico,28,20,M,Las Condes,S01,App,2,0,0,21400,1,3,6,0,Mala atención,1
VF100113,Basico,14,17,M,Maipú,S05,Web,7,1,0,20890,0,1,9,0,Se mudó,1
VF100114,Full,4,29,F,La Florida,S06,Sucursal,5,1,0,30270,0,0,7,0,,0
VF100115,Basico,22,38,M,Las Condes,S12,Web,4,2,0,20230,0,0,3,0,,0
VF100116,Premium,47,44,M,La Florida,S12,Web,11,3,0,46280,1,0,7,0,,0
VF100117,Basico,40,16,F,San Miguel,S12,Sucursal,5,3,1,19440,0,0,7,1,,0
VF100118,Premium,19,36,F,Viña del Mar,S05,App,12,6,0,47860,1,1,9,1,,0
VF100119,Full,5,26,F,San Miguel,S10,Referido,5,1,1,31100,1,0,7,0,,0
VF100120,Basico,8,37,M,Vitacura,S05,Web,6,3,0,20030,0,0,10,0,,0
VF100121,Basico,11,38,M,Temuco,S11,App,1,0,0,20330,1,0,6,0,,0
VF100122,Full,47,16,F,Las Condes,S11,Web,13,8,0,28970,1,1,6,1,,0
VF100123,Basico,8,30,F,Viña del Mar,S06,Sucursal,4,2,0,19300,1,0,7,1,,0
VF100124,Full,5,35,M,Maipú,S11,Web,9,6,0,30910,0,0,10,0,,0
VF100125,Full,19,31,F,La Florida,S07,Sucursal,10,3,0,29740,1,0,7,0,,0
VF100126,Premium,10,34,M,Viña del Mar,S12,Web,7,4,0,47330,1,0,10,1,Poco uso,1
VF100127,Full,19,24,F,Puente Alto,S10,Referido,6,3,2,29690,1,0,6,0,,0
VF100128,Full,11,16,F,Temuco,S08,Campaña RRSS,6,2,1,29290,1,0,9,1,,0
VF100129,Basico,12,29,M,Santiago,S03,Referido,1,0,1,18910,0,5,6,0,Se mudó,1
VF100130,Full,14,33,F,Puente Alto,S09,App,2,1,0,29150,1,0,9,1,Salud,1
VF100131,Full,44,46,M,Ñuñoa,S02,Web,1,0,0,29270,1,1,10,1,,0
VF100132,Basico,12,29,F,Viña del Mar,S10,Referido,5,3,0,21220,1,0,8,0,,0
VF100133,Full,15,23,F,San Miguel,S05,Web,5,2,0,29470,0,0,5,1,,0
VF100134,Basico,10,25,M,Viña del Mar,S11,Sucursal,0,0,0,19960,0,1,9,3,Se mudó,1
VF100135,Full,18,32,F,Temuco,S08,App,2,1,0,29970,1,0,8,1,,0
VF100136,Basico,29,33,F,Santiago,S03,Referido,2,0,0,19310,0,1,7,1,,0
VF100137,Basico,36,34,F,Santiago,S02,Web,3,1,0,20060,0,0,6,1,,0
VF100138,Basico,41,40,M,Maipú,S07,App,5,1,0,19860,1,0,7,0,,0
VF100139,Premium,9,17,M,Temuco,S01,Sucursal,5,2,1,44260,1,0,6,1,,0
VF100140,Full,9,31,F,Ñuñoa,S11,Referido,7,4,0,29400,1,1,5,1,,0
VF100141,Basico,15,40,F,Maipú,S11,Sucursal,6,3,0,19910,0,0,9,0,,0
VF100142,Full,10,36,F,San Miguel,S10,Sucursal,8,3,0,30940,1,1,9,0,,0
VF100143,Basico,45,29,M,Santiago,S11,App,0,0,0,19860,1,1,5,4,,0
VF100144,Premium,13,39,F,Vitacura,S10,Campaña RRSS,15,5,0,43560,1,1,10,1,,0
VF100145,Full,18,31,F,Temuco,S03,Campaña RRSS,6,3,0,29150,1,0,10,1,,0
VF100146,Full,26,35,M,Vitacura,S04,Sucursal,7,3,0,30570,1,0,7,0,,0
VF100147,Basico,43,48,F,Viña del Mar,S10,App,0,0,2,20720,0,0,10,2,,0
VF100148,Basico,16,44,F,La Florida,S08,Referido,5,1,0,19170,1,0,7,1,,0
VF100149,Basico,11,25,M,Temuco,S09,Web,5,2,0,19560,0,0,8,1,,0
VF100150,Basico,16,16,M,Maipú,S08,Web,1,0,0,19940,0,3,5,1,Mala atención,1
VF100151,Basico,10,39,F,San Miguel,S09,Web,5,3,0,19760,0,0,8,1,,0
VF100152,Basico,4,33,F,Providencia,S06,App,5,2,1,19470,0,1,8,0,,0
VF100153,Basico,27,40,M,Providencia,S08,Referido,2,1,1,19540,0,1,2,1,Precio,1
VF100154,Basico,6,43,M,Concepción,S06,Web,4,2,0,20320,1,0,7,1,,0
VF100155,Full,48,51,M,Ñuñoa,S09,Sucursal,2,0,1,28880,0,0,9,1,,0
VF100156,Basico,40,18,M,Ñuñoa,S11,App,2,0,0,19600,0,2,6,0,Se cambió de gimnasio,1
VF100157,Full,13,35,F,Ñuñoa,S10,Sucursal,8,2,0,28760,0,1,6,0,,0
VF100158,Premium,10,38,F,Temuco,S06,Web,2,1,1,46330,1,0,8,0,,0
VF100159,Full,23,22,F,Vitacura,S10,Campaña RRSS,7,2,1,30920,1,1,9,1,,0
VF100160,Full,22,52,M,Vitacura,S09,Web,8,3,0,29540,1,1,9,0,Se cambió de gimnasio,1
VF100161,Full,41,34,F,Viña del Mar,S02,Sucursal,6,1,0,29610,1,0,8,1,Poco uso,1
VF100162,Basico,33,39,M,Viña del Mar,S02,Sucursal,3,1,0,20100,1,1,6,1,,0
VF100163,Basico,11,17,M,Las Condes,S11,Web,4,1,0,19600,0,0,3,0,,0
VF100164,Full,38,30,M,Ñuñoa,S07,App,4,2,0,29200,1,0,9,0,,0
VF100165,Basico,15,45,F,Viña del Mar,S07,Web,4,1,0,19340,1,0,9,0,,0
VF100166,Full,20,22,F,Ñuñoa,S10,Sucursal,5,1,0,30480,1,0,10,1,,0
VF100167,Basico,12,47,M,Ñuñoa,S02,Sucursal,5,1,2,19730,0,0,5,1,Se cambió de gimnasio,1
VF100168,Premium,14,48,M,Vitacura,S07,Sucursal,10,6,1,46550,1,1,2,1,,0
VF100169,Full,18,33,F,Temuco,S09,Referido,4,1,0,29440,1,0,10,1,,0
VF100170,Basico,33,25,F,Concepción,S07,App,1,0,1,19430,0,0,9,1,Mala atención,1
VF100171,Basico,10,41,M,Concepción,S09,App,4,2,0,19910,1,0,10,0,,0
VF100172,Premium,17,34,F,Ñuñoa,S10,Sucursal,12,8,0,47910,0,0,6,0,,0
VF100173,Basico,34,17,M,Puente Alto,S01,Sucursal,8,4,2,19780,1,0,7,0,,0
VF100174,Basico,2,34,M,La Florida,S07,Campaña RRSS,1,0,1,19390,1,2,6,0,,0
VF100175,Premium,43,20,F,Providencia,S12,App,11,6,0,45410,0,0,8,0,,0
VF100176,Basico,12,30,M,La Florida,S08,Sucursal,1,0,0,20920,1,0,10,1,,0
VF100177,Basico,19,21,M,Las Condes,S05,Sucursal,3,0,0,19950,1,0,10,1,Salud,1
VF100178,Premium,19,32,F,Viña del Mar,S09,Campaña RRSS,12,2,0,44850,1,1,7,1,,0
VF100179,Full,17,37,F,Concepción,S09,Campaña RRSS,9,2,0,30800,1,0,7,0,,0
VF100180,Basico,4,46,M,Concepción,S04,Web,3,2,0,20180,0,0,10,1,,0
VF100181,Full,34,28,F,Providencia,S10,Web,4,0,0,30630,1,1,7,0,,0
VF100182,Full,21,24,Otro,Maipú,S05,Referido,7,4,1,29830,0,2,4,0,,0
VF100183,Full,32,30,M,Ñuñoa,S11,Referido,14,8,0,28940,1,0,9,1,Salud,1
VF100184,Full,10,41,M,Viña del Mar,S09,Sucursal,7,2,0,30920,1,0,8,0,,0
VF100185,Premium,27,42,M,Providencia,S11,App,9,4,0,45930,1,0,8,1,,0
VF100186,Basico,44,30,M,La Florida,S08,App,5,2,1,19330,0,1,8,0,Poco uso,1
VF100187,Full,23,16,F,Ñuñoa,S10,Sucursal,6,1,1,29930,1,2,8,0,,0
VF100188,Basico,16,28,F,Santiago,S03,Referido,2,0,0,19180,0,0,6,0,,0
VF100189,Basico,26,43,M,Puente Alto,S02,Web,4,2,1,18920,1,1,7,0,,0
VF100190,Basico,27,37,F,Ñuñoa,S02,Sucursal,1,0,1,20270,1,0,8,1,,0
VF100191,Full,16,16,F,Providencia,S04,App,7,2,0,29990,1,0,6,1,,0
VF100192,Full,5,41,F,Puente Alto,S08,App,5,2,0,29530,1,0,9,0,Precio,1
VF100193,Premium,2,42,M,Las Condes,S03,App,6,4,2,44990,1,0,7,1,,0
VF100194,Premium,13,16,F,Santiago,S06,Sucursal,14,8,0,45070,1,0,7,1,,0
VF100195,Basico,8,45,M,Viña del Mar,S08,Sucursal,6,2,0,20330,1,0,6,1,Salud,1
VF100196,Basico,24,18,M,Maipú,S02,App,3,1,0,19760,0,0,4,0,,0
VF100197,Full,2,51,F,Viña del Mar,S10,Sucursal,2,0,1,29870,1,3,9,1,Se mudó,1
VF100198,Premium,16,22,F,La Florida,S06,Referido,8,3,0,47000,1,0,5,1,Precio,1
VF100199,Basico,15,20,F,San Miguel,S04,Web,4,2,0,18910,0,0,4,1,Se mudó,1
VF100200,Full,15,26,M,San Miguel,S05,Referido,5,3,0,28260,1,0,10,1,Se mudó,1
VF100201,Premium,16,22,F,Santiago,S05,Referido,11,2,1,46900,0,1,5,0,Mala atención,1
VF100202,Basico,37,49,F,Puente Alto,S11,Campaña RRSS,3,1,0,18900,1,0,9,0,,0
VF100203,Full,9,16,F,La Florida,S07,Referido,4,2,1,29030,0,0,8,1,,0
VF100204,Full,13,44,M,Viña del Mar,S12,Web,8,4,0,31200,1,0,9,0,,0
VF100205,Full,12,56,F,Santiago,S03,App,7,4,0,30690,1,0,10,0,,0
VF100206,Basico,7,25,F,Ñuñoa,S04,Referido,5,3,0,18850,1,0,9,0,,0
VF100207,Full,30,35,F,Temuco,S06,Web,4,1,0,29630,1,0,9,1,,0
VF100208,Full,68,44,F,La Florida,S11,Web,2,0,1,31020,1,0,8,1,,0
VF100209,Basico,7,36,F,Temuco,S12,Campaña RRSS,5,1,0,19800,0,1,9,1,Se cambió de gimnasio,1
VF100210,Premium,7,45,M,Vitacura,S06,App,19,10,1,43750,0,2,5,0,,0
VF100211,Basico,18,25,M,Las Condes,S06,Sucursal,3,2,0,19950,0,0,8,1,Se mudó,1
VF100212,Premium,78,58,M,La Florida,S08,App,14,6,1,47240,0,1,9,0,,0
VF100213,Basico,20,31,M,Providencia,S06,App,3,1,0,19880,0,0,10,0,,0
VF100214,Full,80,16,F,Ñuñoa,S07,App,4,2,0,29670,1,0,7,1,,0
VF100215,Premium,46,20,M,Temuco,S01,Web,11,6,1,44740,1,1,7,0,Precio,1
VF100216,Full,30,31,F,Santiago,S11,Sucursal,8,3,0,30900,1,1,8,1,,0
VF100217,Basico,75,44,M,La Florida,S06,Sucursal,5,1,0,20100,0,0,10,1,,0
VF100218,Full,26,55,M,La Florida,S09,Sucursal,7,4,1,29830,1,0,10,1,,0
VF100219,Full,11,34,F,Puente Alto,S05,Referido,3,0,0,30120,0,0,4,0,,0
VF100220,Full,18,36,F,Maipú,S04,Web,8,4,0,29700,1,0,9,1,,0
VF100221,Basico,44,27,F,Las Condes,S05,App,0,0,1,19860,1,1,7,7,Se cambió de gimnasio,1
VF100222,Basico,8,28,M,Concepción,S11,Sucursal,4,1,0,20270,0,0,10,0,,0
VF100223,Basico,7,50,F,Concepción,S04,Web,2,1,0,20250,1,1,8,0,,0
VF100224,Premium,42,30,F,Providencia,S09,Referido,12,3,0,47050,1,0,7,0,,0
VF100225,Full,61,55,M,La Florida,S09,Campaña RRSS,3,0,0,31880,0,0,9,1,,0
VF100226,Basico,17,39,M,Concepción,S08,Sucursal,4,1,0,20550,1,1,4,1,,0
VF100227,Basico,34,24,F,Vitacura,S09,App,3,1,0,20300,1,0,10,0,,0
VF100228,Full,22,44,F,Viña del Mar,S03,App,8,5,0,28550,1,2,8,0,Se mudó,1
VF100229,Full,22,38,F,Las Condes,S03,Web,4,1,1,29080,1,0,7,1,,0
VF100230,Full,4,47,M,Vitacura,S09,Web,6,3,0,29990,0,0,8,0,,0
VF100231,Basico,15,46,F,La Florida,S02,Referido,2,0,1,20320,0,0,7,0,Se cambió de gimnasio,1
VF100232,Full,14,38,M,Concepción,S03,Web,10,5,2,30010,1,0,7,1,,0
VF100233,Premium,8,16,F,San Miguel,S08,Web,11,3,0,47990,1,1,10,0,,0
VF100234,Basico,24,37,F,Maipú,S11,Campaña RRSS,9,4,0,19530,0,2,7,0,,0
VF100235,Basico,29,37,F,Puente Alto,S03,App,6,2,0,19930,0,1,10,1,,0
VF100236,Basico,36,29,F,San Miguel,S08,Referido,6,3,0,20350,1,0,8,1,,0
VF100237,Full,12,31,M,Temuco,S09,App,6,4,1,30170,1,0,10,1,,0
VF100238,Full,44,39,F,Temuco,S09,Referido,5,1,1,28830,1,0,8,0,,0
VF100239,Basico,37,42,M,Providencia,S10,Web,3,0,0,19880,0,0,3,0,,0
VF100240,Basico,10,29,F,Concepción,S07,Web,1,0,0,19910,0,0,7,0,,0
VF100241,Basico,43,51,F,Providencia,S03,Web,3,0,0,18730,0,1,10,0,,0
VF100242,Premium,7,22,F,Puente Alto,S07,Campaña RRSS,11,3,1,46180,0,0,8,0,Mala atención,1
VF100243,Premium,10,21,F,Concepción,S10,Referido,8,2,1,45890,1,0,10,1,,0
VF100244,Basico,37,47,M,Las Condes,S04,Campaña RRSS,0,0,0,20240,0,1,8,6,,0
VF100245,Basico,21,33,M,San Miguel,S08,App,2,1,0,19950,1,2,8,1,Poco uso,1
VF100246,Premium,14,29,F,Concepción,S02,App,9,3,1,44840,1,0,8,0,,0
VF100247,Basico,18,33,F,San Miguel,S01,App,10,2,0,20740,0,0,6,1,Mala atención,1
VF100248,Full,13,43,F,Vitacura,S08,Web,5,2,0,28580,1,1,10,0,,0
VF100249,Basico,58,23,M,Puente Alto,S12,Referido,1,0,0,19440,1,1,4,1,,0
VF100250,Basico,21,38,M,Maipú,S07,Web,2,1,0,21110,0,2,7,1,,0
VF100251,Premium,23,49,Otro,Viña del Mar,S08,Referido,9,5,0,47110,1,0,6,1,,0
VF100252,Full,46,26,F,La Florida,S04,Campaña RRSS,2,0,1,29900,0,2,6,1,Precio,1
VF100253,Full,16,58,F,Concepción,S06,Sucursal,7,2,2,28780,0,1,8,0,Mala atención,1
VF100254,Full,6,59,F,Las Condes,S01,App,5,2,0,28720,1,0,10,1,,0
VF100255,Basico,55,33,M,Temuco,S12,Web,3,1,0,19240,1,0,7,1,,0
VF100256,Full,10,35,F,Las Condes,S07,Web,3,0,0,29820,1,0,10,0,,0
VF100257,Full,13,34,M,Viña del Mar,S06,Sucursal,9,2,0,27190,1,0,4,0,Precio,1
VF100258,Full,27,21,F,Ñuñoa,S07,Web,0,0,1,30500,0,1,9,1,,0
VF100259,Full,22,39,F,La Florida,S10,Campaña RRSS,4,2,1,30800,1,0,10,0,,0
VF100260,Full,28,22,M,Providencia,S10,Web,10,6,1,29950,1,0,9,1,,0
VF100261,Premium,18,17,M,Puente Alto,S07,Sucursal,6,2,0,45430,0,0,6,0,,0
VF100262,Basico,7,32,F,Maipú,S11,App,7,1,1,19560,0,0,7,1,,0
VF100263,Premium,16,38,M,Puente Alto,S08,Sucursal,10,5,0,45900,1,1,5,0,,0
VF100264,Premium,16,33,M,Las Condes,S06,App,4,1,1,45010,1,0,9,1,,0
VF100265,Basico,12,22,F,San Miguel,S12,App,0,0,1,19450,0,0,8,1,,0
VF100266,Full,10,16,M,Santiago,S12,Web,9,5,0,30720,1,0,6,0,,0
VF100267,Basico,5,32,F,Maipú,S07,Campaña RRSS,6,3,0,20320,1,0,7,0,,0
VF100268,Premium,19,51,F,Ñuñoa,S02,Web,5,1,0,48920,1,1,10,0,Poco uso,1
VF100269,Premium,16,54,F,Puente Alto,S01,App,10,6,0,45910,1,1,6,0,Se cambió de gimnasio,1
VF100270,Basico,38,31,M,San Miguel,S12,App,7,4,0,21290,1,0,4,0,,0
VF100271,Full,48,33,F,Las Condes,S01,Sucursal,4,1,0,29170,1,0,4,1,,0
VF100272,Basico,29,23,M,Viña del Mar,S07,App,0,0,2,19300,1,1,9,2,Precio,1
VF100273,Basico,15,29,M,Santiago,S06,App,1,0,0,19390,0,0,7,1,,0
VF100274,Full,60,33,M,San Miguel,S07,App,5,1,0,29210,1,0,7,0,,0
VF100275,Basico,4,16,F,Vitacura,S12,Referido,4,2,0,19280,0,0,8,0,Precio,1
VF100276,Premium,63,37,F,Concepción,S11,Web,12,7,0,46030,0,0,5,1,,0
VF100277,Full,23,31,F,San Miguel,S03,App,6,2,1,30650,1,0,10,0,,0
VF100278,Full,5,39,F,Vitacura,S11,Sucursal,6,3,2,29140,1,2,8,0,Poco uso,1
VF100279,Basico,25,40,M,Viña del Mar,S11,Campaña RRSS,1,0,0,20350,0,2,4,0,,0
VF100280,Full,31,25,M,Viña del Mar,S07,Referido,11,4,2,30100,1,0,10,1,,0
VF100281,Full,8,52,M,Viña del Mar,S06,Referido,2,1,0,29750,1,2,6,0,,0
VF100282,Basico,7,45,M,Puente Alto,S08,Web,4,2,1,20650,1,0,9,0,,0
VF100283,Basico,24,36,F,Concepción,S07,Web,1,0,0,19420,0,2,7,1,,0
VF100284,Basico,14,43,F,San Miguel,S02,Referido,4,1,0,19500,1,1,8,1,,0
VF100285,Full,45,32,M,Ñuñoa,S12,App,5,1,1,29410,0,3,4,1,Poco uso,1
VF100286,Basico,15,43,F,Concepción,S10,Sucursal,7,4,0,20010,0,1,6,0,,0
VF100287,Basico,25,57,M,Providencia,S03,App,3,1,0,20220,0,0,4,1,,0
VF100288,Full,35,33,M,Providencia,S07,Web,14,5,0,29910,1,0,4,1,,0
VF100289,Basico,13,41,F,Vitacura,S04,App,8,1,0,19890,1,0,7,0,,0
VF100290,Full,22,29,M,Concepción,S04,Web,9,3,1,29660,1,1,8,0,,0
VF100291,Full,17,47,F,Las Condes,S07,Web,6,2,0,30180,0,0,10,0,,0
VF100292,Full,34,47,M,Puente Alto,S08,Sucursal,5,3,1,31750,1,0,10,0,,0
VF100293,Basico,18,32,M,Viña del Mar,S12,Campaña RRSS,2,0,1,18800,0,1,5,1,,0
VF100294,Basico,9,27,M,La Florida,S12,Web,7,3,0,18880,1,0,10,1,,0
VF100295,Basico,6,28,F,Ñuñoa,S10,Web,0,0,0,20520,1,2,5,4,Poco uso,1
VF100296,Premium,18,25,M,Providencia,S03,Referido,14,3,0,46740,0,0,10,0,,0
VF100297,Basico,13,42,F,Concepción,S06,Web,4,1,1,19520,0,1,6,1,,0
VF100298,Full,12,57,F,Santiago,S05,Referido,10,2,0,28530,1,1,10,1,,0
VF100299,Full,6,36,M,Viña del Mar,S11,Web,7,3,1,30850,1,1,6,1,,0
VF100300,Full,23,19,M,La Florida,S05,Web,12,5,0,32080,1,0,9,0,,0
VF100301,Full,18,48,M,Concepción,S12,Web,6,2,0,29510,1,0,3,1,,0
VF100302,Full,24,48,F,Viña del Mar,S02,App,11,3,0,30370,1,0,6,0,,0
VF100303,Full,24,43,F,Concepción,S02,Web,9,3,0,28880,1,1,8,0,,0
VF100304,Full,31,35,F,Las Condes,S11,Web,11,4,0,30080,1,0,9,0,,0
VF100305,Premium,25,33,M,Santiago,S12,Referido,7,4,0,47870,1,0,5,0,,0
VF100306,Premium,44,43,F,San Miguel,S09,Campaña RRSS,15,6,0,46700,1,0,8,0,Mala atención,1
VF100307,Full,3,23,M,Santiago,S01,Web,7,3,0,30310,0,0,5,0,,0
VF100308,Basico,34,16,M,Vitacura,S02,App,7,1,1,20360,0,0,6,0,,0
VF100309,Basico,20,22,M,Providencia,S01,App,4,2,0,19930,0,0,5,1,Mala atención,1
VF100310,Premium,6,54,M,Las Condes,S01,Sucursal,4,2,0,45390,1,0,6,0,,0
VF100311,Full,40,24,M,Ñuñoa,S09,Web,12,4,0,30870,1,0,4,1,,0
VF100312,Basico,7,46,F,La Florida,S10,App,4,2,0,20500,0,1,4,1,,0
VF100313,Basico,30,38,F,Maipú,S07,Sucursal,4,1,0,21410,0,1,6,0,,0
VF100314,Basico,13,37,F,La Florida,S11,Sucursal,3,1,0,19130,0,1,10,0,,0
VF100315,Basico,7,46,M,Vitacura,S09,App,3,1,0,20080,0,1,4,1,,0
VF100316,Full,42,45,M,San Miguel,S02,Web,7,2,0,29540,1,0,7,1,,0
VF100317,Basico,20,31,M,Santiago,S10,App,6,3,0,20330,0,0,9,1,,0
VF100318,Full,9,25,F,Vitacura,S03,Web,10,6,0,30170,0,1,6,0,,0
VF100319,Basico,25,27,F,Maipú,S10,Referido,4,1,0,20510,0,0,9,1,Mala atención,1
VF100320,Basico,14,22,M,Ñuñoa,S11,Campaña RRSS,2,0,1,19800,1,1,5,0,,0
VF100321,Full,15,41,F,San Miguel,S11,Web,9,3,1,30310,1,0,9,1,,0
VF100322,Basico,44,17,M,La Florida,S02,Web,5,2,0,20400,0,0,7,1,,0
VF100323,Premium,6,45,M,Providencia,S02,Campaña RRSS,13,3,0,47190,1,1,7,1,Poco uso,1
VF100324,Basico,25,38,M,Temuco,S06,Sucursal,3,1,0,21280,1,0,9,1,,0
VF100325,Basico,16,37,Otro,Maipú,S12,Web,3,1,1,18990,0,0,9,0,,0
VF100326,Basico,24,33,M,Concepción,S02,Referido,2,1,0,19640,0,1,5,1,,0
VF100327,Full,19,31,M,Maipú,S04,App,7,1,1,30330,1,0,10,1,Se mudó,1
VF100328,Full,21,32,M,La Florida,S04,Web,4,1,0,28940,1,0,10,1,,0
VF100329,Full,5,25,M,La Florida,S04,App,4,1,1,31190,1,0,5,1,,0
VF100330,Basico,14,40,M,Santiago,S04,Referido,0,0,0,20510,0,1,7,5,Se cambió de gimnasio,1
VF100331,Basico,3,40,F,Santiago,S11,Referido,3,1,0,19520,0,1,9,1,,0
VF100332,Premium,16,51,Otro,Temuco,S10,Referido,13,7,0,48430,0,0,9,0,Se mudó,1
VF100333,Full,8,37,M,Puente Alto,S03,Referido,7,1,0,30910,1,0,7,0,,0
VF100334,Basico,5,38,M,San Miguel,S08,App,3,1,1,20170,1,0,10,0,,0
VF100335,Full,42,37,F,Ñuñoa,S12,Sucursal,4,1,0,28820,1,0,8,1,,0
VF100336,Premium,8,21,M,Vitacura,S01,Sucursal,9,2,0,43220,1,1,6,0,,0
VF100337,Basico,11,16,F,Puente Alto,S09,Sucursal,5,2,0,20430,0,0,10,0,,0
VF100338,Full,11,23,F,Maipú,S08,Sucursal,5,1,0,28450,1,0,7,0,,0
VF100339,Full,4,47,M,Las Condes,S10,Sucursal,7,4,0,30070,1,0,10,1,,0
VF100340,Basico,16,42,M,Ñuñoa,S03,Web,5,2,0,19680,1,0,7,0,Salud,1
VF100341,Full,31,23,F,San Miguel,S06,Referido,1,0,1,28590,0,3,5,1,,0
VF100342,Basico,24,54,M,Viña del Mar,S08,Referido,7,2,0,20280,0,0,5,0,,0
VF100343,Full,5,38,F,Santiago,S05,Web,5,3,1,29170,1,0,8,1,,0
VF100344,Full,28,60,F,Maipú,S06,App,9,2,1,29500,1,1,6,0,,0
VF100345,Basico,6,29,F,La Florida,S08,Referido,0,0,2,19330,0,3,6,2,Se mudó,1
VF100346,Basico,2,22,F,Concepción,S07,Web,4,2,0,20040,1,1,6,1,,0
VF100347,Basico,26,38,F,Concepción,S03,Campaña RRSS,3,1,0,19410,0,0,6,0,Salud,1
VF100348,Premium,28,27,M,Concepción,S09,Sucursal,11,4,1,46170,1,0,6,1,,0
VF100349,Full,9,53,F,San Miguel,S01,Sucursal,6,3,1,29240,0,0,6,0,,0
VF100350,Basico,16,44,M,Viña del Mar,S02,Sucursal,3,1,2,20170,0,0,6,1,,0
VF100351,Full,1,19,F,Ñuñoa,S02,Web,5,1,1,32230,1,1,9,0,,0
VF100352,Full,19,53,F,Vitacura,S05,Sucursal,9,4,0,30470,0,0,6,1,,0
VF100353,Full,45,48,F,Concepción,S07,Web,5,2,0,30600,0,0,8,1,,0
VF100354,Premium,20,48,M,Maipú,S07,Web,10,5,1,48710,1,0,7,0,,0
VF100355,Premium,2,31,F,Las Condes,S10,Sucursal,8,2,0,48280,1,0,8,0,,0
VF100356,Full,27,34,M,Ñuñoa,S09,Campaña RRSS,8,1,0,30810,1,0,5,0,,0
VF100357,Premium,14,24,F,Las Condes,S12,Web,8,3,0,45060,1,0,9,0,,0
VF100358,Full,38,38,F,San Miguel,S10,Web,10,2,0,31480,1,1,10,1,,0
VF100359,Full,3,50,F,Temuco,S10,App,9,5,0,30630,0,0,10,1,,0
VF100360,Full,22,41,F,Puente Alto,S01,Web,4,0,0,28890,1,0,8,0,,0
VF100361,Full,33,45,F,Maipú,S02,Web,8,1,0,29790,1,0,8,0,Poco uso,1
VF100362,Full,17,38,F,Las Condes,S08,Web,2,0,0,29480,1,0,8,1,,0
VF100363,Basico,26,33,F,Vitacura,S01,Web,2,1,0,20180,0,1,6,0,,0
VF100364,Basico,27,22,M,Providencia,S08,Web,5,1,1,19710,1,0,8,0,,0
VF100365,Basico,32,43,F,Providencia,S05,App,9,3,1,20600,0,1,6,0,Se mudó,1
VF100366,Premium,15,38,F,San Miguel,S09,Campaña RRSS,9,2,2,46830,1,0,10,0,,0
VF100367,Full,14,16,F,Viña del Mar,S08,App,7,1,1,29240,1,0,9,1,,0
VF100368,Basico,12,46,M,Vitacura,S03,Sucursal,5,1,0,20090,1,0,5,1,,0
VF100369,Premium,48,50,M,Vitacura,S09,Sucursal,6,1,0,45430,1,0,7,1,,0
VF100370,Full,3,46,M,Providencia,S09,Sucursal,6,2,1,30180,1,0,6,1,,0
VF100371,Basico,49,47,M,Las Condes,S10,Sucursal,3,1,0,20840,0,0,8,0,,0
VF100372,Full,44,18,F,Viña del Mar,S04,Campaña RRSS,5,2,0,29790,0,0,7,0,,0
VF100373,Basico,7,38,M,Las Condes,S08,Web,1,0,2,19620,1,0,9,0,,0
VF100374,Basico,6,32,F,Ñuñoa,S05,Sucursal,3,1,0,19790,0,0,10,0,,0
VF100375,Premium,60,33,F,La Florida,S05,Sucursal,13,6,0,45310,1,0,9,0,,0
VF100376,Full,20,16,F,Las Condes,S11,Sucursal,12,4,0,30010,1,0,7,0,,0
VF100377,Full,15,33,M,Vitacura,S10,Campaña RRSS,8,3,1,30370,1,0,7,0,,0
VF100378,Full,18,48,F,La Florida,S12,Sucursal,8,4,0,29600,1,0,8,0,,0
VF100379,Full,36,44,M,Las Condes,S10,Referido,9,3,0,29360,1,0,5,1,,0
VF100380,Basico,10,44,M,La Florida,S05,Referido,4,1,0,20150,1,1,8,1,Poco uso,1
VF100381,Full,16,23,M,San Miguel,S04,App,9,3,1,30520,1,0,5,0,Se cambió de gimnasio,1
VF100382,Basico,29,24,M,Vitacura,S12,Sucursal,5,2,0,18650,1,0,10,0,,0
VF100383,Basico,2,35,M,San Miguel,S10,App,5,1,2,19980,1,1,6,0,,0
VF100384,Basico,2,17,F,Santiago,S08,Web,4,1,0,21260,0,0,6,1,,0
VF100385,Premium,18,40,F,Vitacura,S10,Web,6,3,0,47950,1,1,7,0,,0
VF100386,Full,5,41,M,Temuco,S07,Sucursal,6,2,0,28510,0,0,8,1,Precio,1
VF100387,Full,3,19,F,Vitacura,S07,Referido,1,0,2,28900,1,2,7,0,,0
VF100388,Premium,22,48,F,Santiago,S08,Campaña RRSS,4,1,0,47320,1,0,10,0,,0
VF100389,Basico,15,45,M,Puente Alto,S03,Web,0,0,0,19560,0,4,5,6,Se mudó,1
VF100390,Premium,12,46,M,La Florida,S12,Web,6,1,1,43700,0,0,7,1,,0
VF100391,Basico,18,23,M,Santiago,S10,Referido,4,2,0,18980,0,0,6,0,,0
VF100392,Full,22,24,F,Ñuñoa,S08,Sucursal,8,3,0,29780,0,0,9,0,,0
VF100393,Basico,6,19,F,Providencia,S06,Sucursal,6,2,0,19920,0,0,8,0,,0
VF100394,Basico,8,51,M,San Miguel,S07,Campaña RRSS,3,0,0,19830,0,0,10,0,,0
VF100395,Basico,22,43,M,Puente Alto,S02,App,4,2,0,20390,0,0,7,1,,0
VF100396,Full,52,46,M,Puente Alto,S03,Referido,9,6,0,30740,0,0,5,1,,0
VF100397,Basico,7,22,F,La Florida,S05,Referido,4,1,1,20530,0,0,6,1,,0
VF100398,Full,58,30,F,Las Condes,S07,Referido,11,4,0,31090,0,0,4,0,,0
VF100399,Premium,34,29,F,Maipú,S09,Web,8,5,0,46960,1,0,7,1,Se cambió de gimnasio,1
VF100400,Basico,29,35,F,Santiago,S05,Web,2,1,0,18490,0,0,7,1,,0
VF100401,Basico,57,33,F,Las Condes,S01,Web,0,0,0,19430,1,0,9,7,Precio,1
VF100402,Full,12,54,M,Temuco,S02,App,2,1,0,30160,1,0,7,0,,0
VF100403,Basico,31,42,F,Concepción,S01,Web,3,1,0,19650,1,0,8,1,,0
VF100404,Basico,25,52,M,Providencia,S04,Sucursal,11,7,0,20230,0,0,10,0,,0
VF100405,Premium,6,22,F,Santiago,S07,App,14,8,1,44920,1,1,8,1,,0
VF100406,Full,36,40,M,Ñuñoa,S11,Sucursal,7,2,0,28180,1,1,5,0,,0
VF100407,Basico,13,32,F,Santiago,S01,Sucursal,0,0,0,20140,1,1,5,3,,0
VF100408,Basico,19,22,F,Vitacura,S11,Campaña RRSS,2,1,0,20530,0,0,8,0,,0
VF100409,Basico,26,32,M,San Miguel,S08,Web,5,2,0,21080,1,0,8,0,,0
VF100410,Full,10,22,M,Temuco,S06,Campaña RRSS,9,3,1,30550,1,1,8,0,,0
VF100411,Premium,10,34,F,Temuco,S04,Referido,12,2,0,46430,1,0,6,0,,0
VF100412,Basico,7,28,F,Puente Alto,S10,Campaña RRSS,0,0,0,19780,0,1,7,2,Mala atención,1
VF100413,Premium,39,31,M,Maipú,S08,Referido,11,5,0,46790,1,0,6,0,,0
VF100414,Full,8,50,F,Santiago,S04,Web,11,6,1,31480,0,0,9,1,,0
VF100415,Basico,18,27,M,Maipú,S07,Sucursal,1,0,0,20060,1,0,5,1,Precio,1
VF100416,Premium,19,22,M,Concepción,S12,Referido,11,5,1,45850,0,0,7,0,,0
VF100417,Basico,9,32,F,Las Condes,S11,Web,6,3,1,20110,0,0,4,1,,0
VF100418,Basico,19,21,F,Providencia,S06,Web,0,0,0,20160,1,1,7,3,Se cambió de gimnasio,1
VF100419,Basico,20,38,F,Santiago,S09,App,7,4,0,19690,1,0,9,0,Poco uso,1
VF100420,Basico,37,24,F,Viña del Mar,S10,App,2,1,0,20240,1,1,5,0,,0
VF100421,Basico,11,34,M,Ñuñoa,S05,Campaña RRSS,4,1,0,20540,1,0,9,0,,0
VF100422,Basico,17,17,M,Vitacura,S10,App,0,0,1,19400,1,1,7,4,,0
VF100423,Full,13,37,M,Concepción,S04,App,7,3,0,28580,1,0,9,1,,0
VF100424,Basico,8,16,M,Ñuñoa,S05,Web,2,0,1,19970,1,2,8,0,,0
VF100425,Full,17,27,F,Santiago,S05,Sucursal,7,4,0,29450,1,1,6,1,,0
VF100426,Basico,8,37,F,Concepción,S02,App,1,0,0,20880,1,2,8,0,,0
VF100427,Basico,21,28,M,Las Condes,S08,Sucursal,0,0,0,20380,1,1,9,3,,0
VF100428,Basico,15,19,M,Providencia,S02,App,5,1,0,19440,0,3,3,0,,0
VF100429,Premium,7,37,F,Ñuñoa,S10,Referido,10,2,0,44040,1,0,10,0,,0
VF100430,Premium,35,47,M,Temuco,S04,App,10,4,0,44860,0,0,8,1,,0
VF100431,Full,6,19,F,Puente Alto,S06,Web,6,1,0,30060,0,0,7,1,,0
VF100432,Basico,18,43,M,Providencia,S10,Campaña RRSS,0,0,1,19550,1,1,5,6,,0
VF100433,Full,21,23,M,Santiago,S06,Referido,7,4,2,31020,1,0,7,1,,0
VF100434,Full,38,47,F,Providencia,S12,App,5,2,0,30550,1,1,4,0,,0
VF100435,Full,6,35,M,Maipú,S11,Sucursal,4,1,1,30980,1,0,9,1,,0
VF100436,Full,39,44,F,Puente Alto,S08,Web,12,3,0,31760,1,1,5,1,Se mudó,1
VF100437,Basico,27,36,F,Concepción,S12,Campaña RRSS,7,4,1,20300,0,0,9,1,,0
VF100438,Premium,9,36,F,Temuco,S04,App,14,7,2,46930,0,1,9,1,,0
VF100439,Full,86,16,F,La Florida,S06,Campaña RRSS,1,0,0,29670,0,0,6,1,,0
VF100440,Full,15,32,F,Temuco,S03,Web,8,3,0,30850,0,0,9,0,,0
VF100441,Basico,18,32,F,Santiago,S06,App,0,0,0,21140,0,0,7,4,Precio,1
VF100442,Basico,22,41,F,Maipú,S04,Referido,4,1,2,20240,1,0,10,0,,0
VF100443,Basico,29,44,M,Temuco,S06,Sucursal,5,2,2,20170,0,0,7,1,,0
VF100444,Basico,11,34,F,Ñuñoa,S04,App,4,1,0,21420,1,0,10,1,,0
VF100445,Premium,6,26,F,Viña del Mar,S09,Sucursal,7,1,0,46780,0,0,7,1,,0
VF100446,Basico,35,48,M,Viña del Mar,S08,App,0,0,0,19820,0,4,5,3,Se cambió de gimnasio,1
VF100447,Basico,13,52,F,Temuco,S04,Sucursal,2,1,1,20150,0,0,8,0,Se mudó,1
VF100448,Full,21,39,F,Providencia,S09,App,10,4,1,29440,0,0,10,0,,0
VF100449,Full,21,49,M,San Miguel,S11,Referido,10,3,1,28080,1,1,8,0,,0
VF100450,Basico,7,51,F,Viña del Mar,S04,Sucursal,0,0,0,19450,0,1,9,3,Se mudó,1
VF100451,Premium,23,41,M,San Miguel,S02,Sucursal,8,4,0,45050,1,1,10,0,Se mudó,1
VF100452,Full,24,16,Otro,San Miguel,S01,Sucursal,4,1,0,28520,1,0,5,1,,0
VF100453,Full,10,36,F,San Miguel,S07,App,3,0,0,31170,1,0,10,1,Salud,1
VF100454,Basico,35,43,F,Puente Alto,S02,Referido,6,2,0,19540,1,0,8,0,Precio,1
VF100455,Basico,18,34,F,San Miguel,S05,Web,9,2,0,19490,0,0,7,0,Se mudó,1
VF100456,Basico,13,24,M,Concepción,S05,Web,0,0,0,19780,1,0,7,1,Se mudó,1
VF100457,Full,29,20,F,Vitacura,S03,App,7,3,0,31310,1,0,8,1,,0
VF100458,Basico,2,31,F,La Florida,S09,App,7,3,0,19990,0,1,8,0,,0
VF100459,Premium,39,25,M,Providencia,S08,Referido,3,1,0,45120,1,2,4,0,,0
VF100460,Basico,31,50,F,Puente Alto,S11,Referido,1,0,0,19790,0,2,7,0,,0
VF100461,Basico,21,32,M,Temuco,S04,Sucursal,9,4,1,20790,1,0,5,1,Se cambió de gimnasio,1
VF100462,Premium,34,16,M,Puente Alto,S01,Web,8,1,1,45150,1,0,6,1,,0
VF100463,Full,17,21,F,Viña del Mar,S05,Web,3,1,0,31010,1,0,8,0,Salud,1
VF100464,Premium,6,30,F,Maipú,S10,Sucursal,11,3,0,44870,0,0,5,0,Salud,1
VF100465,Basico,10,31,F,Providencia,S10,Sucursal,3,0,0,19550,1,0,7,1,,0
VF100466,Full,10,30,F,Providencia,S11,Web,6,3,0,29310,1,0,4,0,,0
VF100467,Full,22,31,F,Las Condes,S11,App,12,6,0,29830,1,0,9,1,,0
VF100468,Premium,96,16,F,Santiago,S01,Web,6,2,1,45120,0,0,10,0,,0
VF100469,Basico,3,49,F,Providencia,S06,Web,2,0,1,19910,1,1,7,1,,0
VF100470,Full,30,50,M,Providencia,S06,App,15,7,1,30070,1,1,7,1,Se cambió de gimnasio,1
VF100471,Premium,16,23,F,San Miguel,S03,Web,10,2,0,45450,1,0,6,0,,0
VF100472,Full,22,41,M,Las Condes,S05,Referido,8,3,0,29520,0,0,6,1,,0
VF100473,Basico,21,35,F,Vitacura,S02,App,0,0,0,20990,0,1,4,6,,0
VF100474,Full,23,64,F,La Florida,S05,Web,5,1,0,29830,1,1,7,0,,0
VF100475,Basico,39,16,M,La Florida,S05,App,1,0,1,20510,1,2,2,0,,0
VF100476,Basico,7,34,F,Viña del Mar,S01,App,5,1,1,19650,1,0,7,0,,0
VF100477,Basico,9,24,M,Santiago,S07,Sucursal,2,0,0,20700,0,0,7,1,,0
VF100478,Full,4,34,M,Vitacura,S03,Web,11,2,0,30260,1,0,10,1,,0
VF100479,Full,15,23,F,Puente Alto,S03,Campaña RRSS,6,1,1,31930,1,0,8,1,,0
VF100480,Full,8,34,F,Santiago,S06,Web,2,0,0,28910,1,2,6,0,,0
VF100481,Full,21,41,F,Puente Alto,S06,Sucursal,4,1,1,30500,0,0,8,0,,0
VF100482,Basico,51,31,F,Viña del Mar,S04,Web,1,0,0,20310,0,1,5,0,,0
VF100483,Basico,11,19,F,Concepción,S06,Campaña RRSS,1,0,0,20000,0,1,7,0,Mala atención,1
VF100484,Premium,24,37,M,Ñuñoa,S05,Campaña RRSS,13,5,0,45410,1,0,9,0,,0
VF100485,Premium,28,33,M,Las Condes,S09,App,13,7,0,45450,0,0,7,0,,0
VF100486,Full,18,34,M,Temuco,S12,App,5,2,0,30150,1,0,9,0,,0
VF100487,Full,28,37,F,Maipú,S05,Sucursal,12,7,0,28890,1,0,7,0,,0
VF100488,Basico,7,47,F,Ñuñoa,S07,Sucursal,6,2,0,20250,1,0,10,0,,0
VF100489,Basico,27,36,F,Puente Alto,S05,App,9,2,0,19760,1,1,3,0,Mala atención,1
VF100490,Basico,28,23,F,Viña del Mar,S11,App,7,2,0,19380,0,1,8,0,,0
VF100491,Premium,22,27,M,Las Condes,S05,Web,6,2,0,47460,1,0,7,1,,0
VF100492,Full,24,31,Otro,Santiago,S02,App,5,3,0,29130,0,2,5,0,,0
VF100493,Full,5,29,M,Viña del Mar,S07,App,7,4,0,28630,1,0,8,0,,0
VF100494,Premium,6,30,Otro,Concepción,S02,Sucursal,13,2,0,46430,1,1,10,1,Se cambió de gimnasio,1
VF100495,Premium,22,42,Otro,Ñuñoa,S12,Sucursal,8,2,1,43280,1,0,6,1,,0
VF100496,Premium,42,37,M,Puente Alto,S10,Campaña RRSS,5,3,3,45030,1,0,8,1,,0
VF100497,Basico,17,46,F,Vitacura,S06,Sucursal,0,0,0,20220,1,0,8,2,,0
VF100498,Full,26,33,F,Temuco,S06,Web,4,1,0,29330,1,0,8,0,,0
VF100499,Full,24,56,F,San Miguel,S02,Referido,4,1,0,29160,0,0,5,0,,0
VF100500,Full,31,16,F,Temuco,S12,Web,7,1,3,30710,1,0,10,1,,0
VF100501,Full,22,48,M,Vitacura,S07,Referido,7,1,1,31210,1,0,8,1,,0
VF100502,Full,5,32,M,Viña del Mar,S02,Campaña RRSS,2,0,1,31100,1,0,7,0,Se mudó,1
VF100503,Basico,12,36,M,Temuco,S05,App,0,0,0,19830,1,1,6,3,Poco uso,1
VF100504,Premium,9,37,M,Viña del Mar,S11,Sucursal,11,7,0,45190,0,0,4,0,,0
VF100505,Premium,17,20,M,Santiago,S07,App,8,3,1,46570,1,0,6,1,,0
VF100506,Basico,14,31,M,Temuco,S04,Sucursal,4,2,0,19520,0,0,8,1,,0
VF100507,Basico,21,52,F,Temuco,S05,Referido,0,0,1,20350,0,3,8,4,Poco uso,1
VF100508,Full,13,17,M,Vitacura,S06,Web,10,2,0,28680,0,0,9,0,Salud,1
VF100509,Basico,36,23,F,Temuco,S07,Web,5,2,0,19570,1,0,10,0,,0
VF100510,Full,14,35,M,San Miguel,S10,Web,3,0,3,29980,0,1,7,1,,0
VF100511,Basico,13,16,F,Viña del Mar,S02,App,5,2,1,19790,0,0,9,0,Se mudó,1
VF100512,Basico,15,41,M,San Miguel,S08,App,5,3,0,19810,0,0,9,1,,0
VF100513,Full,12,35,F,Santiago,S11,Web,6,1,0,29200,1,0,10,1,,0
VF100514,Full,9,16,M,Ñuñoa,S10,Referido,2,0,0,30510,1,0,7,1,,0
VF100515,Basico,16,72,F,Providencia,S08,Web,4,1,2,20410,1,0,10,0,,0
VF100516,Basico,25,43,F,Santiago,S01,App,1,0,1,19400,0,0,5,0,,0
VF100517,Full,12,23,M,Providencia,S03,Referido,8,3,0,30130,1,0,4,0,,0
VF100518,Basico,37,43,M,Ñuñoa,S08,App,9,3,0,20820,1,2,5,0,,0
VF100519,Basico,20,30,F,Las Condes,S10,Web,2,0,1,20130,1,3,6,1,Precio,1
VF100520,Basico,3,23,F,San Miguel,S01,Web,3,1,0,19700,0,2,4,0,Salud,1
VF100521,Basico,29,38,F,Temuco,S04,Web,6,3,1,19890,0,0,5,1,,0
VF100522,Basico,4,20,M,Ñuñoa,S03,Web,5,3,2,20060,0,1,5,0,,0
VF100523,Premium,20,44,F,Las Condes,S05,Sucursal,15,5,0,46680,1,0,8,0,,0
VF100524,Basico,34,24,F,Las Condes,S03,Web,2,0,1,20640,1,0,5,1,,0
VF100525,Basico,18,59,F,Las Condes,S11,Web,5,3,0,20220,0,0,8,1,,0
VF100526,Basico,21,25,M,La Florida,S05,App,0,0,1,20500,0,0,8,5,,0
VF100527,Full,4,57,M,Ñuñoa,S08,Web,5,1,0,29980,0,2,3,0,,0
VF100528,Full,23,54,M,La Florida,S11,Campaña RRSS,4,1,0,29680,1,0,9,1,Poco uso,1
VF100529,Full,12,40,M,Providencia,S03,App,3,1,1,29900,1,0,8,0,,0
VF100530,Basico,19,37,F,Ñuñoa,S07,Referido,5,1,0,20100,1,0,10,1,,0
VF100531,Basico,36,37,M,Vitacura,S12,Web,0,0,0,19370,0,2,4,7,Mala atención,1
VF100532,Basico,67,51,F,Viña del Mar,S09,Sucursal,4,0,0,18740,0,1,6,1,,0
VF100533,Full,23,16,M,Vitacura,S01,Sucursal,8,2,1,30430,1,0,10,0,,0
VF100534,Premium,20,50,F,Temuco,S02,Campaña RRSS,9,3,0,46470,1,0,7,0,,0
VF100535,Basico,30,47,M,Temuco,S01,Sucursal,5,2,0,20170,0,0,6,0,,0
VF100536,Basico,6,40,F,Vitacura,S10,Referido,3,1,1,19750,1,2,8,1,Se cambió de gimnasio,1
VF100537,Full,12,47,M,Vitacura,S03,Referido,5,3,1,29390,1,0,9,0,,0
VF100538,Basico,9,16,F,Puente Alto,S11,Referido,5,2,0,20000,1,0,5,1,Poco uso,1
VF100539,Full,46,41,M,Temuco,S03,Sucursal,11,2,0,30630,0,1,8,0,,0
VF100540,Basico,14,16,F,Ñuñoa,S05,Campaña RRSS,3,1,0,18990,1,0,8,1,,0
VF100541,Full,43,43,F,La Florida,S02,App,21,14,0,29050,1,0,8,0,,0
VF100542,Basico,23,16,M,Vitacura,S04,Campaña RRSS,4,2,0,18230,1,0,10,0,,0
VF100543,Basico,16,50,M,Providencia,S06,Web,1,0,0,20640,0,1,8,0,Se mudó,1
VF100544,Basico,14,36,M,Puente Alto,S01,Referido,2,1,1,20110,1,1,6,1,Se mudó,1
VF100545,Basico,24,47,M,Concepción,S01,Web,2,0,0,20250,1,2,3,0,Se mudó,1
VF100546,Premium,30,26,M,Ñuñoa,S11,Web,13,7,0,49220,0,0,10,0,,0
VF100547,Full,5,50,M,Santiago,S08,Referido,8,1,0,30250,1,0,9,1,Mala atención,1
VF100548,Premium,11,16,F,Viña del Mar,S02,Web,11,7,1,44090,0,0,2,0,,0
VF100549,Basico,30,27,Otro,Ñuñoa,S07,App,2,0,0,20080,1,1,8,1,,0
VF100550,Basico,22,21,F,Puente Alto,S09,Referido,6,3,0,19310,0,0,10,1,,0
VF100551,Full,23,24,F,Temuco,S02,Web,9,4,1,31140,0,0,10,1,,0
VF100552,Premium,12,57,M,Ñuñoa,S01,Web,7,3,1,45110,0,1,6,1,Precio,1
VF100553,Full,45,46,F,La Florida,S02,App,13,5,0,29580,1,0,10,0,,0
VF100554,Basico,27,31,F,Providencia,S01,Web,2,0,0,19970,1,0,8,1,,0
VF100555,Basico,18,42,F,San Miguel,S01,Sucursal,1,0,0,19630,1,2,6,1,Precio,1
VF100556,Basico,25,21,F,Maipú,S08,App,4,0,1,19550,0,0,5,1,,0
VF100557,Basico,13,37,M,Santiago,S06,Campaña RRSS,4,1,0,19710,1,0,9,1,,0
VF100558,Full,18,47,M,Providencia,S05,Sucursal,10,4,0,30340,1,0,5,0,,0
VF100559,Full,7,52,F,Ñuñoa,S11,App,7,4,2,30740,1,1,4,1,Se mudó,1
VF100560,Full,9,39,F,Concepción,S05,Sucursal,3,1,2,30550,0,0,3,1,,0
VF100561,Basico,14,23,M,Concepción,S09,App,2,0,0,20570,1,0,7,0,,0
VF100562,Basico,18,27,M,Ñuñoa,S08,Campaña RRSS,0,0,0,20340,0,2,7,2,Se cambió de gimnasio,1
VF100563,Full,5,32,F,Vitacura,S10,App,5,1,0,29570,0,1,8,0,Se mudó,1
VF100564,Basico,27,48,F,Santiago,S10,Web,4,1,0,20980,1,0,10,0,,0
VF100565,Full,17,45,M,La Florida,S10,App,4,2,0,28110,0,0,8,1,,0
VF100566,Basico,13,23,M,Ñuñoa,S09,App,3,0,1,21060,0,0,7,0,,0
VF100567,Basico,42,16,M,Santiago,S06,Sucursal,0,0,0,19900,1,1,7,6,,0
VF100568,Basico,30,22,M,Providencia,S07,Sucursal,1,0,0,20670,0,3,8,1,,0
VF100569,Basico,14,44,F,Las Condes,S06,App,6,3,0,19490,1,0,7,1,,0
VF100570,Basico,11,27,M,Las Condes,S09,App,8,4,0,19980,0,0,7,1,,0
VF100571,Full,9,39,F,Puente Alto,S04,Web,7,3,1,28420,1,0,10,1,,0
VF100572,Basico,17,42,M,Providencia,S04,App,5,2,2,19910,1,0,8,1,,0
VF100573,Basico,29,44,M,Concepción,S05,Web,7,2,0,20000,1,1,6,1,,0
VF100574,Basico,44,60,M,Puente Alto,S08,Referido,0,0,0,18450,1,4,5,5,Precio,1
VF100575,Full,5,19,F,Viña del Mar,S11,Sucursal,3,0,0,30990,1,0,8,0,Mala atención,1
VF100576,Premium,67,44,M,Maipú,S02,App,13,8,1,47680,1,0,8,1,,0
VF100577,Full,56,33,F,Temuco,S09,Sucursal,6,1,0,28910,0,0,6,0,,0
VF100578,Full,7,35,M,Temuco,S06,App,5,1,0,28850,0,1,7,0,,0
VF100579,Premium,17,41,F,La Florida,S11,Web,11,6,1,45560,0,0,9,0,,0
VF100580,Full,12,38,F,Providencia,S10,App,4,0,1,27410,1,0,10,1,,0
VF100581,Full,43,41,F,La Florida,S08,Web,9,1,0,30330,1,1,6,1,,0
VF100582,Full,25,51,F,Vitacura,S12,Campaña RRSS,10,6,0,29140,0,1,4,0,Se cambió de gimnasio,1
VF100583,Full,16,35,F,La Florida,S10,Campaña RRSS,6,2,0,29160,0,0,9,1,,0
VF100584,Full,16,47,F,Viña del Mar,S01,Campaña RRSS,2,0,0,29800,1,2,8,0,Salud,1
VF100585,Premium,7,43,F,Maipú,S02,Sucursal,9,4,0,44670,1,0,4,1,,0
VF100586,Full,5,61,F,Temuco,S02,Sucursal,7,2,0,29840,1,1,8,1,,0
VF100587,Basico,12,39,M,Puente Alto,S03,Web,1,0,0,19590,1,0,10,1,,0
VF100588,Basico,31,27,F,Concepción,S01,Sucursal,0,0,0,20540,0,2,7,5,Se mudó,1
VF100589,Basico,53,34,M,Vitacura,S04,Web,5,1,1,18990,1,0,9,0,,0
VF100590,Premium,8,36,F,Vitacura,S02,Referido,10,3,0,45230,1,0,5,1,,0
VF100591,Premium,6,51,M,San Miguel,S02,Web,7,2,1,45590,1,1,10,1,,0
VF100592,Full,23,29,F,Ñuñoa,S03,Web,4,1,0,30220,1,0,9,1,,0
VF100593,Premium,24,29,F,Viña del Mar,S10,Web,12,5,0,44710,1,0,8,1,,0
VF100594,Basico,26,31,M,Las Condes,S05,Campaña RRSS,4,2,0,20720,0,0,9,0,,0
VF100595,Basico,8,16,F,San Miguel,S06,App,4,1,0,20370,1,0,10,0,,0
VF100596,Full,13,28,F,Las Condes,S03,Web,1,0,0,29780,1,1,7,1,Se mudó,1
VF100597,Basico,22,28,F,Santiago,S04,Referido,6,3,0,20420,0,0,8,0,,0
VF100598,Full,30,26,F,Las Condes,S08,Campaña RRSS,9,5,1,28250,1,0,7,0,,0
VF100599,Full,34,50,M,Maipú,S05,Referido,7,1,1,30620,1,2,6,0,,0
VF100600,Basico,6,38,M,La Florida,S02,Web,2,1,0,21020,0,1,5,0,,0
VF100601,Premium,32,16,M,Ñuñoa,S02,Referido,7,2,0,47810,1,0,2,0,,0
VF100602,Basico,30,30,Otro,La Florida,S04,Referido,1,0,0,19600,0,1,5,1,Poco uso,1
VF100603,Basico,11,52,M,Las Condes,S01,Sucursal,1,0,1,19150,0,1,10,0,Salud,1
VF100604,Basico,18,34,F,Providencia,S05,App,3,1,0,19310,1,0,7,1,,0
VF100605,Basico,17,20,M,Temuco,S05,Web,5,1,1,19710,1,0,8,1,,0
VF100606,Basico,20,27,M,Maipú,S09,Sucursal,6,3,1,20020,0,0,9,1,,0
VF100607,Basico,5,20,F,Providencia,S04,App,3,1,1,19990,0,0,4,0,,0
VF100608,Basico,14,16,M,Santiago,S12,Web,5,3,0,20390,0,0,7,0,,0
VF100609,Basico,7,45,M,San Miguel,S02,Referido,9,4,1,19000,0,0,6,1,,0
VF100610,Premium,24,33,F,Santiago,S12,Web,8,2,1,47800,1,2,7,0,,0
VF100611,Basico,11,16,F,Viña del Mar,S05,Sucursal,4,2,0,19850,0,1,6,1,Poco uso,1
VF100612,Full,35,45,F,Concepción,S06,Sucursal,5,3,0,30470,1,1,5,0,,0
VF100613,Premium,19,30,F,Vitacura,S11,Web,9,4,0,44490,1,0,10,0,,0
VF100614,Full,55,19,F,Puente Alto,S12,Sucursal,4,2,0,29540,1,0,10,1,,0
VF100615,Basico,17,27,F,Puente Alto,S05,App,6,1,0,20090,1,0,10,0,,0
VF100616,Basico,32,28,M,Concepción,S03,App,5,3,0,20850,1,0,10,1,,0
VF100617,Full,15,40,M,La Florida,S08,Campaña RRSS,7,2,0,29170,1,0,4,0,,0
VF100618,Full,19,26,F,Puente Alto,S05,Web,5,3,0,30170,1,0,7,1,,0
VF100619,Basico,38,21,F,Vitacura,S11,Sucursal,3,2,0,20800,1,1,8,0,,0
VF100620,Basico,18,52,F,Puente Alto,S09,Campaña RRSS,5,3,0,19980,1,0,9,0,,0
VF100621,Basico,75,54,M,La Florida,S03,Web,2,0,1,18540,0,3,5,1,,0
VF100622,Basico,21,30,F,Temuco,S12,Referido,1,0,0,19520,0,2,8,1,Salud,1
VF100623,Full,11,37,F,Santiago,S03,Web,5,1,0,30380,1,0,8,1,,0
VF100624,Full,2,49,F,Temuco,S08,App,8,2,1,28820,0,1,10,0,Mala atención,1
VF100625,Full,5,39,Otro,Temuco,S01,Web,4,1,0,30950,1,1,2,1,,0
VF100626,Full,5,16,F,Ñuñoa,S10,Sucursal,7,2,0,30870,0,1,3,0,Poco uso,1
VF100627,Full,14,44,F,Ñuñoa,S06,App,7,2,0,29700,0,1,7,1,,0
VF100628,Basico,26,17,F,Santiago,S09,Sucursal,3,1,0,20190,0,0,7,0,Se mudó,1
VF100629,Full,12,38,F,Maipú,S03,Sucursal,3,1,0,29880,1,1,10,1,Se mudó,1
VF100630,Premium,27,28,F,Vitacura,S11,Campaña RRSS,7,3,1,45940,1,1,9,0,,0
VF100631,Premium,3,39,F,Viña del Mar,S02,Sucursal,10,3,1,45180,1,0,7,0,Precio,1
VF100632,Premium,8,19,F,San Miguel,S01,Sucursal,9,4,1,46600,1,0,8,1,Se mudó,1
VF100633,Full,38,46,M,Vitacura,S07,Sucursal,6,3,0,29470,0,1,5,1,Se mudó,1
VF100634,Premium,25,32,M,Santiago,S04,Web,8,5,1,45770,0,0,10,1,,0
VF100635,Basico,6,76,F,Concepción,S09,App,4,2,0,19970,1,1,5,1,Se cambió de gimnasio,1
VF100636,Full,14,26,F,San Miguel,S11,Campaña RRSS,4,1,0,31160,1,1,10,0,,0
VF100637,Premium,44,28,M,Santiago,S09,App,6,1,1,46180,1,0,5,0,,0
VF100638,Full,51,26,M,Concepción,S02,Web,6,2,0,30720,0,0,7,0,,0
VF100639,Basico,8,39,M,San Miguel,S07,App,0,0,0,19210,1,0,6,1,,0
VF100640,Full,13,36,F,Vitacura,S03,Web,5,2,1,30290,1,0,9,0,,0
VF100641,Basico,21,32,F,Temuco,S07,Web,0,0,0,20060,0,2,5,5,Se mudó,1
VF100642,Basico,20,24,F,Temuco,S03,Web,5,2,0,20410,0,1,7,0,,0
VF100643,Basico,23,20,F,Puente Alto,S02,App,2,1,1,21250,1,2,8,1,Precio,1
VF100644,Full,8,29,M,Puente Alto,S02,Referido,5,2,0,28950,1,1,6,0,,0
VF100645,Premium,12,37,M,Temuco,S01,Referido,11,4,0,45370,0,0,9,1,,0
VF100646,Basico,53,16,F,La Florida,S09,Web,5,2,1,19650,0,0,5,1,,0
VF100647,Basico,12,36,M,Viña del Mar,S07,App,4,0,2,20160,0,0,6,1,,0
VF100648,Premium,23,22,F,Providencia,S08,Sucursal,7,2,0,44060,1,0,10,0,,0
VF100649,Premium,5,24,M,Santiago,S11,Campaña RRSS,6,1,0,46410,1,0,9,0,,0
VF100650,Basico,26,50,M,Viña del Mar,S11,Web,7,1,0,19150,1,0,7,0,,0
VF100651,Full,29,43,F,Vitacura,S06,App,9,2,1,30960,1,1,8,1,Se mudó,1
VF100652,Full,24,47,F,San Miguel,S05,App,4,2,0,32040,1,0,8,0,Mala atención,1
VF100653,Premium,10,37,M,Santiago,S03,Web,13,7,0,42390,0,0,10,0,,0
VF100654,Full,79,37,M,Santiago,S12,Sucursal,8,2,0,30300,1,0,9,0,,0
VF100655,Premium,31,45,F,Puente Alto,S10,Sucursal,8,5,0,47040,1,0,7,0,,0
VF100656,Full,19,42,F,Providencia,S03,Web,5,1,1,28830,1,1,7,1,,0
VF100657,Full,20,65,M,Providencia,S05,Campaña RRSS,0,0,0,28920,0,0,10,4,Se mudó,1
VF100658,Full,10,48,M,Puente Alto,S04,Campaña RRSS,4,1,0,29620,1,0,7,0,,0
VF100659,Basico,11,28,F,Ñuñoa,S08,Sucursal,0,0,0,19050,0,2,8,6,Se mudó,1
VF100660,Full,16,35,F,Concepción,S09,App,10,5,1,29310,1,0,7,1,,0
VF100661,Basico,12,34,F,Santiago,S08,Web,2,1,0,20410,0,3,3,1,Precio,1
VF100662,Basico,8,40,M,Vitacura,S01,Sucursal,2,1,0,18930,0,1,10,1,,0
VF100663,Basico,27,44,F,Providencia,S11,App,7,2,1,19730,1,0,6,0,,0
VF100664,Full,7,20,M,Providencia,S11,Sucursal,14,6,0,29480,1,0,7,0,,0
VF100665,Full,13,60,F,Temuco,S09,App,5,2,1,30830,1,0,7,1,,0
VF100666,Full,4,41,M,La Florida,S04,Campaña RRSS,6,1,0,29610,1,0,7,0,,0
VF100667,Basico,7,45,M,Santiago,S07,App,0,0,0,20220,1,0,9,3,Salud,1
VF100668,Full,4,19,M,Santiago,S06,App,8,4,0,29740,1,0,5,0,,0
VF100669,Full,52,40,M,San Miguel,S05,Sucursal,7,3,1,30150,0,0,9,0,,0
VF100670,Basico,9,27,F,Santiago,S07,App,2,1,1,20090,0,2,2,0,Se cambió de gimnasio,1
VF100671,Full,14,36,F,Concepción,S07,Campaña RRSS,6,3,1,29470,1,1,9,1,,0
VF100672,Full,11,35,M,Santiago,S07,Referido,9,6,0,28900,0,0,8,0,,0
VF100673,Full,22,44,M,Ñuñoa,S07,App,6,4,1,29730,1,0,10,1,,0
VF100674,Full,14,26,M,Temuco,S12,Web,8,2,0,30360,1,0,7,0,,0
VF100675,Basico,3,37,M,San Miguel,S04,Sucursal,0,0,0,19840,0,2,8,4,Se mudó,1
VF100676,Premium,7,32,F,La Florida,S08,App,7,3,0,46140,1,1,8,1,,0
VF100677,Full,25,16,M,Maipú,S06,Referido,8,2,0,30220,1,1,5,1,,0
VF100678,Full,20,30,M,Santiago,S05,App,4,2,0,30950,1,1,9,0,Se cambió de gimnasio,1
VF100679,Basico,9,32,F,Las Condes,S08,Web,0,0,0,19670,0,2,4,5,Se mudó,1
VF100680,Full,16,45,F,Vitacura,S03,Web,4,0,1,31520,1,1,8,0,,0
VF100681,Full,3,34,M,Viña del Mar,S09,Sucursal,14,6,0,30120,1,0,10,0,,0
VF100682,Full,22,16,F,San Miguel,S03,Sucursal,6,1,0,30840,1,0,7,0,,0
VF100683,Basico,29,41,F,Santiago,S03,Web,4,2,0,20220,1,1,8,1,,0
VF100684,Full,33,44,F,Puente Alto,S06,Campaña RRSS,4,2,1,30060,1,0,10,1,,0
VF100685,Basico,24,39,M,La Florida,S10,Referido,4,1,0,19440,1,0,10,1,,0
VF100686,Premium,13,16,F,Santiago,S05,Web,13,4,0,44910,1,0,10,0,,0
VF100687,Basico,16,37,M,San Miguel,S03,Web,5,2,0,18660,1,0,8,0,,0
VF100688,Full,16,31,M,Las Condes,S02,Sucursal,4,2,0,29210,1,0,6,1,,0
VF100689,Basico,14,28,F,Providencia,S11,Sucursal,7,2,0,19880,0,0,6,0,Poco uso,1
VF100690,Full,12,28,M,San Miguel,S08,Sucursal,4,0,1,30700,1,0,8,1,,0
VF100691,Basico,21,55,F,Temuco,S06,Referido,4,1,0,18940,0,0,10,1,Salud,1
VF100692,Full,10,18,M,Las Condes,S01,Sucursal,5,3,0,30390,1,0,10,0,,0
VF100693,Basico,16,20,F,Vitacura,S05,Campaña RRSS,1,0,0,20110,0,2,8,1,,0
VF100694,Basico,29,51,M,Vitacura,S03,Referido,4,1,0,19990,1,0,10,1,,0
VF100695,Full,10,36,M,Viña del Mar,S05,Web,6,2,1,28180,1,0,10,1,,0
VF100696,Full,2,32,M,Temuco,S01,App,8,3,1,29360,0,1,10,0,Se mudó,1
VF100697,Basico,6,34,F,Concepción,S01,Campaña RRSS,7,1,0,21210,1,0,9,1,,0
VF100698,Basico,11,42,M,Maipú,S02,Campaña RRSS,5,1,0,19810,0,0,6,0,,0
VF100699,Full,36,46,M,Viña del Mar,S07,Campaña RRSS,8,2,1,30320,0,0,6,0,,0
VF100700,Full,5,16,F,La Florida,S03,Web,7,2,0,29640,0,1,7,0,,0
VF100701,Full,19,30,F,Providencia,S01,Sucursal,2,1,2,29580,1,0,10,1,Precio,1
VF100702,Full,11,16,F,Concepción,S06,App,8,3,0,28580,1,0,7,1,,0
VF100703,Basico,7,44,F,Temuco,S01,App,8,3,2,19900,0,0,8,0,,0
VF100704,Full,9,28,M,Temuco,S12,Sucursal,8,5,1,30230,1,0,9,1,,0
VF100705,Basico,9,42,F,Temuco,S07,Web,4,2,1,19910,0,0,4,0,,0
VF100706,Full,11,23,F,Las Condes,S08,Web,8,2,0,31030,1,1,5,1,,0
VF100707,Full,33,47,M,La Florida,S11,Sucursal,4,2,1,30560,1,1,7,1,,0
VF100708,Basico,25,26,F,Puente Alto,S09,Campaña RRSS,1,0,1,20060,0,0,8,0,,0
VF100709,Full,13,27,F,La Florida,S12,Web,6,3,0,30280,1,2,4,1,Precio,1
VF100710,Full,45,44,F,Maipú,S08,Referido,4,1,0,28480,1,0,7,1,,0
VF100711,Basico,6,24,M,Viña del Mar,S08,Sucursal,1,0,0,20610,0,0,7,1,Mala atención,1
VF100712,Basico,8,16,F,Ñuñoa,S09,Referido,0,0,1,19810,0,4,5,3,Se cambió de gimnasio,1
VF100713,Basico,13,38,F,La Florida,S07,App,4,1,0,19290,1,0,9,1,,0
VF100714,Basico,59,34,F,Puente Alto,S05,Web,3,0,0,20710,0,1,7,0,Poco uso,1
VF100715,Basico,9,30,F,Puente Alto,S04,Sucursal,5,2,1,19210,1,0,7,1,,0
VF100716,Premium,19,32,M,Ñuñoa,S01,Web,15,4,1,45680,1,0,7,0,,0
VF100717,Full,10,36,F,Ñuñoa,S05,Web,7,4,0,28510,1,1,5,0,Salud,1
VF100718,Basico,18,62,M,La Florida,S11,Sucursal,8,2,0,20060,0,0,6,1,,0
VF100719,Basico,13,26,F,La Florida,S10,Sucursal,2,0,1,19800,0,2,6,0,Se mudó,1
VF100720,Basico,39,29,F,Concepción,S01,App,9,5,0,20520,1,1,9,1,,0
VF100721,Full,36,16,F,Viña del Mar,S11,App,5,2,0,28950,0,0,8,1,,0
VF100722,Premium,6,33,M,Puente Alto,S02,Referido,9,4,0,46180,0,0,5,0,,0
VF100723,Basico,9,39,M,San Miguel,S03,Web,0,0,0,20440,0,2,4,3,Se mudó,1
VF100724,Full,10,42,F,Ñuñoa,S01,Sucursal,5,2,0,30560,1,0,8,1,,0
VF100725,Premium,6,50,F,Concepción,S05,Sucursal,10,2,0,45410,1,0,8,0,,0
VF100726,Basico,27,16,M,Concepción,S09,Web,1,0,0,20290,0,1,7,0,,0
VF100727,Basico,16,44,F,San Miguel,S03,Sucursal,2,0,0,19900,0,1,5,0,,0
VF100728,Full,15,18,M,Puente Alto,S10,Web,5,1,0,31330,1,0,8,0,,0
VF100729,Premium,7,32,M,Maipú,S09,Web,8,3,0,47340,1,1,7,0,,0
VF100730,Basico,19,34,M,Puente Alto,S10,App,5,2,0,20540,0,0,9,1,,0
VF100731,Basico,10,18,F,San Miguel,S06,Web,5,3,0,20170,0,1,3,0,Se cambió de gimnasio,1
VF100732,Full,21,33,F,Vitacura,S08,Web,10,3,1,31900,1,0,6,0,,0
VF100733,Full,19,49,M,Temuco,S12,Web,9,3,0,29870,1,0,9,1,,0
VF100734,Premium,18,40,F,Maipú,S10,Sucursal,5,3,0,44570,1,0,5,0,,0
VF100735,Full,24,48,Otro,Viña del Mar,S01,App,3,0,1,30100,0,1,6,0,,0
VF100736,Basico,10,16,F,Temuco,S04,Web,2,0,0,20630,0,2,5,0,Precio,1
VF100737,Full,20,25,M,Puente Alto,S05,Referido,7,1,0,30370,1,1,10,1,,0
VF100738,Basico,33,42,M,Puente Alto,S06,App,2,0,1,21140,0,1,9,0,,0
VF100739,Full,7,28,F,Temuco,S06,Referido,13,7,1,29340,1,0,8,0,,0
VF100740,Full,25,16,F,Concepción,S09,Campaña RRSS,6,3,0,30580,1,1,7,1,,0
VF100741,Basico,8,38,M,Concepción,S05,Web,5,1,0,19650,0,1,6,1,,0
VF100742,Premium,3,44,M,Puente Alto,S02,Web,10,6,1,44630,1,0,8,1,,0
VF100743,Full,43,28,M,Santiago,S03,Web,7,3,0,29190,1,1,10,0,,0
VF100744,Basico,39,48,M,Ñuñoa,S02,Referido,5,1,0,20080,0,1,2,1,,0
VF100745,Basico,27,31,F,Santiago,S03,Referido,3,1,1,20700,1,0,3,1,,0
VF100746,Basico,31,52,M,Providencia,S11,Campaña RRSS,0,0,1,20260,1,0,8,1,,0
VF100747,Basico,42,16,F,Providencia,S01,Campaña RRSS,5,2,0,20110,0,0,8,0,,0
VF100748,Full,12,37,F,La Florida,S03,Web,6,2,0,30690,0,0,10,0,,0
VF100749,Basico,28,16,F,Providencia,S05,Sucursal,2,1,0,19810,1,1,7,1,,0
VF100750,Full,42,42,F,La Florida,S02,App,7,4,2,29940,1,1,10,0,,0
VF100751,Full,51,41,M,Viña del Mar,S03,Web,8,2,0,30240,0,0,8,1,,0
VF100752,Basico,19,29,M,La Florida,S07,Sucursal,0,0,0,19340,0,0,7,7,Se mudó,1
VF100753,Full,16,30,M,Ñuñoa,S03,Sucursal,8,5,1,31230,1,0,9,0,,0
VF100754,Basico,18,34,M,San Miguel,S07,Sucursal,5,1,0,20350,1,0,4,1,,0
VF100755,Premium,10,26,M,Concepción,S12,App,16,7,0,46920,0,0,8,0,,0
VF100756,Basico,34,24,M,La Florida,S01,App,1,0,0,20610,1,0,10,0,,0
VF100757,Premium,33,36,F,Providencia,S10,Web,12,7,0,47520,1,0,5,1,,0
VF100758,Premium,8,41,F,Maipú,S04,App,9,4,1,44400,0,1,6,1,Poco uso,1
VF100759,Premium,20,35,M,Maipú,S07,Sucursal,9,5,1,44850,1,0,9,1,,0
VF100760,Full,6,27,F,Concepción,S04,Web,11,4,0,28920,1,0,10,1,,0
VF100761,Full,14,37,M,Ñuñoa,S12,Web,7,4,1,31180,1,0,5,1,Se mudó,1
VF100762,Basico,9,43,F,Santiago,S08,Referido,5,3,1,20020,0,1,8,1,,0
VF100763,Full,35,42,M,Las Condes,S05,Campaña RRSS,5,2,0,29690,1,0,10,0,,0
VF100764,Basico,8,26,M,Concepción,S03,Referido,1,0,2,19750,1,1,8,0,Se cambió de gimnasio,1
VF100765,Full,15,30,F,Maipú,S11,Web,7,4,1,29640,1,0,6,0,,0
VF100766,Full,45,18,M,Puente Alto,S11,Web,7,3,0,29300,1,0,3,1,,0
VF100767,Basico,25,34,F,Maipú,S02,Sucursal,4,1,1,19060,0,0,6,1,,0
VF100768,Full,5,25,M,Vitacura,S11,Campaña RRSS,7,4,1,30800,1,0,7,0,,0
VF100769,Basico,34,32,M,Vitacura,S12,Web,7,3,0,19300,0,0,10,1,,0
VF100770,Full,23,34,F,Santiago,S09,Referido,9,5,0,30100,0,0,4,0,,0
VF100771,Premium,31,27,F,Vitacura,S04,Web,13,6,1,47430,1,0,10,0,,0
VF100772,Basico,3,33,M,Viña del Mar,S11,Campaña RRSS,5,2,1,20730,0,0,7,1,,0
VF100773,Basico,11,43,F,Ñuñoa,S09,Web,5,2,1,20160,1,0,6,0,,0
VF100774,Basico,14,41,F,Vitacura,S04,Web,1,0,1,19920,0,3,5,0,,0
VF100775,Basico,16,40,F,Puente Alto,S01,Web,5,1,1,19220,0,1,7,1,,0
VF100776,Basico,33,24,M,Las Condes,S05,Campaña RRSS,0,0,0,20140,0,3,7,6,,0
VF100777,Full,27,16,M,Vitacura,S07,Web,3,0,3,30490,1,0,8,1,,0
VF100778,Full,28,29,M,Providencia,S05,Sucursal,4,2,0,29780,1,0,9,0,,0
VF100779,Basico,12,37,M,Santiago,S09,App,3,1,1,19620,1,0,6,1,Se cambió de gimnasio,1
VF100780,Full,4,51,F,Temuco,S02,Sucursal,6,2,0,29710,1,0,8,1,,0
VF100781,Full,11,36,M,La Florida,S06,Referido,5,2,1,29030,1,1,9,1,,0
VF100782,Basico,11,43,M,Las Condes,S01,App,4,2,0,19150,1,0,10,0,,0
VF100783,Premium,4,39,M,Maipú,S05,Sucursal,8,4,0,46160,1,0,7,0,,0
VF100784,Premium,17,29,M,Viña del Mar,S10,Web,9,3,1,47150,0,0,10,1,,0
VF100785,Full,18,39,M,San Miguel,S10,App,4,0,1,30920,1,0,6,1,,0
VF100786,Basico,17,36,F,Ñuñoa,S01,App,7,2,0,20380,0,0,9,1,,0
VF100787,Premium,7,34,M,San Miguel,S02,Web,9,5,0,44670,0,0,9,0,,0
VF100788,Full,29,16,F,Santiago,S11,App,1,0,0,30420,1,3,8,0,,0
VF100789,Basico,18,45,F,Maipú,S11,Sucursal,2,1,0,20250,0,1,6,0,,0
VF100790,Premium,37,22,F,La Florida,S04,Sucursal,11,6,0,45890,1,0,7,0,,0
VF100791,Full,15,34,M,San Miguel,S08,Campaña RRSS,6,1,0,30200,0,0,7,0,,0
VF100792,Basico,44,32,F,La Florida,S01,Web,5,1,1,19500,0,0,9,0,,0
VF100793,Full,20,29,M,Ñuñoa,S10,Sucursal,7,2,0,27900,1,1,10,1,,0
VF100794,Full,11,38,M,Viña del Mar,S08,Web,8,5,0,29640,1,0,10,0,,0
VF100795,Basico,43,16,F,Santiago,S11,App,4,1,0,19790,0,0,5,1,,0
VF100796,Full,5,40,M,Viña del Mar,S08,Campaña RRSS,7,2,1,29070,0,0,6,0,Poco uso,1
VF100797,Premium,3,52,F,Puente Alto,S03,Web,7,3,1,45800,1,0,7,1,,0
VF100798,Full,31,50,M,Concepción,S01,Sucursal,9,3,0,30840,1,0,10,0,Se cambió de gimnasio,1
VF100799,Full,3,64,M,Vitacura,S10,Sucursal,6,2,0,31170,1,0,10,1,,0
VF100800,Basico,19,30,M,Santiago,S01,Campaña RRSS,7,2,2,19230,1,0,5,0,Precio,1
VF100801,Basico,44,35,F,La Florida,S09,App,4,1,1,20460,0,0,6,0,,0
VF100802,Basico,5,48,M,Santiago,S02,Web,3,0,1,19780,0,0,8,1,Precio,1
VF100803,Basico,27,38,M,Viña del Mar,S04,Sucursal,6,4,0,19520,0,0,6,0,Se mudó,1
VF100804,Basico,36,52,F,Concepción,S03,App,3,0,0,19260,1,0,5,1,,0
VF100805,Basico,12,28,F,Ñuñoa,S08,App,6,3,0,20740,0,0,7,1,Mala atención,1
VF100806,Full,28,31,M,Puente Alto,S02,Referido,4,1,0,30060,1,0,8,0,,0
VF100807,Full,10,41,F,Providencia,S06,Web,4,2,1,29830,1,0,6,1,,0
VF100808,Basico,5,33,M,San Miguel,S03,Referido,3,1,0,20420,0,0,3,0,Se cambió de gimnasio,1
VF100809,Basico,20,28,M,Temuco,S10,App,1,0,0,19660,0,2,7,1,,0
VF100810,Full,12,56,F,Santiago,S09,Campaña RRSS,3,1,0,29500,1,0,8,0,,0
VF100811,Basico,17,27,F,Providencia,S08,Referido,6,2,1,20640,1,0,6,1,,0
VF100812,Premium,30,39,M,Maipú,S09,Web,11,5,0,47290,1,0,7,1,,0
VF100813,Basico,16,24,M,Santiago,S05,Web,0,0,0,19260,0,4,5,6,Poco uso,1
VF100814,Full,35,43,F,Concepción,S12,Referido,8,4,0,29760,0,0,8,0,,0
VF100815,Basico,11,20,F,Providencia,S10,App,1,0,0,20380,0,3,5,0,Salud,1
VF100816,Full,25,36,M,Concepción,S10,Web,3,1,1,30970,0,1,8,0,,0
VF100817,Full,33,33,F,Las Condes,S11,Referido,12,7,0,29580,0,0,8,1,,0
VF100818,Premium,3,26,F,Concepción,S06,Sucursal,3,1,1,45960,0,2,7,1,Precio,1
VF100819,Basico,35,35,F,Maipú,S02,Web,7,2,1,19690,1,0,7,1,,0
VF100820,Premium,23,46,F,La Florida,S01,Web,9,2,0,45210,1,0,9,1,Se mudó,1
VF100821,Basico,47,22,F,Santiago,S01,Web,5,3,0,19860,1,1,6,1,,0
VF100822,Full,3,28,F,La Florida,S03,Web,4,1,1,30160,0,0,7,0,,0
VF100823,Full,21,39,F,Santiago,S06,Sucursal,4,1,1,30650,1,0,8,0,,0
VF100824,Basico,3,45,F,Temuco,S03,Referido,6,3,0,19770,1,0,10,0,,0
VF100825,Full,10,23,M,Viña del Mar,S11,Referido,4,1,0,30360,1,1,10,0,,0
VF100826,Full,23,24,F,Puente Alto,S09,Web,6,4,0,28950,1,0,9,1,,0
VF100827,Full,40,30,M,Ñuñoa,S07,Web,2,1,0,30130,1,0,10,0,,0
VF100828,Full,14,40,M,Temuco,S11,Sucursal,10,5,0,29950,1,0,9,1,,0
VF100829,Basico,61,17,F,La Florida,S02,Campaña RRSS,7,2,0,19630,0,0,9,0,,0
VF100830,Basico,6,37,F,Temuco,S08,Web,6,3,0,19450,0,0,8,0,,0
VF100831,Full,32,41,M,Las Condes,S11,Campaña RRSS,7,3,0,29320,1,0,9,0,,0
VF100832,Full,30,29,F,Maipú,S02,Web,3,1,0,30280,1,1,10,1,,0
VF100833,Basico,28,41,M,San Miguel,S03,Web,3,1,0,20440,0,0,9,1,,0
VF100834,Basico,27,31,M,Concepción,S04,Campaña RRSS,2,1,0,20600,1,1,7,0,,0
VF100835,Basico,44,37,M,Vitacura,S10,Sucursal,6,4,0,19520,1,1,7,0,,0
VF100836,Premium,19,27,F,Concepción,S01,Web,6,3,0,45820,1,0,7,0,,0
VF100837,Premium,14,27,M,Vitacura,S07,Web,10,6,0,45580,1,0,9,1,,0
VF100838,Basico,21,39,M,Concepción,S12,Referido,7,2,0,20210,0,1,8,1,,0
VF100839,Full,14,36,F,Viña del Mar,S05,Web,8,3,0,29230,1,0,10,0,,0
VF100840,Full,21,35,M,Ñuñoa,S07,Web,5,1,0,30940,1,0,10,0,,0
VF100841,Full,32,30,F,Ñuñoa,S08,App,6,3,0,29790,0,0,9,0,,0
VF100842,Full,25,39,F,Viña del Mar,S02,App,4,2,0,29950,1,0,5,0,,0
VF100843,Basico,16,41,M,Puente Alto,S04,Web,3,1,1,20260,1,1,7,0,,0
VF100844,Full,7,26,M,Las Condes,S07,Sucursal,6,2,0,31510,1,0,8,0,,0
VF100845,Full,5,18,M,La Florida,S12,Sucursal,7,2,0,28550,1,0,9,1,,0
VF100846,Premium,34,41,M,Las Condes,S06,App,10,2,0,47860,1,1,9,1,,0
VF100847,Full,21,38,M,La Florida,S06,Referido,6,3,0,29330,1,0,8,0,,0
VF100848,Full,7,17,M,La Florida,S08,App,1,0,1,29120,1,0,7,1,,0
VF100849,Full,8,30,M,Las Condes,S05,App,10,6,0,29620,1,0,7,0,,0
VF100850,Full,16,42,M,La Florida,S12,Sucursal,11,3,0,31420,0,0,5,1,Poco uso,1
VF100851,Basico,9,25,M,Maipú,S03,Sucursal,3,1,1,20710,0,0,10,0,,0
VF100852,Full,13,16,F,Santiago,S05,Web,6,2,0,30410,0,1,8,1,,0
VF100853,Full,18,41,M,Maipú,S09,App,10,2,0,29450,1,0,10,0,,0
VF100854,Basico,27,16,F,Concepción,S04,Sucursal,4,0,0,19710,0,1,6,1,Poco uso,1
VF100855,Premium,33,29,M,Vitacura,S06,Web,13,8,1,47490,0,1,8,0,,0
VF100856,Full,8,20,M,La Florida,S12,Sucursal,1,0,0,29590,0,0,7,1,,0
VF100857,Basico,15,40,F,Concepción,S04,Web,0,0,0,20520,0,1,8,5,Salud,1
VF100858,Full,16,30,F,Santiago,S06,App,10,4,0,29210,1,0,8,0,,0
VF100859,Basico,26,38,F,Puente Alto,S03,App,4,1,0,20000,0,1,7,0,,0
VF100860,Basico,23,22,F,Concepción,S03,Web,2,1,0,19920,0,0,8,0,,0
VF100861,Basico,32,43,F,Providencia,S07,App,4,2,0,20840,0,0,8,0,,0
VF100862,Basico,15,25,M,Providencia,S03,App,6,1,0,20820,0,0,7,1,,0
VF100863,Basico,15,29,M,Santiago,S01,Web,2,0,0,20840,0,0,7,0,,0
VF100864,Basico,27,27,F,Providencia,S08,Web,2,1,0,20580,1,1,7,1,,0
VF100865,Full,27,38,F,Temuco,S09,App,9,5,1,29760,1,0,8,1,,0
VF100866,Full,8,43,M,Concepción,S02,Web,3,0,0,31350,0,0,10,0,,0
VF100867,Basico,18,25,M,Ñuñoa,S03,Sucursal,5,1,0,19290,1,0,10,1,,0
VF100868,Full,20,29,F,Puente Alto,S12,Web,6,1,0,28660,1,0,9,0,,0
VF100869,Basico,7,40,F,La Florida,S03,Sucursal,7,2,0,20100,0,1,10,1,,0
VF100870,Basico,10,23,M,Temuco,S01,Web,2,1,1,20140,1,1,5,0,,0
VF100871,Full,15,43,F,Las Condes,S11,App,8,2,0,29450,1,1,9,1,,0
VF100872,Basico,21,21,F,Concepción,S04,Web,5,2,0,19960,0,0,10,0,,0
VF100873,Full,18,17,M,Puente Alto,S11,Web,6,3,1,30030,1,0,8,1,,0
VF100874,Basico,23,28,F,Ñuñoa,S10,Web,5,2,0,19450,0,0,8,1,,0
VF100875,Full,11,21,F,Providencia,S04,App,5,3,2,29680,0,1,6,0,,0
VF100876,Full,25,27,F,Temuco,S09,Sucursal,8,3,1,28170,1,0,8,1,,0
VF100877,Basico,10,29,M,Viña del Mar,S12,Sucursal,0,0,0,19900,0,0,7,4,,0
VF100878,Full,9,40,F,Temuco,S05,Sucursal,9,5,0,29300,1,0,10,0,,0
VF100879,Basico,4,39,M,Maipú,S11,Web,3,0,0,19820,0,1,7,1,,0
VF100880,Full,28,24,F,Las Condes,S08,Referido,13,7,0,30600,1,0,7,0,Poco uso,1
VF100881,Full,11,48,M,Providencia,S07,Web,11,3,0,29550,1,0,9,1,Mala atención,1
VF100882,Full,14,31,F,La Florida,S01,Referido,7,4,1,29680,0,0,4,0,,0
VF100883,Basico,25,34,F,Temuco,S12,App,2,1,2,19390,1,0,8,1,,0
VF100884,Premium,20,45,F,Concepción,S11,Web,5,2,0,46450,1,0,8,1,,0
VF100885,Full,31,43,F,Viña del Mar,S04,Sucursal,6,3,0,29380,1,0,7,1,Se cambió de gimnasio,1
VF100886,Premium,9,29,F,Temuco,S08,Campaña RRSS,2,0,0,45370,0,0,7,1,,0
VF100887,Basico,19,23,F,Vitacura,S08,Web,4,1,1,19560,0,0,6,1,,0
VF100888,Basico,26,38,F,Puente Alto,S01,Campaña RRSS,2,0,1,20280,0,0,9,1,Mala atención,1
VF100889,Basico,18,40,M,Vitacura,S02,App,0,0,0,20780,0,1,5,3,,0
VF100890,Full,79,22,M,San Miguel,S09,Referido,8,2,1,29220,1,0,8,0,,0
VF100891,Full,38,56,M,Puente Alto,S07,Web,5,1,0,29370,1,0,10,1,,0
VF100892,Full,4,54,M,Santiago,S03,Web,5,2,0,29780,1,1,9,1,,0
VF100893,Basico,22,47,M,Temuco,S08,Campaña RRSS,3,1,0,20240,0,0,9,1,Mala atención,1
VF100894,Full,26,16,F,Vitacura,S08,Web,4,1,1,29150,1,0,10,1,,0
VF100895,Basico,6,16,F,San Miguel,S11,Campaña RRSS,5,2,0,19860,1,0,10,0,,0
VF100896,Full,11,16,F,Providencia,S11,Sucursal,9,5,0,29280,1,0,7,0,,0
VF100897,Basico,5,33,F,Viña del Mar,S02,Web,2,0,0,19990,1,0,8,1,,0
VF100898,Basico,5,52,M,Ñuñoa,S12,Web,3,0,1,19650,0,0,10,1,,0
VF100899,Full,4,47,M,La Florida,S07,Sucursal,3,0,0,30230,1,0,9,1,,0
VF100900,Full,7,31,M,Las Condes,S09,Sucursal,4,2,0,28580,0,0,9,0,,0
VF100901,Basico,9,24,F,Vitacura,S11,App,4,1,0,20840,1,1,5,1,,0
VF100902,Full,23,51,F,San Miguel,S06,App,1,0,2,31770,1,0,10,1,,0
VF100903,Premium,5,46,M,Providencia,S01,Web,10,5,1,45260,1,1,7,0,,0
VF100904,Full,11,35,F,Temuco,S04,Web,5,3,0,30570,1,0,7,1,,0
VF100905,Full,2,29,F,Santiago,S10,Web,10,2,1,27920,1,0,8,1,,0
VF100906,Basico,14,25,F,Viña del Mar,S01,Sucursal,0,0,0,20730,1,0,7,7,,0
VF100907,Basico,18,28,F,Puente Alto,S09,App,4,2,0,19810,1,0,7,0,,0
VF100908,Basico,5,19,F,Puente Alto,S08,Sucursal,4,2,0,20620,1,0,8,0,,0
VF100909,Full,25,29,F,Santiago,S01,Campaña RRSS,13,6,1,29790,1,0,8,1,,0
VF100910,Premium,13,35,M,Santiago,S04,App,2,0,0,47740,0,1,9,0,Se cambió de gimnasio,1
VF100911,Basico,10,34,M,Puente Alto,S05,App,4,2,1,20270,1,0,8,1,,0
VF100912,Full,44,30,M,La Florida,S12,App,4,1,2,30890,1,0,10,1,,0
VF100913,Premium,26,38,F,Concepción,S12,Web,9,1,0,43560,0,0,8,0,,0
VF100914,Full,17,57,M,Providencia,S10,Web,8,5,0,30390,0,0,7,0,,0
VF100915,Full,7,16,F,Concepción,S09,Sucursal,4,1,1,31300,1,2,8,0,,0
VF100916,Basico,13,34,F,Ñuñoa,S11,Sucursal,4,0,1,20650,1,0,5,0,,0
VF100917,Basico,12,39,F,Vitacura,S09,Campaña RRSS,5,2,0,21620,1,0,10,1,Mala atención,1
VF100918,Basico,57,23,M,San Miguel,S08,Referido,7,1,3,20430,0,0,6,1,,0
VF100919,Basico,12,32,M,Viña del Mar,S01,App,2,1,1,20920,1,0,5,0,,0
VF100920,Basico,13,39,M,Concepción,S11,Referido,7,2,1,19600,0,0,6,0,,0
VF100921,Full,38,20,F,Las Condes,S07,Campaña RRSS,4,0,1,30090,1,0,9,1,,0
VF100922,Basico,44,21,F,Maipú,S08,App,6,1,0,20860,0,0,7,0,,0
VF100923,Full,49,16,F,Temuco,S06,Campaña RRSS,7,2,0,29620,0,0,6,1,,0
VF100924,Basico,5,26,M,San Miguel,S05,Campaña RRSS,0,0,0,19630,0,1,8,6,Se mudó,1
VF100925,Basico,21,54,M,Vitacura,S03,Web,5,3,0,20190,0,1,7,0,,0
VF100926,Full,24,33,F,La Florida,S11,Web,12,6,0,30460,1,0,7,1,Se mudó,1
VF100927,Basico,18,25,F,Temuco,S08,Web,0,0,2,20290,0,2,5,3,,0
VF100928,Basico,38,34,M,Temuco,S01,Web,3,1,0,19990,1,0,7,1,Mala atención,1
VF100929,Premium,6,28,M,La Florida,S10,Campaña RRSS,11,2,0,44890,1,0,9,0,,0
VF100930,Basico,43,16,F,Providencia,S04,Web,4,1,2,18970,1,1,7,1,,0
VF100931,Basico,35,30,F,La Florida,S02,App,0,0,0,18960,0,0,7,3,Se cambió de gimnasio,1
VF100932,Full,20,35,F,Santiago,S06,Web,6,3,0,30240,1,0,9,0,Precio,1
VF100933,Basico,26,34,F,La Florida,S08,Web,2,1,1,19750,1,0,10,1,,0
VF100934,Basico,8,19,F,Maipú,S09,Sucursal,8,3,0,19810,1,0,9,0,Mala atención,1
VF100935,Basico,10,19,F,Las Condes,S02,Web,2,0,0,19180,0,2,6,0,,0
VF100936,Basico,38,52,M,Temuco,S07,Web,1,0,0,21250,0,1,6,0,,0
VF100937,Premium,12,35,M,Las Condes,S10,Web,8,5,1,46790,1,0,4,1,,0
VF100938,Basico,14,28,F,Providencia,S02,App,5,2,0,20120,0,0,6,1,,0
VF100939,Basico,20,57,M,Las Condes,S01,App,1,0,0,20790,1,3,5,0,,0
VF100940,Full,18,28,F,Providencia,S02,Sucursal,3,1,1,29170,1,0,5,0,,0
VF100941,Full,7,21,F,Santiago,S04,Sucursal,4,1,1,30520,1,0,9,0,,0
VF100942,Full,4,39,F,Providencia,S03,App,5,1,0,30400,1,1,7,1,,0
VF100943,Premium,21,35,M,Temuco,S11,Sucursal,8,4,1,46610,1,0,7,1,,0
VF100944,Premium,38,37,F,Viña del Mar,S09,Campaña RRSS,5,2,1,46480,1,0,7,0,,0
VF100945,Basico,9,27,M,Puente Alto,S10,App,7,2,1,20340,0,0,6,1,,0
VF100946,Basico,5,36,M,Providencia,S03,Referido,3,1,0,20880,1,0,6,1,,0
VF100947,Full,12,18,M,Concepción,S06,Web,3,1,0,29780,1,0,7,1,,0
VF100948,Basico,29,20,M,Concepción,S03,Sucursal,2,1,0,19850,0,1,4,0,Mala atención,1
VF100949,Full,24,25,M,Providencia,S12,App,0,0,0,29810,1,1,5,4,Mala atención,1
VF100950,Premium,23,31,M,Temuco,S07,Web,12,2,0,46560,1,0,7,0,,0
VF100951,Basico,12,37,M,San Miguel,S08,Sucursal,9,4,0,20380,1,0,9,1,,0
VF100952,Full,19,30,M,Vitacura,S06,Web,7,3,1,31800,1,0,2,0,,0
VF100953,Full,13,28,M,Viña del Mar,S04,Sucursal,7,1,1,31260,1,0,7,0,,0
VF100954,Full,8,57,M,Providencia,S01,Campaña RRSS,0,0,0,29770,1,0,10,3,,0
VF100955,Basico,15,31,M,Concepción,S08,Web,3,2,0,21120,1,0,8,0,,0
VF100956,Full,20,28,M,La Florida,S11,Web,6,2,0,30840,1,0,9,1,,0
VF100957,Basico,12,28,F,La Florida,S12,Referido,5,1,2,20120,0,0,5,1,,0
VF100958,Basico,23,42,F,Las Condes,S04,Web,9,3,2,20380,1,0,8,1,,0
VF100959,Basico,40,35,F,Santiago,S10,Referido,5,1,0,19560,1,0,10,1,,0
VF100960,Basico,12,21,M,Santiago,S05,Web,0,0,2,20820,0,1,9,6,Se cambió de gimnasio,1
VF100961,Full,7,29,M,Viña del Mar,S09,App,4,0,0,29300,0,0,7,1,Se mudó,1
VF100962,Full,7,39,F,Las Condes,S01,Web,7,2,0,29370,1,0,10,1,Se mudó,1
VF100963,Full,28,38,F,Las Condes,S09,Campaña RRSS,5,1,0,29780,1,0,5,1,Mala atención,1
VF100964,Basico,15,53,M,Maipú,S03,Sucursal,0,0,0,19900,0,1,6,5,Poco uso,1
VF100965,Basico,23,26,F,Viña del Mar,S01,Referido,3,0,2,19580,0,1,8,1,Poco uso,1
VF100966,Basico,26,19,F,San Miguel,S07,Referido,0,0,1,20200,1,1,4,7,Se mudó,1
VF100967,Basico,22,16,F,Santiago,S11,App,3,0,0,20170,0,0,7,1,,0
VF100968,Full,35,56,M,San Miguel,S08,Sucursal,7,4,0,29840,1,0,6,0,Se mudó,1
VF100969,Basico,20,16,F,Vitacura,S10,Web,0,0,1,20380,0,0,10,3,Se cambió de gimnasio,1
VF100970,Full,28,34,F,La Florida,S11,Sucursal,7,4,1,29680,0,0,10,1,,0
VF100971,Full,26,50,M,San Miguel,S07,Campaña RRSS,4,2,1,28840,0,1,5,0,,0
VF100972,Full,5,22,M,Puente Alto,S07,Sucursal,5,3,0,31810,1,0,10,1,Mala atención,1
VF100973,Full,9,44,M,Concepción,S05,Campaña RRSS,7,3,0,31130,1,0,6,0,,0
VF100974,Basico,10,33,F,Temuco,S04,App,4,1,1,19810,1,0,10,0,,0
VF100975,Basico,12,55,F,Ñuñoa,S10,Sucursal,4,2,0,19810,1,1,8,0,,0
VF100976,Full,20,32,F,Viña del Mar,S05,Sucursal,9,6,0,29000,1,0,8,0,,0
VF100977,Full,19,46,M,Viña del Mar,S04,App,7,3,1,28920,0,0,8,1,,0
VF100978,Full,41,16,F,Vitacura,S04,Web,12,3,0,30290,1,0,7,1,,0
VF100979,Basico,72,19,F,Ñuñoa,S06,Referido,4,2,0,20740,1,0,10,1,,0
VF100980,Basico,7,55,F,Concepción,S05,App,2,0,0,19700,0,2,7,0,,0
VF100981,Premium,9,35,F,Las Condes,S08,Sucursal,6,3,0,43720,1,0,7,0,Salud,1
VF100982,Full,10,22,M,La Florida,S10,Web,19,9,0,30250,0,0,9,1,,0
VF100983,Premium,2,47,F,Ñuñoa,S10,Sucursal,10,4,0,44590,1,0,8,1,Mala atención,1
VF100984,Premium,27,47,F,Temuco,S07,Referido,7,2,0,48560,0,1,10,0,,0
VF100985,Premium,33,48,F,Ñuñoa,S03,Web,13,4,0,45870,1,0,10,1,,0
VF100986,Basico,18,35,F,Puente Alto,S12,Web,5,3,0,19350,1,0,10,1,,0
VF100987,Basico,39,20,M,San Miguel,S10,Web,5,2,1,20030,1,0,4,0,,0
VF100988,Basico,13,35,M,Las Condes,S08,Sucursal,5,1,0,19700,0,0,5,0,,0
VF100989,Full,22,54,M,Santiago,S02,Web,8,4,0,31250,1,0,7,0,,0
VF100990,Full,38,16,F,Viña del Mar,S04,Web,1,0,1,29770,1,1,8,1,Salud,1
VF100991,Basico,24,50,F,La Florida,S04,Campaña RRSS,2,0,0,20970,1,1,9,0,,0
VF100992,Basico,11,49,F,Viña del Mar,S05,Referido,1,0,0,19660,1,3,2,1,Precio,1
VF100993,Full,3,26,M,Maipú,S03,Sucursal,7,4,0,29860,1,1,7,0,,0
VF100994,Full,14,35,F,La Florida,S02,Sucursal,4,1,1,29120,0,1,5,1,Salud,1
VF100995,Basico,11,27,M,La Florida,S05,App,2,1,2,19110,0,1,10,1,,0
VF100996,Full,11,33,F,La Florida,S12,Web,9,4,0,29980,1,1,6,0,,0
VF100997,Premium,21,35,F,Concepción,S04,App,14,9,1,45330,0,0,4,0,,0
VF100998,Basico,49,32,F,Vitacura,S05,App,5,1,1,20000,0,0,6,1,,0
VF100999,Basico,28,30,F,Puente Alto,S06,App,5,3,0,20000,0,0,10,1,,0
VF101000,Basico,36,28,F,Puente Alto,S09,Web,1,0,0,20060,1,2,5,0,,0
VF101001,Full,28,28,M,Temuco,S12,Web,7,3,1,29700,0,2,6,1,,0
VF101002,Full,5,38,F,La Florida,S11,Sucursal,8,5,0,31200,1,0,9,0,Se cambió de gimnasio,1
VF101003,Basico,8,34,Otro,Providencia,S03,Web,4,1,1,19020,1,1,9,0,,0
VF101004,Full,13,26,F,Vitacura,S07,App,5,3,1,31520,1,0,8,1,,0
VF101005,Full,22,16,F,Las Condes,S03,Web,7,4,0,31010,1,0,8,0,,0
VF101006,Full,8,25,F,Providencia,S10,Sucursal,8,4,1,30200,1,0,8,0,,0
VF101007,Basico,38,38,F,Ñuñoa,S07,App,2,0,0,19400,0,0,5,1,,0
VF101008,Premium,6,40,M,Temuco,S04,Web,11,5,0,45830,1,0,8,1,,0
VF101009,Basico,19,31,Otro,Viña del Mar,S08,App,0,0,0,20030,1,0,9,6,Poco uso,1
VF101010,Full,29,28,F,Concepción,S07,Sucursal,6,2,0,30230,1,0,8,1,,0
VF101011,Full,35,27,F,Ñuñoa,S06,App,8,3,0,29430,0,0,8,0,,0
VF101012,Basico,2,31,F,Las Condes,S12,Campaña RRSS,7,1,0,20290,1,0,9,0,,0
VF101013,Full,11,65,M,La Florida,S05,Campaña RRSS,3,1,0,31220,0,0,6,0,,0
VF101014,Full,10,16,M,Viña del Mar,S05,App,7,3,0,30840,1,0,7,1,,0
VF101015,Basico,5,41,M,Vitacura,S08,Referido,0,0,1,20130,1,0,5,5,,0
VF101016,Premium,30,33,M,Puente Alto,S12,Referido,0,0,1,45190,1,3,5,4,Salud,1
VF101017,Full,40,28,F,San Miguel,S11,Web,6,2,0,29560,0,0,8,0,,0
VF101018,Basico,28,48,F,San Miguel,S02,Web,4,2,0,20080,1,0,8,0,,0
VF101019,Full,29,41,M,Concepción,S11,Campaña RRSS,5,2,0,29630,1,1,7,0,,0
VF101020,Full,35,47,M,Ñuñoa,S06,Sucursal,6,3,1,30060,1,0,10,0,,0
VF101021,Full,29,52,F,Viña del Mar,S11,Referido,11,5,0,29840,0,0,6,0,,0
VF101022,Full,14,45,M,Temuco,S04,Web,6,1,1,31600,1,0,8,0,,0
VF101023,Basico,41,37,F,Maipú,S07,App,2,0,0,18920,0,3,4,1,,0
VF101024,Full,35,24,M,Maipú,S01,App,1,0,1,30650,1,1,5,1,,0
VF101025,Full,40,45,M,Maipú,S10,Web,2,0,0,29300,1,1,6,1,Precio,1
VF101026,Basico,20,39,M,Temuco,S03,Web,0,0,1,19840,0,1,5,6,Mala atención,1
VF101027,Basico,10,34,F,San Miguel,S12,App,9,3,1,20080,0,0,9,1,,0
VF101028,Basico,29,28,M,Temuco,S07,App,5,3,0,19220,0,0,9,1,,0
VF101029,Basico,13,50,F,Vitacura,S03,Sucursal,3,1,1,20290,0,0,6,0,,0
VF101030,Premium,39,38,F,Providencia,S10,Web,8,4,0,46880,1,0,10,1,,0
VF101031,Full,16,25,F,Temuco,S09,Referido,5,2,1,28050,1,0,8,1,,0
VF101032,Basico,17,43,F,San Miguel,S08,Sucursal,4,0,0,19830,1,0,8,0,,0
VF101033,Full,18,18,F,Concepción,S02,Referido,14,7,0,30890,1,1,8,0,,0
VF101034,Full,25,34,M,La Florida,S03,Campaña RRSS,6,2,1,29260,0,0,5,0,,0
VF101035,Basico,6,27,F,Santiago,S12,Web,1,0,1,20230,0,3,3,1,Se mudó,1
VF101036,Full,5,30,F,Providencia,S01,App,8,2,1,29400,1,0,7,1,,0
VF101037,Basico,6,33,F,Las Condes,S08,Sucursal,2,1,0,20310,0,2,3,0,Precio,1
VF101038,Basico,33,44,F,Maipú,S06,Campaña RRSS,5,1,0,20540,0,0,7,0,,0
VF101039,Full,17,30,M,Viña del Mar,S12,Campaña RRSS,9,3,2,30230,1,1,5,1,,0
VF101040,Full,4,44,M,Viña del Mar,S12,Web,6,3,0,31760,0,0,9,0,,0
VF101041,Full,15,35,M,La Florida,S08,Sucursal,5,3,1,30190,1,0,10,1,,0
VF101042,Full,16,24,M,Maipú,S06,Sucursal,7,4,0,28710,0,0,10,0,Poco uso,1
VF101043,Basico,8,31,M,Providencia,S09,Sucursal,8,4,1,19130,0,0,9,0,,0
VF101044,Full,15,43,M,Puente Alto,S07,Sucursal,7,2,0,30770,1,1,7,1,Se mudó,1
VF101045,Premium,33,20,M,Las Condes,S01,Web,13,6,0,44540,1,0,10,1,,0
VF101046,Basico,19,23,F,Maipú,S06,App,0,0,0,19750,1,0,10,1,Se cambió de gimnasio,1
VF101047,Full,8,31,M,Concepción,S07,Sucursal,7,4,0,30440,0,1,9,0,Precio,1
VF101048,Basico,30,46,M,Viña del Mar,S10,Web,2,0,1,19930,1,2,4,1,,0
VF101049,Basico,3,25,Otro,Ñuñoa,S02,Web,1,0,0,21080,1,0,8,1,Se mudó,1
VF101050,Premium,46,17,F,La Florida,S07,Web,2,0,0,45660,1,1,8,1,,0
VF101051,Basico,17,16,F,Ñuñoa,S11,Sucursal,2,0,0,20100,1,0,8,1,,0
VF101052,Full,59,38,F,Las Condes,S11,Campaña RRSS,10,5,1,28160,1,0,8,0,,0
VF101053,Full,32,45,M,Vitacura,S04,App,7,3,0,29840,1,0,7,0,,0
VF101054,Basico,21,41,F,Vitacura,S03,App,7,2,0,19360,0,0,3,0,,0
VF101055,Basico,7,26,F,San Miguel,S04,Web,8,5,0,19610,1,0,10,0,,0
VF101056,Full,37,33,M,Viña del Mar,S10,Campaña RRSS,8,5,0,31210,0,0,9,0,,0
VF101057,Basico,72,31,F,Viña del Mar,S09,App,4,1,0,19540,1,1,5,1,,0
VF101058,Full,34,38,F,Temuco,S01,Sucursal,6,3,0,30110,1,0,10,0,,0
VF101059,Basico,8,48,M,Maipú,S09,Campaña RRSS,6,3,0,19060,1,1,6,1,Salud,1
VF101060,Full,2,29,F,Santiago,S11,Web,7,3,0,30350,0,0,9,1,Mala atención,1
VF101061,Basico,3,47,F,Concepción,S08,Campaña RRSS,7,4,0,19880,0,0,3,0,,0
VF101062,Basico,26,34,M,Temuco,S11,Web,4,2,0,20400,0,0,5,1,,0
VF101063,Basico,33,29,M,Las Condes,S08,Campaña RRSS,7,1,0,19760,0,0,3,0,Mala atención,1
VF101064,Basico,14,26,M,Maipú,S06,App,5,2,0,19290,1,0,10,1,Mala atención,1
VF101065,Basico,3,30,M,Viña del Mar,S02,Web,3,1,1,20110,1,0,5,1,,0
VF101066,Basico,3,25,F,Maipú,S06,Campaña RRSS,5,3,0,20180,1,0,7,0,Salud,1
VF101067,Basico,8,33,F,Concepción,S04,Referido,4,1,0,18730,0,0,7,1,Mala atención,1
VF101068,Full,46,37,F,Concepción,S10,Web,3,1,0,31110,1,0,6,0,,0
VF101069,Full,36,21,M,Concepción,S03,Campaña RRSS,1,0,0,29570,1,0,8,0,Se cambió de gimnasio,1
VF101070,Premium,27,41,F,Maipú,S09,Sucursal,0,0,0,43110,1,0,10,7,Se cambió de gimnasio,1
VF101071,Basico,27,36,F,Concepción,S03,Web,4,1,0,19890,0,0,9,1,,0
VF101072,Basico,38,40,M,Las Condes,S12,Campaña RRSS,7,2,0,20450,0,0,10,0,,0
VF101073,Premium,14,27,F,Viña del Mar,S09,Sucursal,10,6,0,45000,0,1,4,1,,0
VF101074,Full,18,25,F,Vitacura,S03,App,2,1,0,29880,1,2,7,1,Salud,1
VF101075,Basico,15,50,F,Santiago,S10,App,2,0,0,20470,1,1,7,1,Precio,1
VF101076,Basico,7,57,F,La Florida,S12,Sucursal,8,2,1,19690,0,1,7,1,,0
VF101077,Premium,14,36,F,Maipú,S12,Sucursal,12,8,1,45990,1,0,7,0,,0
VF101078,Basico,5,48,M,La Florida,S02,Referido,5,1,0,20740,0,0,10,1,,0
VF101079,Full,32,28,F,Providencia,S12,Campaña RRSS,6,1,0,31780,1,0,10,1,,0
VF101080,Basico,21,49,F,Puente Alto,S05,Web,5,1,0,19840,0,0,4,1,,0
VF101081,Basico,29,36,F,Concepción,S06,App,5,1,1,21070,0,0,7,0,,0
VF101082,Basico,33,28,M,Temuco,S03,Campaña RRSS,6,3,1,19550,1,0,7,1,,0
VF101083,Full,27,16,F,Las Condes,S03,Sucursal,4,0,0,29010,1,3,4,1,Precio,1
VF101084,Full,7,30,F,Concepción,S02,Campaña RRSS,5,2,0,31180,0,2,7,0,Poco uso,1
VF101085,Basico,6,43,M,Concepción,S07,Web,2,1,0,19630,1,2,5,1,,0
VF101086,Basico,28,37,M,Santiago,S03,App,0,0,0,19710,0,3,4,1,,0
VF101087,Basico,13,16,F,Providencia,S07,Web,6,2,0,21080,0,0,6,0,,0
VF101088,Full,10,39,F,Santiago,S06,Referido,4,1,2,29560,1,0,9,1,,0
VF101089,Basico,43,44,M,Temuco,S01,Referido,2,0,0,19510,1,0,6,1,,0
VF101090,Basico,19,49,F,Viña del Mar,S10,Web,1,0,1,19160,0,2,7,1,Se cambió de gimnasio,1
VF101091,Full,26,26,F,Concepción,S08,App,7,4,0,28390,1,0,8,1,,0
VF101092,Premium,20,42,F,Temuco,S09,Web,2,0,0,44820,1,0,9,0,,0
VF101093,Basico,16,50,F,Concepción,S11,Campaña RRSS,1,0,1,20750,1,2,4,1,,0
VF101094,Basico,20,47,F,Ñuñoa,S06,App,2,0,0,20060,0,2,5,1,Se cambió de gimnasio,1
VF101095,Full,22,43,F,Viña del Mar,S03,App,4,1,0,29870,1,0,10,1,Mala atención,1
VF101096,Full,28,39,M,Ñuñoa,S09,Campaña RRSS,7,4,0,28670,0,0,6,1,,0
VF101097,Full,16,31,F,Viña del Mar,S03,Sucursal,10,3,0,30130,1,1,7,0,,0
VF101098,Full,12,38,M,Maipú,S07,Web,5,2,0,29710,1,0,10,1,,0
VF101099,Basico,11,19,F,Maipú,S04,App,3,1,1,19650,1,0,6,0,,0
VF101100,Basico,13,46,M,Concepción,S03,Web,5,3,0,19950,1,1,6,1,Poco uso,1
VF101101,Full,8,37,M,Concepción,S03,App,4,1,0,30160,1,0,7,1,,0
VF101102,Premium,26,35,F,Providencia,S10,Referido,8,4,1,46070,0,0,2,0,,0
VF101103,Basico,14,42,M,Providencia,S03,Referido,3,0,1,19300,1,0,8,1,,0
VF101104,Premium,4,57,F,Ñuñoa,S03,Web,10,5,0,46190,1,0,8,0,,0
VF101105,Basico,20,47,M,La Florida,S12,Web,1,0,1,19530,1,0,6,0,,0
VF101106,Premium,34,51,M,Vitacura,S10,Referido,10,2,0,48100,1,0,10,0,,0
VF101107,Basico,7,38,F,La Florida,S08,Web,5,3,0,19500,0,0,8,1,,0
VF101108,Full,12,27,M,Puente Alto,S03,Web,4,0,0,30260,0,1,9,0,Precio,1
VF101109,Full,33,39,M,San Miguel,S05,Referido,4,1,0,29350,1,0,10,1,,0
VF101110,Basico,13,23,F,Temuco,S05,App,2,1,0,19840,1,0,10,0,,0
VF101111,Premium,32,44,M,San Miguel,S07,Web,14,6,0,44770,1,0,9,0,,0
VF101112,Basico,40,27,M,Puente Alto,S06,Campaña RRSS,2,1,0,19160,0,1,6,1,,0
VF101113,Full,21,16,M,Maipú,S01,Web,7,4,0,28210,1,1,4,1,,0
VF101114,Full,4,40,F,Las Condes,S12,Referido,5,1,0,30470,1,0,8,1,,0
VF101115,Premium,41,27,F,Puente Alto,S08,App,13,3,1,44240,1,0,7,1,,0
VF101116,Premium,11,36,M,Puente Alto,S03,Web,5,2,0,46970,0,0,9,1,,0
VF101117,Basico,52,39,F,San Miguel,S11,Web,2,1,0,20260,1,4,1,0,,0
VF101118,Basico,23,16,M,Maipú,S04,App,2,1,0,19490,1,1,8,1,,0
VF101119,Full,6,38,M,Concepción,S11,App,4,0,0,29900,0,0,8,0,,0
VF101120,Basico,11,38,M,Concepción,S09,App,0,0,1,20210,0,0,6,7,Se cambió de gimnasio,1
VF101121,Full,18,44,F,Viña del Mar,S01,Sucursal,7,3,0,31050,1,0,7,0,Precio,1
VF101122,Full,19,26,M,San Miguel,S01,Web,14,7,0,30130,1,0,4,1,,0
VF101123,Basico,33,22,M,San Miguel,S05,Sucursal,7,3,1,20920,1,0,3,1,,0
VF101124,Basico,8,29,F,Viña del Mar,S10,Web,7,4,0,19600,0,0,8,0,Precio,1
VF101125,Full,6,30,M,Santiago,S12,Web,8,2,0,29850,0,0,6,1,,0
VF101126,Basico,6,42,M,Temuco,S02,Referido,3,0,0,19520,0,0,10,0,,0
VF101127,Full,34,33,M,Puente Alto,S01,Web,4,2,1,31210,0,0,8,0,,0
VF101128,Full,7,31,M,Temuco,S10,Web,10,3,0,30280,1,0,8,1,,0
VF101129,Basico,35,21,M,Puente Alto,S05,Campaña RRSS,3,1,1,20570,1,0,6,0,,0
VF101130,Full,18,38,M,Puente Alto,S04,App,5,2,0,29720,0,0,5,0,,0
VF101131,Basico,20,31,F,Temuco,S06,App,9,5,1,19020,1,0,10,0,,0
VF101132,Basico,15,33,F,Ñuñoa,S10,Web,2,1,0,20850,1,2,5,0,,0
VF101133,Full,29,28,F,Concepción,S08,Web,8,4,0,29870,1,0,7,1,,0
VF101134,Basico,53,38,F,La Florida,S07,App,0,0,1,20080,0,0,3,5,,0
VF101135,Basico,12,21,F,Puente Alto,S03,Campaña RRSS,0,0,0,20460,1,1,8,1,,0
VF101136,Premium,45,38,F,San Miguel,S08,Web,15,4,0,45020,1,0,10,1,,0
VF101137,Basico,28,36,F,Providencia,S10,Web,7,2,0,20910,0,1,6,0,Mala atención,1
VF101138,Full,27,28,M,Ñuñoa,S04,Referido,0,0,1,29330,1,0,10,6,,0
VF101139,Basico,31,30,F,Providencia,S07,App,4,1,0,20760,1,1,4,0,,0
VF101140,Premium,31,16,M,Maipú,S01,App,5,2,0,46740,1,0,10,0,,0
VF101141,Basico,13,34,M,Providencia,S03,Campaña RRSS,1,0,0,19890,0,0,9,0,Salud,1
VF101142,Premium,27,40,F,Las Condes,S04,Campaña RRSS,12,4,1,44660,0,0,9,1,,0
VF101143,Basico,47,30,M,Concepción,S12,Campaña RRSS,2,1,1,19090,0,2,6,1,,0
VF101144,Basico,12,26,M,La Florida,S07,Campaña RRSS,2,0,0,19130,1,1,10,1,Se mudó,1
VF101145,Full,14,29,M,Concepción,S06,Campaña RRSS,6,2,1,30670,1,1,7,1,,0
VF101146,Basico,6,43,M,Providencia,S08,App,2,1,1,19470,1,1,4,1,,0
VF101147,Full,30,63,F,Maipú,S09,App,12,3,1,29240,1,0,9,0,,0
VF101148,Basico,10,34,M,Santiago,S12,Sucursal,2,1,0,20960,1,0,9,1,Precio,1
VF101149,Basico,8,16,F,Temuco,S11,App,0,0,0,19800,1,1,3,7,,0
VF101150,Basico,7,39,M,Las Condes,S12,Sucursal,3,0,0,19780,0,0,9,1,Precio,1
VF101151,Full,61,42,F,Las Condes,S06,Referido,8,4,0,30140,1,0,6,1,,0
VF101152,Basico,20,58,M,Concepción,S01,Sucursal,4,2,0,19800,0,0,8,0,,0
VF101153,Basico,6,43,M,Providencia,S12,App,3,1,1,20340,0,1,7,0,,0
VF101154,Premium,12,49,F,Santiago,S07,Campaña RRSS,8,2,1,45010,1,1,9,0,,0
VF101155,Basico,9,42,F,Concepción,S11,Campaña RRSS,5,1,1,19250,1,0,9,1,,0
VF101156,Basico,8,43,M,Temuco,S07,Web,1,0,2,20240,1,2,7,1,,0
VF101157,Basico,9,43,F,Viña del Mar,S08,Sucursal,4,2,1,19950,1,0,7,0,,0
VF101158,Full,18,55,M,Santiago,S10,Web,12,4,0,31480,0,0,6,0,,0
VF101159,Basico,28,31,M,San Miguel,S07,Referido,3,1,0,20410,0,0,9,0,,0
VF101160,Full,2,30,F,San Miguel,S02,Web,9,5,0,31590,1,0,10,1,,0
VF101161,Basico,13,38,M,Ñuñoa,S09,Sucursal,1,0,0,21220,0,0,10,1,,0
VF101162,Basico,4,37,M,Maipú,S06,Web,7,3,0,19800,1,1,7,0,,0
VF101163,Basico,13,59,F,Maipú,S09,App,4,1,0,19620,1,0,10,1,,0
VF101164,Basico,13,43,M,Concepción,S08,Sucursal,2,1,0,19660,1,0,8,0,,0
VF101165,Premium,33,27,F,Puente Alto,S02,Web,12,5,0,47070,0,1,5,0,Mala atención,1
VF101166,Full,25,16,F,Temuco,S09,Web,9,6,0,30660,1,0,9,0,,0
VF101167,Full,14,36,M,Ñuñoa,S02,Campaña RRSS,4,1,1,30640,1,1,5,0,,0
VF101168,Full,26,24,F,Maipú,S01,Campaña RRSS,5,1,0,30280,1,1,8,0,,0
VF101169,Premium,14,25,M,Puente Alto,S02,Campaña RRSS,5,1,2,45550,1,1,5,1,,0
VF101170,Basico,17,36,F,La Florida,S02,Sucursal,1,0,0,20850,1,2,7,1,,0
VF101171,Premium,4,31,Otro,Temuco,S02,Sucursal,12,7,0,47720,1,1,7,0,,0
VF101172,Basico,5,37,Otro,Viña del Mar,S04,Campaña RRSS,7,2,0,19800,0,0,8,0,,0
VF101173,Basico,84,46,M,Las Condes,S11,Campaña RRSS,2,0,0,20530,0,1,2,1,,0
VF101174,Premium,5,56,F,Ñuñoa,S10,Web,11,4,0,45890,1,0,10,1,,0
VF101175,Full,32,18,M,Viña del Mar,S05,App,5,1,0,30370,1,0,5,0,Se cambió de gimnasio,1
VF101176,Basico,28,29,M,Concepción,S11,Web,4,0,0,20040,0,0,9,0,,0
VF101177,Basico,26,17,M,Concepción,S06,Sucursal,3,1,2,19800,1,0,10,0,,0
VF101178,Premium,17,39,F,Providencia,S07,Campaña RRSS,5,1,0,47230,1,2,7,1,,0
VF101179,Basico,14,44,F,Maipú,S08,App,3,1,1,20740,0,0,9,0,Poco uso,1
VF101180,Full,11,22,M,Santiago,S09,Web,4,2,1,30440,0,0,9,0,,0
VF101181,Basico,22,25,M,San Miguel,S06,App,0,0,0,20120,0,0,5,3,Se cambió de gimnasio,1
VF101182,Premium,8,34,F,Las Condes,S04,Campaña RRSS,8,3,0,45120,1,1,9,1,Precio,1
VF101183,Full,16,27,M,Las Condes,S03,Web,12,7,0,29290,1,0,7,0,,0
VF101184,Premium,18,31,F,Ñuñoa,S12,Web,7,3,0,48790,1,1,6,1,Se mudó,1
VF101185,Full,6,28,F,Santiago,S01,Sucursal,7,2,1,28610,0,1,10,0,,0
VF101186,Basico,22,50,M,Viña del Mar,S06,Referido,9,5,1,20480,1,0,6,0,,0
VF101187,Full,26,34,M,Temuco,S10,Referido,5,1,0,29440,1,0,8,1,Se mudó,1
VF101188,Basico,46,36,M,La Florida,S08,Web,3,1,0,20280,0,0,7,1,,0
VF101189,Basico,6,28,Otro,Viña del Mar,S03,Referido,2,0,1,19860,0,1,7,0,,0
VF101190,Premium,45,59,F,Maipú,S12,Web,9,2,0,47310,1,1,6,0,,0
VF101191,Full,12,33,F,Providencia,S10,Sucursal,4,0,0,28910,1,0,10,0,,0
VF101192,Basico,19,37,M,La Florida,S05,App,3,1,1,19580,0,1,8,0,,0
VF101193,Full,11,45,F,Ñuñoa,S07,Web,6,4,1,31360,0,0,6,0,,0
VF101194,Full,10,48,F,La Florida,S05,Sucursal,7,4,0,29610,1,1,10,0,,0
VF101195,Basico,19,36,F,Ñuñoa,S07,Sucursal,1,0,1,20120,1,1,10,1,,0
VF101196,Basico,29,20,F,Concepción,S12,Referido,4,2,0,20710,0,0,5,1,,0
VF101197,Full,9,28,M,Providencia,S12,Web,5,1,0,28940,1,0,8,0,,0
VF101198,Basico,28,53,M,San Miguel,S12,Web,4,1,1,20720,1,0,6,1,,0
VF101199,Basico,44,40,F,Viña del Mar,S11,Referido,5,2,1,19820,1,1,7,1,,0
VF101200,Basico,22,32,F,Viña del Mar,S02,App,3,0,0,19210,1,0,10,1,,0
VF101201,Basico,8,44,F,Temuco,S03,Web,1,0,1,19430,1,0,8,1,,0
VF101202,Basico,7,38,F,Santiago,S04,Referido,2,1,0,20810,0,0,9,1,Salud,1
VF101203,Premium,3,40,M,Temuco,S08,Campaña RRSS,3,1,0,45520,0,0,10,0,,0
VF101204,Premium,25,16,Otro,Viña del Mar,S08,Web,6,1,0,46060,0,1,7,0,Mala atención,1
VF101205,Basico,15,26,F,Concepción,S03,Web,0,0,0,19720,1,0,6,4,,0
VF101206,Full,13,50,M,Puente Alto,S05,Referido,3,1,0,30040,1,0,7,1,,0
VF101207,Premium,13,60,F,Santiago,S06,App,2,1,0,44880,0,0,6,1,,0
VF101208,Full,15,33,F,Santiago,S07,Campaña RRSS,6,1,0,30850,0,1,6,1,Salud,1
VF101209,Basico,38,53,M,Temuco,S04,Web,1,0,0,20060,0,0,9,0,,0
VF101210,Full,1,35,M,Las Condes,S05,Referido,8,5,0,29110,1,0,7,0,,0
VF101211,Premium,14,33,M,Providencia,S09,Web,9,4,0,45890,0,0,7,1,,0
VF101212,Basico,42,54,M,Vitacura,S04,Sucursal,3,1,0,20000,1,0,10,1,,0
VF101213,Premium,10,32,M,Maipú,S09,App,17,7,0,45330,0,0,9,0,,0
VF101214,Basico,13,44,F,San Miguel,S04,App,3,1,0,21080,1,0,4,1,,0
VF101215,Full,11,23,Otro,Viña del Mar,S09,App,6,4,0,30270,1,1,7,1,,0
VF101216,Basico,9,47,F,Puente Alto,S05,Web,4,0,0,19510,0,0,9,0,,0
VF101217,Premium,6,32,M,Providencia,S10,Referido,14,9,0,46560,1,0,8,0,Mala atención,1
VF101218,Basico,37,16,F,Puente Alto,S11,Referido,2,1,1,19700,1,0,10,0,,0
VF101219,Basico,6,35,F,Ñuñoa,S02,Referido,5,3,0,19610,0,0,10,0,,0
VF101220,Basico,15,31,F,Santiago,S04,App,6,2,2,20230,0,0,7,0,,0
VF101221,Basico,11,29,F,Puente Alto,S06,Sucursal,11,2,0,20180,1,0,7,1,,0
VF101222,Full,10,45,F,Temuco,S08,Referido,8,1,1,29260,1,0,9,1,,0
VF101223,Premium,19,18,M,Providencia,S10,App,10,3,1,47270,1,0,9,1,,0
VF101224,Full,9,34,F,Providencia,S11,Campaña RRSS,3,1,0,31570,1,0,5,0,,0
VF101225,Full,65,40,F,Viña del Mar,S01,Referido,5,3,0,29080,1,0,9,0,,0
VF101226,Premium,13,57,M,Ñuñoa,S05,Web,13,4,0,46460,1,1,9,1,,0
VF101227,Full,19,49,Otro,Santiago,S07,Campaña RRSS,9,2,0,29690,1,0,9,0,,0
VF101228,Full,52,42,F,Las Condes,S05,App,0,0,0,29540,1,2,8,5,Mala atención,1
VF101229,Premium,6,75,F,San Miguel,S04,Referido,9,2,0,44380,1,0,6,0,,0
VF101230,Premium,22,22,F,Maipú,S01,Sucursal,7,3,0,46750,1,0,7,1,,0
VF101231,Full,16,36,M,Ñuñoa,S12,Web,7,2,1,30070,1,0,9,1,,0
VF101232,Full,36,23,F,Concepción,S07,Sucursal,8,2,0,30120,1,0,8,0,,0
VF101233,Basico,9,36,F,Maipú,S02,Campaña RRSS,4,2,0,20450,0,0,9,0,,0
VF101234,Full,12,18,F,Providencia,S01,Sucursal,1,0,0,29440,1,1,4,1,Se cambió de gimnasio,1
VF101235,Full,16,26,M,Vitacura,S09,Referido,2,0,0,29430,1,4,6,1,Poco uso,1
VF101236,Full,24,38,M,Vitacura,S12,Sucursal,2,1,1,30770,1,0,10,1,,0
VF101237,Full,18,34,F,La Florida,S05,Campaña RRSS,8,1,0,28920,0,0,9,1,Salud,1
VF101238,Basico,18,38,M,San Miguel,S04,Web,2,0,0,19760,1,1,8,1,,0
VF101239,Full,12,29,M,Concepción,S09,Referido,4,2,0,30050,0,0,8,0,,0
VF101240,Basico,1,25,F,Santiago,S03,Referido,4,2,0,19580,1,0,7,0,,0
VF101241,Full,21,36,F,Puente Alto,S10,App,11,3,0,29080,1,0,9,0,,0
VF101242,Full,31,34,M,Ñuñoa,S05,Campaña RRSS,7,2,0,28330,1,0,10,1,,0
VF101243,Full,54,32,F,Vitacura,S10,Web,11,5,0,30850,1,0,9,1,Mala atención,1
VF101244,Basico,16,16,M,Las Condes,S05,App,4,2,0,19380,0,1,10,1,,0
VF101245,Basico,10,22,F,La Florida,S10,Web,5,1,0,21060,1,1,9,0,,0
VF101246,Full,28,41,M,Maipú,S07,Web,8,3,0,29010,1,0,8,1,,0
VF101247,Premium,8,24,M,Viña del Mar,S01,Web,10,5,0,46350,1,0,4,0,Mala atención,1
VF101248,Full,9,34,M,San Miguel,S09,Referido,6,4,0,30270,1,0,9,0,,0
VF101249,Full,15,43,F,Providencia,S09,Sucursal,8,2,0,28460,1,0,10,0,,0
VF101250,Basico,16,16,F,San Miguel,S01,App,5,2,0,20290,0,0,5,1,,0
VF101251,Premium,41,25,M,La Florida,S07,Sucursal,10,6,1,48470,1,0,10,1,,0
VF101252,Full,15,37,M,La Florida,S03,Web,11,2,2,30690,1,0,9,1,,0
VF101253,Basico,6,16,F,Puente Alto,S04,App,1,0,2,20860,1,0,4,0,,0
VF101254,Full,27,32,F,San Miguel,S06,App,2,0,0,29300,1,0,4,0,,0
VF101255,Premium,18,32,F,Providencia,S09,Sucursal,13,5,0,47840,1,1,6,1,,0
VF101256,Full,39,43,M,Viña del Mar,S08,Web,5,2,0,30540,0,1,6,0,,0
VF101257,Full,14,36,M,Concepción,S08,App,8,2,0,29240,0,1,10,0,,0
VF101258,Basico,34,32,F,Santiago,S01,Sucursal,6,3,0,19690,0,0,10,0,,0
VF101259,Full,38,39,M,Vitacura,S09,Sucursal,7,3,0,29370,1,0,8,0,Se cambió de gimnasio,1
VF101260,Full,23,31,M,San Miguel,S09,Campaña RRSS,9,1,1,29110,1,0,6,1,,0
VF101261,Full,18,26,F,Concepción,S01,Sucursal,8,5,0,31500,1,0,9,0,,0
VF101262,Full,2,33,F,Santiago,S06,Sucursal,11,3,0,30020,0,0,5,1,,0
VF101263,Full,20,22,M,Providencia,S05,Web,7,4,0,30500,0,0,1,0,,0
VF101264,Full,7,65,M,Concepción,S09,Web,6,2,0,30000,1,2,8,1,,0
VF101265,Basico,8,25,F,Vitacura,S11,Web,4,1,0,18560,1,0,8,0,Poco uso,1
VF101266,Full,28,28,F,Providencia,S04,Web,5,2,3,29070,1,1,6,0,,0
VF101267,Full,6,27,M,Santiago,S02,Referido,4,2,0,31150,1,0,10,1,Se cambió de gimnasio,1
VF101268,Full,4,38,M,Las Condes,S08,App,11,5,0,30870,0,0,5,0,,0
VF101269,Full,17,29,F,Maipú,S01,Web,3,1,0,29640,0,0,6,0,,0
VF101270,Full,7,38,M,San Miguel,S12,Referido,9,3,0,30860,0,0,5,1,,0
VF101271,Full,44,37,F,Vitacura,S02,Web,3,0,0,28710,1,0,9,0,,0
VF101272,Premium,12,27,F,Viña del Mar,S05,Web,6,2,0,46090,1,1,10,0,Se mudó,1
VF101273,Basico,14,18,F,San Miguel,S07,App,2,0,1,19570,0,1,8,0,,0
VF101274,Full,41,33,M,Maipú,S05,App,8,1,0,28200,1,1,7,1,,0
VF101275,Basico,29,42,F,Santiago,S09,Sucursal,3,2,2,20000,0,0,9,1,,0
VF101276,Premium,10,32,F,Maipú,S09,Campaña RRSS,9,3,1,47380,1,1,7,1,,0
VF101277,Basico,24,38,F,La Florida,S08,Referido,2,1,0,20230,1,1,7,0,Precio,1
VF101278,Premium,27,38,F,Concepción,S02,Campaña RRSS,7,2,1,48260,1,0,8,0,,0
VF101279,Full,17,23,M,Temuco,S12,Sucursal,4,1,0,29940,1,0,8,0,,0
VF101280,Full,23,25,F,Las Condes,S10,Sucursal,5,1,0,30560,1,0,6,0,,0
VF101281,Basico,25,28,F,Maipú,S08,Referido,7,4,0,19540,0,0,8,0,,0
VF101282,Full,30,19,F,Temuco,S08,Web,4,2,2,30330,1,0,9,1,,0
VF101283,Full,12,28,F,Puente Alto,S04,Campaña RRSS,0,0,0,30400,1,2,8,4,Precio,1
VF101284,Basico,48,38,M,Las Condes,S06,Sucursal,5,1,1,19450,0,1,6,1,Se cambió de gimnasio,1
VF101285,Full,49,34,M,San Miguel,S03,Web,9,3,0,30880,1,2,6,1,,0
VF101286,Premium,5,43,F,San Miguel,S11,App,8,3,0,47990,0,1,6,0,Precio,1
VF101287,Full,27,29,F,Puente Alto,S03,Web,6,2,0,30260,1,0,10,1,Poco uso,1
VF101288,Full,23,46,M,La Florida,S07,App,3,0,0,30250,1,1,6,1,,0
VF101289,Full,4,49,M,Puente Alto,S12,Sucursal,3,1,0,31220,0,1,5,1,,0
VF101290,Full,5,44,F,Vitacura,S01,Web,7,3,0,29540,1,0,10,1,Precio,1
VF101291,Premium,18,25,M,Las Condes,S02,Campaña RRSS,6,1,0,46100,1,0,6,0,,0
VF101292,Basico,20,31,F,Providencia,S08,Sucursal,1,0,0,19850,1,1,9,1,,0
VF101293,Basico,6,23,F,Concepción,S06,Campaña RRSS,8,5,1,19870,0,1,4,1,Precio,1
VF101294,Full,19,27,F,Temuco,S06,Referido,11,4,0,29280,0,0,7,0,,0
VF101295,Basico,18,49,M,Temuco,S04,Sucursal,5,1,0,19930,0,0,6,0,,0
VF101296,Full,15,46,M,Santiago,S10,App,10,2,1,30260,1,0,6,1,,0
VF101297,Basico,15,33,M,Vitacura,S02,App,0,0,0,20290,1,4,3,6,Precio,1
VF101298,Basico,17,44,M,Concepción,S04,App,8,4,0,19650,0,0,6,1,,0
VF101299,Basico,13,34,F,Ñuñoa,S04,Sucursal,2,0,0,20230,1,1,7,0,,0
VF101300,Premium,8,33,F,Puente Alto,S04,App,12,8,0,46800,0,0,10,1,,0
VF101301,Full,5,52,M,Maipú,S04,App,6,4,0,29410,1,0,8,0,,0
VF101302,Full,17,39,F,Maipú,S10,Campaña RRSS,6,1,0,29080,1,1,8,0,,0
VF101303,Basico,17,45,F,Las Condes,S01,Referido,2,0,1,20480,0,1,7,0,,0
VF101304,Basico,27,22,M,Santiago,S07,Web,4,2,1,20500,0,0,7,0,,0
VF101305,Premium,29,44,F,Viña del Mar,S12,App,11,4,0,45830,1,1,10,0,,0
VF101306,Basico,33,35,M,Temuco,S10,Web,1,0,0,20210,1,0,10,1,Se cambió de gimnasio,1
VF101307,Full,31,38,F,Santiago,S12,App,8,2,0,29850,1,0,8,1,,0
VF101308,Basico,13,23,M,Viña del Mar,S01,App,4,1,1,18950,1,0,8,1,,0
VF101309,Full,4,24,F,San Miguel,S03,App,10,4,0,29820,1,1,7,0,,0
VF101310,Basico,23,30,F,Ñuñoa,S08,Campaña RRSS,2,0,1,19320,1,0,8,0,,0
VF101311,Premium,28,16,F,San Miguel,S06,Web,10,5,0,44150,0,2,9,0,,0
VF101312,Basico,14,27,F,Concepción,S04,Web,9,5,0,20000,1,0,7,0,,0
VF101313,Basico,14,32,F,Vitacura,S12,Web,2,0,0,19760,1,2,7,0,Precio,1
VF101314,Full,26,52,F,Maipú,S02,Campaña RRSS,2,0,0,28910,1,1,3,1,,0
VF101315,Full,36,42,F,La Florida,S12,Web,10,6,0,32410,1,0,8,1,,0
VF101316,Full,46,45,F,Temuco,S07,Referido,8,5,1,30690,0,0,7,0,,0
VF101317,Premium,33,35,M,La Florida,S08,Web,14,4,0,46900,1,0,6,0,,0
VF101318,Basico,8,16,M,Las Condes,S09,App,1,0,1,20280,0,0,8,1,,0
VF101319,Premium,9,24,M,Maipú,S03,App,9,2,1,47120,1,0,10,1,,0
VF101320,Full,3,50,F,San Miguel,S10,Sucursal,4,0,0,29680,1,0,9,1,Poco uso,1
VF101321,Full,10,27,M,Puente Alto,S12,App,6,2,0,29320,1,0,8,0,,0
VF101322,Full,15,33,M,San Miguel,S03,Sucursal,7,4,0,32190,0,0,7,1,,0
VF101323,Basico,11,28,M,San Miguel,S06,App,2,1,0,19990,1,0,10,0,,0
VF101324,Basico,29,16,M,Maipú,S09,Referido,3,0,0,21050,1,0,7,1,,0
VF101325,Basico,9,17,F,Maipú,S12,Web,3,1,1,20160,1,0,7,1,,0
VF101326,Full,33,50,F,La Florida,S01,App,3,1,0,30560,1,0,8,1,,0
VF101327,Full,30,25,M,Ñuñoa,S07,App,7,3,0,29500,1,1,9,0,,0
VF101328,Basico,28,27,F,Puente Alto,S02,App,1,0,0,20080,1,1,5,1,,0
VF101329,Basico,50,43,M,Temuco,S10,App,7,4,0,19800,0,0,10,0,,0
VF101330,Full,40,61,M,Santiago,S11,App,3,1,0,29180,1,0,7,1,,0
VF101331,Full,3,33,F,Las Condes,S01,Referido,3,1,0,31000,1,1,10,0,,0
VF101332,Basico,15,24,M,Las Condes,S03,Referido,5,3,1,20150,0,0,7,0,,0
VF101333,Basico,8,43,F,La Florida,S08,Campaña RRSS,4,2,0,19520,0,0,8,0,,0
VF101334,Basico,15,45,F,Las Condes,S05,Referido,4,1,1,19950,1,0,9,0,,0
VF101335,Basico,34,39,F,Puente Alto,S07,Web,0,0,0,19400,1,1,6,6,Poco uso,1
VF101336,Full,35,25,M,Viña del Mar,S04,Referido,2,1,1,29320,1,0,6,1,,0
VF101337,Basico,35,39,M,Providencia,S07,Sucursal,0,0,0,19290,0,0,10,5,,0
VF101338,Full,8,41,F,San Miguel,S08,App,8,5,1,31290,1,0,7,1,,0
VF101339,Basico,23,42,F,Viña del Mar,S03,Web,3,1,0,19300,0,0,6,0,,0
VF101340,Full,20,20,F,Viña del Mar,S06,Web,6,1,0,29240,1,0,5,1,,0
VF101341,Full,12,45,F,Ñuñoa,S01,Web,5,2,1,30500,1,0,8,0,,0
VF101342,Full,4,34,F,Concepción,S09,Campaña RRSS,9,3,1,31070,1,0,9,0,,0
VF101343,Basico,22,51,F,Providencia,S04,Referido,2,1,0,20700,1,0,10,1,,0
VF101344,Basico,23,16,M,Santiago,S08,Campaña RRSS,7,3,0,20680,0,0,8,0,,0
VF101345,Full,13,41,M,Maipú,S09,Referido,7,2,0,30940,1,0,10,1,,0
VF101346,Premium,28,26,M,Las Condes,S04,Campaña RRSS,9,3,2,45400,0,0,6,1,,0
VF101347,Full,30,34,Otro,Vitacura,S01,App,5,2,1,30060,1,0,4,0,,0
VF101348,Basico,25,32,M,Las Condes,S04,Campaña RRSS,0,0,0,19540,0,0,6,3,Poco uso,1
VF101349,Premium,41,25,M,Viña del Mar,S09,Referido,10,5,1,45470,1,0,8,1,,0
VF101350,Basico,18,16,M,Temuco,S04,Sucursal,5,2,1,20370,0,0,7,1,,0
VF101351,Basico,5,30,F,Providencia,S06,Web,3,1,1,20350,0,1,10,1,Se cambió de gimnasio,1
VF101352,Premium,12,49,F,Puente Alto,S08,Referido,7,1,1,45650,0,0,8,0,,0
VF101353,Premium,21,40,M,Maipú,S08,Sucursal,7,1,0,47660,1,0,9,0,,0
VF101354,Full,24,16,F,Las Condes,S06,Campaña RRSS,8,2,0,29650,1,0,10,0,,0
VF101355,Full,17,16,F,Las Condes,S02,Referido,3,1,0,30140,0,0,8,1,,0
VF101356,Full,56,41,F,Ñuñoa,S08,Campaña RRSS,4,1,0,30540,1,0,4,1,,0
VF101357,Full,24,30,F,Santiago,S09,Campaña RRSS,2,0,0,29730,1,1,8,1,,0
VF101358,Full,24,33,M,Ñuñoa,S06,App,5,1,0,29780,0,1,7,0,,0
VF101359,Premium,13,34,M,Santiago,S12,Sucursal,9,4,0,44600,1,0,9,0,,0
VF101360,Full,28,37,M,Santiago,S08,Campaña RRSS,7,3,0,30640,0,0,9,1,,0
VF101361,Basico,17,34,F,Ñuñoa,S12,Web,6,4,0,20330,0,0,7,0,,0
VF101362,Basico,5,41,M,La Florida,S06,Campaña RRSS,5,2,0,20940,1,0,10,1,,0
VF101363,Basico,19,18,M,Temuco,S01,App,8,3,2,19430,0,0,10,0,,0
VF101364,Premium,25,40,F,San Miguel,S07,Web,15,6,1,46130,1,0,6,1,,0
VF101365,Basico,27,53,F,Ñuñoa,S02,Campaña RRSS,6,2,1,19910,0,1,4,1,,0
VF101366,Basico,16,19,M,La Florida,S04,Campaña RRSS,3,1,0,20150,0,0,7,0,,0
VF101367,Basico,9,16,M,La Florida,S02,Campaña RRSS,3,1,1,20810,1,1,8,0,Mala atención,1
VF101368,Basico,8,46,M,Santiago,S11,Campaña RRSS,3,2,0,19650,0,0,3,1,,0
VF101369,Premium,12,35,F,Santiago,S12,Web,13,3,1,45080,1,0,10,0,,0
VF101370,Basico,23,59,M,Las Condes,S01,Web,1,0,0,20200,0,0,7,0,,0
VF101371,Basico,3,38,F,Santiago,S09,Web,8,2,0,20320,1,0,6,0,,0
VF101372,Full,6,36,M,La Florida,S01,Sucursal,1,0,1,29820,1,1,7,0,Se cambió de gimnasio,1
VF101373,Full,25,26,M,Temuco,S07,Web,12,6,0,30580,1,0,5,1,,0
VF101374,Premium,7,29,F,Vitacura,S03,Web,11,6,1,47980,1,0,10,1,,0
VF101375,Full,32,28,F,Vitacura,S07,App,8,3,0,30560,0,0,10,0,,0
VF101376,Basico,34,44,F,Providencia,S03,Referido,3,1,0,19660,1,0,7,0,,0
VF101377,Premium,15,35,F,Temuco,S06,Sucursal,15,10,0,44990,1,0,5,0,,0
VF101378,Basico,37,16,F,Concepción,S06,App,0,0,0,19560,1,1,4,1,,0
VF101379,Basico,21,25,M,Concepción,S01,Sucursal,3,1,0,19790,1,0,5,0,,0
VF101380,Basico,14,27,F,Puente Alto,S07,Campaña RRSS,1,0,0,20030,0,2,9,1,Se cambió de gimnasio,1
VF101381,Basico,11,43,M,Maipú,S03,Web,4,1,0,20490,1,0,9,1,,0
VF101382,Basico,24,41,F,Temuco,S04,Sucursal,1,0,1,19390,0,3,5,1,Mala atención,1
VF101383,Full,4,26,M,Concepción,S01,Campaña RRSS,7,3,0,30100,1,0,10,1,,0
VF101384,Full,5,32,M,Viña del Mar,S02,Sucursal,4,1,1,30690,1,1,10,0,Salud,1
VF101385,Premium,96,34,F,Las Condes,S03,Sucursal,7,3,1,44740,1,0,8,1,,0
VF101386,Full,13,51,F,Temuco,S12,Referido,9,4,1,30740,0,0,8,1,Salud,1
VF101387,Basico,14,46,F,Puente Alto,S12,Campaña RRSS,0,0,1,19040,0,2,4,6,Se mudó,1
VF101388,Basico,54,45,F,Vitacura,S10,App,4,1,0,20620,0,0,8,0,,0
VF101389,Basico,21,39,F,Viña del Mar,S04,Sucursal,6,2,0,19730,1,0,6,1,,0
VF101390,Basico,22,39,M,Viña del Mar,S03,App,7,1,0,19110,1,0,3,1,,0
VF101391,Full,13,29,F,Santiago,S09,Web,11,7,1,29950,1,0,7,0,,0
VF101392,Basico,4,26,M,La Florida,S11,Sucursal,4,1,0,20520,0,1,3,0,,0
VF101393,Full,8,46,M,Santiago,S07,Web,7,2,1,30350,1,1,8,0,,0
VF101394,Full,24,33,F,Las Condes,S01,Web,13,3,0,30020,1,0,8,1,,0
VF101395,Basico,18,19,F,Ñuñoa,S08,Sucursal,2,1,3,19190,0,0,7,0,,0
VF101396,Full,16,18,F,Puente Alto,S08,Web,6,2,0,28870,0,0,9,1,Precio,1
VF101397,Basico,12,32,M,Vitacura,S01,Web,3,1,0,19220,0,1,9,0,Se cambió de gimnasio,1
VF101398,Basico,3,23,F,Puente Alto,S08,Web,3,1,0,20340,1,0,6,1,,0
VF101399,Basico,7,43,M,La Florida,S10,Web,3,1,0,20130,0,1,8,0,Precio,1
VF101400,Full,19,44,F,Concepción,S12,Referido,6,3,0,31000,1,0,8,0,,0
VF101401,Premium,29,33,F,Viña del Mar,S08,Web,7,2,0,45190,1,0,6,0,,0
VF101402,Full,7,27,M,Santiago,S10,Web,10,2,1,28640,1,2,4,1,Salud,1
VF101403,Basico,55,16,F,Puente Alto,S11,Web,6,1,0,20900,1,0,10,0,,0
VF101404,Basico,17,16,M,Maipú,S07,Referido,1,0,1,19130,1,3,6,0,Se mudó,1
VF101405,Basico,12,48,M,Concepción,S12,Web,4,2,1,20150,1,0,10,1,,0
VF101406,Full,25,32,F,Ñuñoa,S06,Web,11,5,1,31170,1,0,7,0,,0
VF101407,Full,3,47,F,Maipú,S07,App,5,1,1,30350,1,0,10,0,,0
VF101408,Full,26,40,F,San Miguel,S03,Sucursal,7,4,3,32730,1,0,9,1,Precio,1
VF101409,Premium,5,52,F,Concepción,S11,Referido,9,2,0,47240,1,0,9,0,,0
VF101410,Full,49,35,M,Temuco,S08,Web,10,2,0,31670,1,1,4,0,,0
VF101411,Premium,23,26,F,La Florida,S12,Sucursal,11,5,1,44740,0,0,6,1,,0
VF101412,Full,5,41,F,Concepción,S05,Web,12,3,2,30650,1,1,8,1,,0
VF101413,Premium,24,41,M,Vitacura,S04,Web,11,6,0,45860,1,0,6,0,,0
VF101414,Premium,9,46,F,Concepción,S01,Web,11,6,0,46200,0,0,8,1,,0
VF101415,Basico,17,62,Otro,Concepción,S03,App,8,4,0,20540,0,1,7,0,,0
VF101416,Full,19,37,M,Concepción,S03,Referido,3,0,0,29690,0,1,8,0,,0
VF101417,Full,29,33,M,Providencia,S05,Web,3,1,0,29340,1,0,6,1,,0
VF101418,Full,20,30,M,Ñuñoa,S04,Referido,10,5,1,31360,0,0,7,0,,0
VF101419,Premium,1,28,M,San Miguel,S07,Sucursal,14,4,0,45090,1,0,8,0,,0
VF101420,Full,18,40,F,Temuco,S03,App,8,5,0,29200,1,0,8,0,,0
VF101421,Basico,18,38,M,Santiago,S03,Campaña RRSS,8,4,0,19920,1,0,9,0,,0
VF101422,Basico,23,44,F,Puente Alto,S01,Web,2,0,1,20480,0,1,5,0,Se mudó,1
VF101423,Basico,17,36,M,San Miguel,S09,Sucursal,5,1,1,20230,1,0,10,1,,0
VF101424,Basico,47,28,F,Ñuñoa,S01,Sucursal,2,0,1,19100,0,1,9,1,,0
VF101425,Premium,12,39,F,La Florida,S09,Web,11,5,0,42970,0,1,5,0,Poco uso,1
VF101426,Basico,8,28,F,Maipú,S02,Referido,2,1,0,19790,1,1,8,1,,0
VF101427,Basico,8,55,F,Puente Alto,S05,Referido,3,1,0,19810,0,1,7,0,,0
VF101428,Full,7,27,M,Ñuñoa,S01,Web,12,7,0,30990,1,1,5,0,,0
VF101429,Basico,8,46,M,La Florida,S06,Campaña RRSS,0,0,0,20330,0,0,8,6,Se mudó,1
VF101430,Full,24,26,F,Maipú,S04,Web,8,1,0,29210,1,0,8,1,,0
VF101431,Basico,29,30,M,Santiago,S08,Web,6,2,0,19730,1,0,6,1,,0
VF101432,Premium,36,48,F,Vitacura,S09,Campaña RRSS,8,2,0,45720,0,0,8,0,,0
VF101433,Full,9,27,F,Concepción,S05,App,6,2,0,30860,1,0,7,1,,0
VF101434,Full,7,19,M,Santiago,S03,Sucursal,7,3,0,29780,0,0,9,0,,0
VF101435,Basico,22,39,F,San Miguel,S11,Referido,2,0,0,19760,0,2,6,1,Salud,1
VF101436,Basico,8,40,F,Viña del Mar,S12,Web,8,1,0,20000,0,0,6,1,,0
VF101437,Full,15,36,F,Puente Alto,S09,App,10,2,0,28590,1,1,6,0,,0
VF101438,Premium,22,50,M,Concepción,S10,Sucursal,9,2,0,46190,1,0,7,1,,0
VF101439,Full,30,29,F,Ñuñoa,S04,App,5,2,0,30070,1,0,10,0,,0
VF101440,Full,23,45,F,Viña del Mar,S06,App,3,1,0,29960,1,0,10,1,,0
VF101441,Basico,7,49,M,Vitacura,S06,Web,2,1,1,20060,1,1,5,1,,0
VF101442,Basico,18,16,F,Providencia,S06,Web,2,0,0,20090,0,0,7,0,Mala atención,1
VF101443,Full,23,41,M,Viña del Mar,S07,Referido,7,1,2,30400,0,0,7,1,Se cambió de gimnasio,1
VF101444,Full,14,63,F,Temuco,S10,Referido,5,2,1,29430,1,1,9,1,,0
VF101445,Full,18,33,M,La Florida,S05,App,5,2,2,30380,1,0,9,0,,0
VF101446,Basico,23,48,M,Viña del Mar,S11,Web,1,0,0,20500,0,1,4,0,Precio,1
VF101447,Premium,14,41,M,San Miguel,S11,Referido,14,4,0,47120,1,0,10,1,,0
VF101448,Premium,23,23,M,Vitacura,S07,Referido,7,3,0,47210,1,0,10,1,,0
VF101449,Basico,29,28,F,Santiago,S06,App,9,4,0,20080,1,1,6,0,,0
VF101450,Full,27,35,M,Vitacura,S09,App,4,1,0,29110,1,1,8,0,,0
VF101451,Full,9,25,F,Temuco,S04,Campaña RRSS,7,1,0,29300,0,1,9,1,,0
VF101452,Full,13,59,F,Vitacura,S09,Referido,15,5,0,31720,0,0,5,0,,0
VF101453,Basico,5,46,M,Ñuñoa,S09,Web,0,0,0,19050,0,3,6,5,Salud,1
VF101454,Basico,21,32,F,Las Condes,S04,App,8,1,0,19010,1,0,10,0,,0
VF101455,Full,11,16,M,Viña del Mar,S12,Sucursal,5,1,1,29030,0,0,7,0,,0
VF101456,Full,14,43,M,Puente Alto,S05,Web,9,1,1,29450,0,2,9,0,Se mudó,1
VF101457,Full,5,54,F,Temuco,S05,App,4,1,1,30050,1,0,7,1,,0
VF101458,Basico,9,16,M,Maipú,S11,Web,5,1,0,20400,0,3,5,1,Salud,1
VF101459,Premium,32,37,M,Providencia,S06,Web,11,7,0,48430,1,0,9,1,,0
VF101460,Full,28,39,M,Temuco,S12,App,4,1,0,29450,1,0,5,1,,0
VF101461,Full,7,30,M,Maipú,S01,Referido,12,7,1,31150,1,0,10,0,,0
VF101462,Basico,2,38,M,Santiago,S08,Web,1,0,0,19840,1,1,4,0,Salud,1
VF101463,Basico,25,61,M,Ñuñoa,S11,App,4,2,0,20150,0,0,7,0,,0
VF101464,Basico,42,34,F,Providencia,S01,Sucursal,0,0,0,19200,0,2,6,1,,0
VF101465,Premium,18,24,F,Providencia,S10,Sucursal,6,4,2,45430,0,0,10,0,,0
VF101466,Premium,26,24,M,Puente Alto,S01,Referido,11,3,0,47090,1,0,6,1,,0
VF101467,Basico,4,53,M,Viña del Mar,S07,Referido,1,0,1,19490,0,0,7,0,,0
VF101468,Basico,39,31,M,Viña del Mar,S05,App,5,2,0,20430,0,1,6,0,,0
VF101469,Basico,16,25,F,Santiago,S05,Sucursal,6,3,0,19280,1,0,4,1,,0
VF101470,Full,16,49,F,Las Condes,S09,Web,6,2,1,29660,1,0,10,0,,0
VF101471,Basico,64,29,M,Santiago,S01,Sucursal,0,0,1,20050,0,1,7,1,,0
VF101472,Basico,2,40,F,Las Condes,S04,Web,2,0,1,20110,0,1,7,1,,0
VF101473,Basico,41,22,M,Maipú,S03,Referido,2,1,0,19190,0,0,10,0,,0
VF101474,Full,38,49,M,Vitacura,S09,Referido,4,1,0,30510,1,0,10,0,,0
VF101475,Basico,17,34,F,Santiago,S02,Referido,5,1,1,20140,1,1,5,1,Mala atención,1
VF101476,Basico,25,40,F,La Florida,S12,App,4,1,1,19370,1,0,8,1,,0
VF101477,Full,24,21,F,Providencia,S10,Web,5,3,0,29140,1,0,10,1,Poco uso,1
VF101478,Basico,9,34,F,Providencia,S02,Campaña RRSS,3,1,0,20750,0,0,10,0,,0
VF101479,Premium,21,34,Otro,Viña del Mar,S01,App,9,4,1,46010,1,0,7,0,,0
VF101480,Basico,15,40,M,Vitacura,S04,Web,1,0,0,20340,1,1,9,0,,0
VF101481,Basico,20,30,M,San Miguel,S03,App,0,0,1,18990,0,0,6,2,,0
VF101482,Basico,28,35,M,Maipú,S11,Sucursal,1,0,0,20370,1,0,7,0,Poco uso,1
VF101483,Basico,51,36,F,Puente Alto,S06,Campaña RRSS,5,3,0,20110,0,2,5,1,Precio,1
VF101484,Full,47,46,F,Santiago,S10,Sucursal,7,3,2,31060,1,2,8,1,Poco uso,1
VF101485,Full,8,39,F,Temuco,S12,Referido,8,1,1,30990,0,0,8,1,Se cambió de gimnasio,1
VF101486,Basico,23,52,F,Santiago,S05,Web,3,1,0,21110,1,0,8,1,,0
VF101487,Basico,25,16,M,Ñuñoa,S10,Sucursal,7,1,0,21010,1,0,5,0,,0
VF101488,Full,3,37,F,Maipú,S10,Sucursal,11,4,3,29580,1,0,5,0,,0
VF101489,Basico,31,30,M,Puente Alto,S08,Referido,2,0,0,19120,0,1,10,0,,0
VF101490,Premium,29,37,F,La Florida,S08,Web,8,2,0,45310,1,0,9,0,,0
VF101491,Premium,26,40,M,La Florida,S10,Campaña RRSS,3,0,0,46820,0,1,10,0,,0
VF101492,Full,17,34,F,Santiago,S08,Sucursal,5,2,1,30680,1,1,7,0,,0
VF101493,Basico,28,50,M,Puente Alto,S11,Web,2,0,0,19400,0,0,7,0,,0
VF101494,Basico,5,39,F,La Florida,S12,Sucursal,4,1,2,19570,0,0,6,0,,0
VF101495,Basico,17,16,M,Las Condes,S05,Campaña RRSS,5,1,0,20780,0,1,8,1,,0
VF101496,Basico,24,47,M,Temuco,S06,Campaña RRSS,8,5,2,20070,0,0,5,0,,0
VF101497,Full,17,41,F,Puente Alto,S03,Referido,6,2,0,30330,1,0,7,0,,0
VF101498,Basico,12,24,F,San Miguel,S04,App,1,0,0,20240,0,2,6,1,,0
VF101499,Full,11,21,F,Vitacura,S10,Referido,11,4,0,29680,1,0,10,0,,0
VF101500,Full,45,25,F,Ñuñoa,S08,App,7,4,1,30900,1,0,6,0,,0
VF101501,Full,9,20,F,Santiago,S12,Web,12,3,0,31700,1,0,10,0,,0
VF101502,Full,8,42,F,Ñuñoa,S07,App,12,7,0,29350,1,0,9,1,,0
VF101503,Basico,12,30,F,Concepción,S06,Sucursal,5,1,0,19870,0,0,7,0,,0
VF101504,Basico,6,56,F,Las Condes,S12,Sucursal,0,0,1,18860,1,1,8,5,Se cambió de gimnasio,1
VF101505,Basico,17,28,M,La Florida,S04,Web,9,5,0,20390,1,0,8,1,,0
VF101506,Basico,18,35,M,Santiago,S07,Sucursal,5,1,1,19940,0,0,8,0,Se mudó,1
VF101507,Basico,3,34,F,San Miguel,S05,Web,6,2,0,20080,0,0,7,1,,0
VF101508,Full,10,30,M,Ñuñoa,S04,Campaña RRSS,4,1,0,30530,0,0,5,1,,0
VF101509,Basico,32,38,F,Las Condes,S03,Referido,0,0,0,20650,0,1,6,1,Precio,1
VF101510,Full,11,24,M,Temuco,S10,Referido,5,2,0,29500,1,0,7,0,,0
VF101511,Full,24,26,M,Ñuñoa,S10,Web,6,1,3,31560,1,0,9,0,,0
VF101512,Full,2,41,M,Las Condes,S05,App,4,2,0,30290,1,1,8,1,,0
VF101513,Basico,28,16,M,Concepción,S08,Sucursal,5,2,1,20060,0,1,4,1,,0
VF101514,Full,26,30,F,Providencia,S03,Sucursal,0,0,0,30850,0,0,9,6,Se mudó,1
VF101515,Basico,16,23,F,San Miguel,S09,Campaña RRSS,5,1,2,19490,0,0,5,1,,0
VF101516,Basico,7,42,F,Ñuñoa,S11,Referido,9,2,1,19560,0,0,10,1,,0
VF101517,Full,21,36,M,San Miguel,S06,Campaña RRSS,6,3,0,29560,0,0,9,0,,0
VF101518,Basico,10,26,M,Temuco,S06,Sucursal,2,0,1,19740,1,2,3,1,,0
VF101519,Full,19,39,F,Temuco,S03,Web,7,3,0,31230,0,0,10,0,Precio,1
VF101520,Basico,5,28,Otro,Concepción,S04,Sucursal,2,0,0,19850,1,2,5,1,Precio,1
VF101521,Premium,10,26,M,Temuco,S07,App,6,1,1,46000,1,0,8,1,Poco uso,1
VF101522,Basico,2,46,F,Concepción,S12,Sucursal,1,0,0,20430,0,1,4,1,Salud,1
VF101523,Basico,7,42,M,Puente Alto,S10,App,3,1,1,20300,0,1,6,1,Poco uso,1
VF101524,Premium,9,32,F,Santiago,S04,Referido,9,4,0,45070,1,0,7,0,,0
VF101525,Basico,26,70,M,Puente Alto,S01,App,3,1,0,19460,0,0,6,0,,0
VF101526,Basico,53,43,M,Santiago,S06,Sucursal,2,1,0,19800,0,1,8,1,,0
VF101527,Full,10,32,F,Concepción,S06,Sucursal,6,3,0,27570,0,0,3,1,Se mudó,1
VF101528,Premium,10,30,F,Las Condes,S02,Web,1,0,0,44880,1,0,7,0,,0
VF101529,Basico,4,39,F,San Miguel,S06,Campaña RRSS,4,1,0,19800,1,0,7,1,,0
VF101530,Full,13,24,M,Las Condes,S09,Sucursal,10,2,0,30460,0,0,4,1,,0
VF101531,Full,27,54,M,Providencia,S11,Sucursal,7,4,1,29920,1,0,6,1,,0
VF101532,Full,24,33,M,Maipú,S02,Sucursal,0,0,0,28930,1,2,8,7,Mala atención,1
VF101533,Full,40,37,M,San Miguel,S07,Web,7,4,0,28500,1,0,10,0,,0
VF101534,Premium,24,25,Otro,Las Condes,S05,Sucursal,9,3,0,48580,1,0,6,1,,0
VF101535,Basico,20,36,M,Viña del Mar,S11,Web,7,2,0,19950,1,0,8,1,,0
VF101536,Basico,6,32,F,Puente Alto,S10,Referido,4,2,0,20880,1,0,9,1,,0
VF101537,Basico,20,46,M,Vitacura,S10,Sucursal,0,0,0,20350,0,1,6,6,Precio,1
VF101538,Basico,12,51,F,Concepción,S01,Sucursal,3,1,0,20110,0,0,9,1,Se cambió de gimnasio,1
VF101539,Basico,39,21,F,La Florida,S02,Campaña RRSS,7,4,2,20700,0,0,10,0,,0
VF101540,Basico,42,17,M,Las Condes,S05,App,5,3,0,20460,0,0,6,1,,0
VF101541,Basico,24,34,M,Vitacura,S01,Web,3,1,0,20220,0,0,2,1,,0
VF101542,Full,20,51,M,Puente Alto,S02,App,1,0,0,30490,0,1,4,0,,0
VF101543,Premium,20,30,M,Ñuñoa,S06,Sucursal,8,1,2,46960,1,0,4,1,,0
VF101544,Full,29,30,M,La Florida,S09,Sucursal,6,3,0,28670,1,1,7,1,Se mudó,1
VF101545,Full,53,25,M,Las Condes,S08,App,4,2,0,28830,1,1,5,0,,0
VF101546,Basico,13,33,F,San Miguel,S09,Campaña RRSS,0,0,0,19680,0,1,10,6,Mala atención,1
VF101547,Basico,53,34,F,Viña del Mar,S03,Sucursal,0,0,1,19480,0,0,8,1,Poco uso,1
VF101548,Full,17,16,F,La Florida,S06,Campaña RRSS,6,3,2,30000,0,1,7,1,,0
VF101549,Full,27,39,M,San Miguel,S06,App,6,3,0,30570,0,0,8,0,,0
VF101550,Basico,25,35,F,Ñuñoa,S09,Web,0,0,0,19760,0,2,8,6,Se mudó,1
VF101551,Full,4,43,M,San Miguel,S06,Web,3,1,0,29970,1,0,10,1,,0
VF101552,Basico,14,46,F,Viña del Mar,S01,Sucursal,7,3,1,19710,0,0,8,1,,0
VF101553,Premium,17,53,F,Santiago,S09,Campaña RRSS,8,2,0,46600,1,1,10,0,Poco uso,1
VF101554,Premium,5,39,M,Vitacura,S05,App,6,4,1,45750,1,0,10,0,,0
VF101555,Full,22,45,M,Temuco,S11,Web,7,3,0,28470,1,0,6,1,,0
VF101556,Basico,4,19,F,Providencia,S04,Referido,2,0,1,20460,1,1,9,1,,0
VF101557,Full,31,36,F,Ñuñoa,S05,App,1,0,1,30190,1,4,5,1,Poco uso,1
VF101558,Basico,16,28,M,Viña del Mar,S12,App,7,4,1,20470,0,0,5,1,Mala atención,1
VF101559,Basico,17,79,F,San Miguel,S02,App,7,3,0,21060,0,0,9,0,,0
VF101560,Premium,25,29,M,Ñuñoa,S05,Sucursal,10,5,0,45170,1,0,9,0,,0
VF101561,Full,10,37,M,Maipú,S08,App,4,1,1,30880,1,0,5,0,,0
VF101562,Basico,7,60,M,Viña del Mar,S03,Web,3,0,1,20160,1,0,8,1,,0
VF101563,Full,27,44,M,Providencia,S03,Web,9,5,0,30280,1,1,7,1,Precio,1
VF101564,Full,18,46,M,Las Condes,S10,Web,8,2,1,30540,1,1,5,1,,0
VF101565,Full,10,36,M,La Florida,S11,Web,5,1,0,30660,0,1,7,0,,0
VF101566,Full,4,60,F,Santiago,S04,App,4,0,0,29210,1,0,9,1,,0
VF101567,Basico,20,35,F,Providencia,S08,Referido,4,1,1,19980,1,0,9,1,,0
VF101568,Premium,10,46,F,Ñuñoa,S01,App,8,3,2,44070,1,1,4,0,,0
VF101569,Full,26,25,F,San Miguel,S03,App,6,4,0,29470,1,1,9,1,,0
VF101570,Premium,17,22,F,Temuco,S09,Campaña RRSS,0,0,1,46910,1,3,4,2,Mala atención,1
VF101571,Full,2,41,F,La Florida,S03,Campaña RRSS,9,4,0,29770,0,0,7,1,,0
VF101572,Full,17,16,M,Viña del Mar,S07,Web,5,1,0,29280,1,1,8,0,,0
VF101573,Basico,15,31,F,Vitacura,S10,Sucursal,4,1,2,20400,0,3,7,1,,0
VF101574,Full,19,32,M,Temuco,S10,Web,10,6,0,30050,1,0,9,1,,0
VF101575,Basico,20,35,F,Temuco,S07,Campaña RRSS,5,3,1,20880,0,3,4,0,Se mudó,1
VF101576,Full,5,34,Otro,Maipú,S08,Campaña RRSS,5,1,0,29210,1,0,10,0,,0
VF101577,Full,12,18,F,Puente Alto,S06,Referido,8,1,2,28680,1,0,9,0,,0
VF101578,Full,23,32,F,Las Condes,S06,Web,8,4,0,29890,1,0,9,0,,0
VF101579,Basico,11,16,M,Las Condes,S05,App,0,0,0,20100,0,1,7,7,Salud,1
VF101580,Full,9,60,M,Ñuñoa,S05,Web,10,3,2,30790,1,1,8,0,Se mudó,1
VF101581,Basico,15,41,F,Vitacura,S06,Web,1,0,0,19460,0,2,8,1,,0
VF101582,Full,24,42,F,Concepción,S05,App,4,2,0,29790,1,0,4,0,,0
VF101583,Premium,28,49,M,Vitacura,S04,Web,9,3,1,45440,0,1,3,1,,0
VF101584,Basico,12,17,F,Viña del Mar,S02,Referido,3,1,0,19530,1,1,5,1,,0
VF101585,Basico,32,27,F,La Florida,S08,Referido,3,1,1,20590,0,0,10,0,,0
VF101586,Premium,4,29,M,Vitacura,S08,Referido,7,1,0,45180,1,0,10,0,,0
VF101587,Basico,3,47,F,Vitacura,S10,Web,4,1,0,20680,1,0,9,0,,0
VF101588,Premium,8,28,F,Vitacura,S10,Referido,10,6,2,47610,1,1,8,1,Salud,1
VF101589,Basico,15,40,F,Providencia,S12,App,2,1,1,20140,0,1,6,0,,0
VF101590,Premium,11,35,M,Santiago,S10,Referido,6,2,0,47380,0,0,7,1,Poco uso,1
VF101591,Premium,8,35,M,La Florida,S03,Sucursal,13,4,0,43640,1,1,7,0,Poco uso,1
VF101592,Full,23,47,F,Viña del Mar,S09,Referido,4,0,1,29130,1,0,8,1,,0
VF101593,Full,27,51,M,Providencia,S07,Sucursal,7,3,0,30560,1,2,5,0,,0
VF101594,Full,15,33,F,Temuco,S08,App,2,1,0,29690,0,3,6,0,,0
VF101595,Basico,7,25,M,Providencia,S03,Web,1,0,0,19670,0,0,6,1,,0
VF101596,Premium,19,17,F,Providencia,S12,Web,11,7,0,48050,0,0,6,1,,0
VF101597,Full,13,27,F,Santiago,S01,Sucursal,8,2,0,28940,1,0,8,0,,0
VF101598,Basico,44,33,F,Maipú,S02,Web,8,5,3,20010,0,0,5,1,,0
VF101599,Full,2,34,M,Las Condes,S10,Web,4,1,1,30230,1,0,7,0,,0
VF101600,Full,14,32,M,Vitacura,S07,Web,7,3,0,29770,1,0,6,1,Se mudó,1
VF101601,Basico,19,49,F,Puente Alto,S03,App,1,0,0,18940,0,1,10,0,,0
VF101602,Full,2,37,M,La Florida,S07,Sucursal,9,4,1,30640,1,1,6,1,Se cambió de gimnasio,1
VF101603,Basico,6,32,M,Santiago,S09,Referido,3,1,0,20810,0,0,6,0,,0
VF101604,Premium,19,26,F,Temuco,S11,Campaña RRSS,6,1,0,46000,1,0,8,1,Precio,1
VF101605,Basico,10,39,Otro,La Florida,S05,App,5,1,0,20880,1,1,8,0,Mala atención,1
VF101606,Full,31,26,F,La Florida,S07,Web,5,3,0,30990,1,0,8,0,,0
VF101607,Full,13,28,M,Vitacura,S10,Referido,11,6,1,29050,0,0,8,1,,0
VF101608,Basico,12,24,M,Temuco,S09,Web,5,3,0,19480,0,0,8,0,,0
VF101609,Full,8,48,M,Concepción,S03,Referido,5,1,0,28650,1,1,6,0,,0
VF101610,Basico,9,57,M,Viña del Mar,S06,Web,4,2,1,20130,0,0,5,0,,0
VF101611,Premium,14,33,F,San Miguel,S03,Campaña RRSS,10,3,1,44830,1,0,7,1,Salud,1
VF101612,Full,9,37,F,Las Condes,S07,App,9,6,0,27850,1,1,7,1,Mala atención,1
VF101613,Full,22,37,M,La Florida,S01,Sucursal,7,1,1,30030,1,0,7,0,,0
VF101614,Full,3,42,M,Viña del Mar,S06,Referido,7,4,0,31320,1,0,3,1,,0
VF101615,Full,13,33,M,Temuco,S11,Referido,8,1,0,30580,0,0,10,1,,0
VF101616,Premium,30,40,F,La Florida,S06,Referido,13,8,0,47780,1,0,7,0,,0
VF101617,Basico,18,34,F,Viña del Mar,S10,Campaña RRSS,6,3,1,21080,0,1,9,0,,0
VF101618,Full,15,23,M,San Miguel,S09,Sucursal,9,4,0,30470,1,0,6,0,,0
VF101619,Full,15,46,F,Concepción,S12,Sucursal,9,5,0,30050,0,0,6,1,,0
VF101620,Full,9,21,M,Ñuñoa,S04,Sucursal,8,4,0,31270,1,0,10,1,,0
VF101621,Basico,23,27,M,Providencia,S12,Web,6,2,0,20240,1,1,8,0,,0
VF101622,Full,3,40,M,La Florida,S06,Sucursal,4,1,2,29250,1,0,7,1,,0
VF101623,Basico,19,20,M,Maipú,S11,Web,3,1,0,19430,0,0,9,0,,0
VF101624,Premium,16,43,M,San Miguel,S09,Campaña RRSS,11,5,1,46210,1,0,5,1,,0
VF101625,Full,4,28,F,Viña del Mar,S09,Campaña RRSS,6,3,0,29570,1,0,7,1,,0
VF101626,Full,40,21,F,Temuco,S06,Campaña RRSS,7,3,1,29270,1,0,9,1,,0
VF101627,Full,19,28,M,Vitacura,S07,Sucursal,9,3,1,29370,1,0,8,0,,0
VF101628,Basico,4,35,M,Ñuñoa,S03,Web,8,2,0,20050,0,0,5,1,,0
VF101629,Basico,13,50,M,Viña del Mar,S06,Sucursal,6,3,0,20230,1,0,7,1,,0
VF101630,Full,17,24,F,Maipú,S01,Web,5,3,0,29720,1,1,10,1,,0
VF101631,Basico,16,25,M,Santiago,S05,App,0,0,1,20120,1,1,4,7,Poco uso,1
VF101632,Basico,36,36,M,Ñuñoa,S04,Sucursal,7,4,0,20470,0,0,7,0,,0
VF101633,Full,8,21,F,Maipú,S02,Campaña RRSS,5,1,0,29950,1,0,9,0,,0
VF101634,Basico,33,42,F,Las Condes,S07,Campaña RRSS,1,0,0,20360,0,0,8,0,,0
VF101635,Basico,13,17,F,Temuco,S04,Referido,2,1,1,19200,0,0,10,1,,0
VF101636,Full,18,34,F,La Florida,S07,App,7,2,0,29830,1,0,7,1,,0
VF101637,Full,20,38,F,Temuco,S11,App,5,1,0,31290,1,0,5,0,,0
VF101638,Basico,15,25,F,Viña del Mar,S03,Sucursal,1,0,1,20580,1,0,7,0,,0
VF101639,Full,2,31,M,Vitacura,S10,App,4,2,0,30050,1,0,7,0,,0
VF101640,Basico,40,42,F,Concepción,S10,App,2,1,0,21030,0,0,10,0,,0
VF101641,Basico,18,19,F,Puente Alto,S09,App,1,0,1,19960,1,1,7,0,,0
VF101642,Full,9,25,M,San Miguel,S03,App,4,1,0,29460,1,1,9,1,,0
VF101643,Full,3,25,M,La Florida,S07,App,3,1,0,28720,0,2,5,0,,0
VF101644,Basico,19,47,F,Vitacura,S08,Web,3,1,0,21250,1,1,10,0,,0
VF101645,Basico,10,40,F,Temuco,S07,Campaña RRSS,5,3,0,20180,1,0,9,1,,0
VF101646,Full,7,38,M,Puente Alto,S12,Referido,15,9,1,30430,0,0,5,0,,0
VF101647,Full,18,36,F,Temuco,S10,Campaña RRSS,1,0,1,31130,0,0,10,0,,0
VF101648,Basico,7,18,F,Ñuñoa,S12,Web,1,0,1,18100,1,3,6,0,,0
VF101649,Full,46,40,M,Providencia,S10,Referido,6,4,0,29340,1,1,5,0,,0
VF101650,Basico,16,31,F,Las Condes,S04,Sucursal,3,1,0,21920,1,0,8,0,,0
VF101651,Full,18,26,F,Concepción,S05,App,6,3,0,29800,1,0,10,1,,0
VF101652,Basico,18,27,F,Vitacura,S07,Web,2,0,0,20240,1,4,6,1,Salud,1
VF101653,Premium,6,36,F,Maipú,S12,Sucursal,7,4,0,46000,1,1,8,1,,0
VF101654,Full,10,30,F,Concepción,S10,Referido,9,4,0,29810,1,1,8,0,,0
VF101655,Full,30,35,F,Concepción,S11,Web,0,0,0,29090,1,0,7,6,,0
VF101656,Basico,19,42,M,Temuco,S06,App,2,1,1,20150,0,1,8,0,,0
VF101657,Full,32,39,M,Vitacura,S11,Sucursal,5,1,0,29850,1,0,6,1,,0
VF101658,Full,34,50,M,San Miguel,S04,App,9,1,1,29410,1,0,7,0,,0
VF101659,Basico,16,30,Otro,Concepción,S10,Sucursal,2,0,0,20110,0,3,7,0,,0
VF101660,Premium,9,40,F,Providencia,S09,Sucursal,6,3,1,47650,1,1,5,1,,0
VF101661,Basico,8,47,M,Maipú,S12,Web,4,2,0,20770,1,0,5,0,Mala atención,1
VF101662,Basico,11,27,M,Maipú,S11,Web,9,2,1,20410,1,0,8,0,,0
VF101663,Full,43,47,F,La Florida,S06,App,7,3,1,29820,1,1,8,0,Mala atención,1
VF101664,Full,83,33,F,Concepción,S02,Referido,9,4,0,30040,1,0,10,0,,0
VF101665,Basico,29,34,F,Concepción,S06,Referido,4,1,1,19580,1,0,6,1,,0
VF101666,Premium,6,43,F,Vitacura,S10,App,10,4,0,42500,1,0,7,0,Salud,1
VF101667,Full,19,29,M,San Miguel,S04,Campaña RRSS,8,2,0,30440,0,0,4,0,,0
VF101668,Full,18,20,M,Ñuñoa,S06,Web,7,3,1,29510,1,0,10,1,,0
VF101669,Full,24,35,M,San Miguel,S09,Sucursal,8,3,0,30150,1,0,10,1,,0
VF101670,Full,11,38,F,Vitacura,S04,Web,1,0,2,29700,0,0,4,0,,0
VF101671,Full,29,51,M,Santiago,S12,Campaña RRSS,5,1,0,30490,1,1,9,0,,0
VF101672,Premium,7,39,F,Las Condes,S12,App,13,7,0,47550,1,0,8,0,,0
VF101673,Full,17,20,M,Maipú,S04,App,14,7,1,29840,0,0,3,0,,0
VF101674,Full,46,21,M,Vitacura,S11,Web,7,4,0,30580,1,0,8,0,,0
VF101675,Full,13,29,F,Vitacura,S01,Sucursal,6,2,0,30030,1,0,10,1,,0
VF101676,Full,8,22,F,Ñuñoa,S05,Web,6,1,0,30510,1,0,9,0,,0
VF101677,Full,31,29,M,Santiago,S08,Web,7,2,0,28820,1,0,6,1,,0
VF101678,Basico,40,24,M,Concepción,S01,App,4,2,0,19270,1,1,8,0,,0
VF101679,Basico,18,29,F,Puente Alto,S04,App,1,0,0,19750,1,1,9,1,,0
VF101680,Basico,64,41,F,Santiago,S04,App,4,2,0,20120,0,0,10,1,,0
VF101681,Full,28,27,F,San Miguel,S11,Sucursal,13,3,1,30720,1,0,9,1,,0
VF101682,Full,13,47,F,San Miguel,S10,Web,3,1,0,30290,0,0,4,1,,0
VF101683,Full,9,30,F,Concepción,S06,Web,3,1,0,29710,0,1,9,1,,0
VF101684,Basico,24,17,F,Las Condes,S02,Web,4,2,0,20090,1,0,10,1,,0
VF101685,Basico,20,35,F,San Miguel,S09,Campaña RRSS,4,1,1,20430,0,0,7,0,,0
VF101686,Basico,14,20,M,Viña del Mar,S09,Web,5,1,1,19580,1,0,6,0,,0
VF101687,Premium,15,38,M,La Florida,S10,Web,10,4,0,44980,1,0,9,1,,0
VF101688,Premium,28,46,M,Vitacura,S12,Referido,9,3,0,45160,1,0,10,0,,0
VF101689,Full,16,33,F,Providencia,S06,Campaña RRSS,6,3,0,28770,0,1,8,1,,0
VF101690,Full,34,37,M,San Miguel,S03,Web,7,2,0,29640,1,0,10,0,,0
VF101691,Full,18,35,M,Puente Alto,S10,App,9,2,0,27640,0,0,3,0,Salud,1
VF101692,Full,55,44,F,Ñuñoa,S10,App,9,6,0,29780,0,0,9,0,,0
VF101693,Premium,8,16,M,Puente Alto,S08,Referido,8,2,0,45950,0,1,5,0,Precio,1
VF101694,Full,11,16,F,Las Condes,S06,Web,10,2,1,29190,0,0,8,0,,0
VF101695,Basico,7,32,F,La Florida,S09,Referido,2,1,0,20990,1,1,10,0,Salud,1
VF101696,Full,8,23,F,Santiago,S06,Sucursal,9,5,1,30380,1,0,5,1,,0
VF101697,Premium,37,57,M,La Florida,S09,Sucursal,17,6,0,47720,0,2,6,1,,0
VF101698,Full,23,29,M,Ñuñoa,S03,Referido,3,1,0,29580,1,1,7,0,,0
VF101699,Full,25,58,F,Puente Alto,S08,Web,7,2,0,31150,0,0,6,0,,0
VF101700,Basico,22,28,M,Puente Alto,S06,Sucursal,0,0,0,20520,1,1,6,4,Mala atención,1
VF101701,Full,20,38,M,San Miguel,S04,Web,6,1,0,30500,1,0,6,0,,0
VF101702,Full,21,31,F,Maipú,S04,Web,3,0,0,30230,0,0,7,1,Poco uso,1
VF101703,Full,8,36,F,Temuco,S08,Web,9,4,2,29660,1,0,7,1,,0
VF101704,Basico,16,25,M,Maipú,S08,Web,3,1,0,20150,1,0,8,0,,0
VF101705,Full,9,30,F,Maipú,S04,Sucursal,7,3,1,29180,1,1,8,0,Precio,1
VF101706,Full,20,16,M,Puente Alto,S08,Referido,4,1,0,30820,1,1,4,1,Salud,1
VF101707,Full,43,39,M,Providencia,S07,Web,6,1,0,29670,1,0,9,0,,0
VF101708,Full,12,48,F,La Florida,S12,Web,7,2,0,30510,1,0,10,0,,0
VF101709,Full,41,22,M,Temuco,S07,App,8,3,0,30360,1,0,7,1,,0
VF101710,Basico,11,44,F,Maipú,S06,Web,4,0,1,19330,1,0,10,1,,0
VF101711,Basico,12,33,M,Maipú,S10,Sucursal,6,1,1,20720,1,1,7,0,,0
VF101712,Basico,18,40,F,Ñuñoa,S08,Referido,7,2,0,20480,1,0,7,0,,0
VF101713,Premium,21,40,F,La Florida,S07,Sucursal,8,5,2,45750,1,0,6,1,,0
VF101714,Premium,30,16,F,Providencia,S11,Sucursal,8,5,0,46450,0,0,10,0,Poco uso,1
VF101715,Basico,23,46,F,Temuco,S08,Campaña RRSS,3,0,0,18710,0,0,6,0,Se cambió de gimnasio,1
VF101716,Basico,9,35,M,Las Condes,S08,App,1,0,0,19250,0,0,5,1,,0
VF101717,Basico,38,49,M,Concepción,S06,Campaña RRSS,4,1,2,20760,0,1,9,0,,0
VF101718,Basico,30,17,F,San Miguel,S07,Web,3,1,2,19130,0,0,8,1,,0
VF101719,Basico,17,17,F,Viña del Mar,S04,Sucursal,0,0,0,21200,1,0,7,1,Salud,1
VF101720,Basico,23,37,M,San Miguel,S02,Web,2,1,1,19690,0,0,7,1,Salud,1
VF101721,Full,5,56,F,Vitacura,S05,Referido,11,2,0,30470,1,1,8,0,,0
VF101722,Full,31,46,F,Temuco,S04,Referido,6,1,0,30600,1,0,5,0,,0
VF101723,Basico,33,40,M,Puente Alto,S10,App,7,1,0,19950,0,0,10,1,,0
VF101724,Basico,20,37,M,Santiago,S07,Referido,3,1,0,20180,1,0,6,1,,0
VF101725,Full,16,33,F,Ñuñoa,S09,Web,10,4,0,30940,1,2,4,1,Se cambió de gimnasio,1
VF101726,Basico,40,33,F,La Florida,S02,App,6,4,0,20610,1,0,8,0,,0
VF101727,Premium,15,49,F,Concepción,S01,Referido,8,4,1,45930,1,0,9,0,,0
VF101728,Basico,8,59,M,Viña del Mar,S07,Campaña RRSS,3,1,0,19600,0,0,9,1,,0
VF101729,Premium,16,29,F,Ñuñoa,S08,Campaña RRSS,12,6,0,43960,1,0,6,0,,0
VF101730,Full,23,30,M,Viña del Mar,S02,App,2,1,1,29310,0,0,7,0,,0
VF101731,Basico,12,51,F,Las Condes,S04,Referido,3,1,0,20090,1,1,7,0,,0
VF101732,Basico,12,31,F,San Miguel,S03,Sucursal,5,3,0,20260,0,4,5,1,Se cambió de gimnasio,1
VF101733,Full,26,29,F,Viña del Mar,S04,Sucursal,8,5,0,29730,1,0,6,0,,0
VF101734,Full,21,30,F,Vitacura,S05,Referido,13,7,1,30780,1,0,8,1,,0
VF101735,Full,39,29,F,Maipú,S01,Web,7,4,0,28820,0,0,7,0,,0
VF101736,Basico,14,29,F,Viña del Mar,S01,Campaña RRSS,3,0,0,19440,0,0,9,1,Precio,1
VF101737,Full,13,31,F,Maipú,S11,App,6,2,0,29690,1,1,8,0,,0
VF101738,Full,12,36,F,Temuco,S02,Web,6,1,0,31670,1,0,4,1,,0
VF101739,Full,4,35,F,Ñuñoa,S11,Web,6,3,1,30550,0,2,9,1,,0
VF101740,Basico,11,27,F,Providencia,S05,Referido,8,4,0,19940,0,1,7,1,,0
VF101741,Basico,7,30,F,Las Condes,S04,Referido,3,1,1,19720,0,3,2,1,Se cambió de gimnasio,1
VF101742,Full,23,24,M,San Miguel,S09,App,9,2,1,32420,1,0,10,1,Poco uso,1
VF101743,Full,16,29,M,Las Condes,S04,Campaña RRSS,4,2,2,31380,1,0,8,1,Poco uso,1
VF101744,Premium,11,43,F,La Florida,S03,Web,3,1,0,46150,1,0,10,1,,0
VF101745,Basico,15,38,F,Santiago,S12,Campaña RRSS,8,4,1,18980,1,0,8,0,,0
VF101746,Full,46,44,F,San Miguel,S07,Sucursal,0,0,1,29330,1,3,4,2,Se mudó,1
VF101747,Basico,26,24,F,Ñuñoa,S04,Sucursal,2,1,0,19970,0,2,3,0,,0
VF101748,Full,31,40,M,Temuco,S09,Campaña RRSS,6,3,0,28720,0,1,9,0,Se mudó,1
VF101749,Full,7,31,M,Vitacura,S08,Sucursal,6,1,0,29840,1,3,7,0,Se cambió de gimnasio,1
VF101750,Full,24,30,M,Temuco,S05,Campaña RRSS,1,0,0,29090,1,0,7,0,,0
VF101751,Full,17,22,F,Ñuñoa,S11,Sucursal,5,1,0,29780,1,0,10,1,,0
VF101752,Premium,33,26,M,Maipú,S04,App,10,6,2,45590,1,0,7,0,,0
VF101753,Full,8,47,M,Concepción,S02,Campaña RRSS,7,2,1,30830,1,0,5,1,,0
VF101754,Full,35,35,M,Las Condes,S11,Web,0,0,0,31460,1,2,2,7,Se mudó,1
VF101755,Basico,12,43,F,Providencia,S08,App,8,3,0,20190,1,0,4,0,,0
VF101756,Full,21,16,F,Providencia,S02,Referido,14,9,0,29850,1,0,10,0,Salud,1
VF101757,Full,11,26,M,Maipú,S09,Campaña RRSS,18,3,0,30940,0,1,4,0,,0
VF101758,Full,21,23,M,Santiago,S01,Web,4,1,1,29190,1,0,9,1,,0
VF101759,Basico,18,39,F,Las Condes,S02,Referido,0,0,0,20120,0,1,7,4,,0
VF101760,Basico,6,36,F,Vitacura,S08,Referido,0,0,0,20030,1,2,9,3,Se cambió de gimnasio,1
VF101761,Basico,31,16,M,Concepción,S03,App,5,3,0,19830,0,0,5,1,,0
VF101762,Premium,10,35,M,Puente Alto,S12,Sucursal,14,4,0,46700,1,0,8,1,Salud,1
VF101763,Full,46,40,M,Ñuñoa,S03,Referido,3,2,0,31170,1,0,10,0,,0
VF101764,Full,5,35,M,Las Condes,S02,Referido,5,2,1,30040,1,0,10,1,,0
VF101765,Full,34,33,M,Viña del Mar,S12,Sucursal,9,2,1,29000,1,1,7,0,Se cambió de gimnasio,1
VF101766,Basico,24,40,M,Santiago,S11,Referido,3,1,0,20880,0,0,5,0,,0
VF101767,Basico,14,66,M,Providencia,S07,Web,4,1,2,20050,1,0,6,1,Precio,1
VF101768,Full,32,34,F,Temuco,S07,Web,6,4,0,29710,1,0,8,0,,0
VF101769,Basico,61,40,F,Maipú,S03,Sucursal,2,1,0,19870,1,3,8,0,Se cambió de gimnasio,1
VF101770,Basico,7,17,F,Vitacura,S07,Campaña RRSS,6,3,0,19010,0,0,7,1,,0
VF101771,Full,13,58,M,San Miguel,S07,Web,5,2,0,29430,1,0,6,1,,0
VF101772,Basico,42,47,F,Ñuñoa,S02,Web,6,3,0,19840,0,0,5,1,,0
VF101773,Premium,11,23,F,Las Condes,S08,App,11,2,0,45420,0,0,6,1,,0
VF101774,Basico,3,34,F,San Miguel,S11,Web,5,2,0,20670,0,0,6,0,,0
VF101775,Full,20,44,F,Temuco,S07,Sucursal,10,2,0,31160,1,0,10,1,,0
VF101776,Basico,13,48,F,Temuco,S02,Sucursal,0,0,0,19470,0,1,7,5,Se cambió de gimnasio,1
VF101777,Premium,19,31,F,Maipú,S04,Sucursal,4,1,1,47810,1,0,9,0,,0
VF101778,Basico,14,20,F,Viña del Mar,S06,Referido,6,2,0,20670,0,1,5,1,,0
VF101779,Basico,4,33,F,Temuco,S07,Sucursal,7,3,1,20810,0,0,8,0,,0
VF101780,Basico,9,37,M,Vitacura,S03,Referido,3,0,0,20260,0,0,8,0,,0
VF101781,Full,15,49,F,Las Condes,S01,Web,11,5,0,27540,0,0,10,0,,0
VF101782,Basico,16,39,M,Concepción,S01,App,6,3,0,18670,0,0,10,0,,0
VF101783,Basico,15,16,M,Puente Alto,S05,Referido,4,1,0,19900,0,0,8,0,,0
VF101784,Full,21,33,F,Concepción,S08,Web,8,3,0,30330,1,2,6,1,,0
VF101785,Full,12,52,M,Las Condes,S11,Campaña RRSS,6,2,0,28760,1,0,4,0,Se mudó,1
VF101786,Basico,7,34,F,Ñuñoa,S03,Referido,7,2,1,19490,1,0,9,1,,0
VF101787,Basico,42,37,F,Maipú,S06,Web,7,1,1,20450,1,0,7,0,,0
VF101788,Basico,41,39,F,Providencia,S01,Web,5,2,2,19750,1,1,9,1,,0
VF101789,Full,21,25,F,Ñuñoa,S06,Web,8,3,1,30020,1,0,9,1,,0
VF101790,Full,21,35,F,Providencia,S01,Campaña RRSS,8,2,0,28840,1,0,6,0,Precio,1
VF101791,Premium,5,25,F,Las Condes,S06,Web,8,3,0,46370,1,0,8,1,,0
VF101792,Full,35,20,M,Santiago,S06,Campaña RRSS,6,1,1,31330,1,0,7,1,,0
VF101793,Full,7,21,F,La Florida,S07,Campaña RRSS,12,4,1,31200,0,0,9,1,,0
VF101794,Full,14,30,F,Santiago,S12,Web,11,5,0,31310,1,0,7,0,,0
VF101795,Full,32,47,M,Temuco,S04,Sucursal,7,3,1,30670,1,0,9,0,,0
VF101796,Full,3,22,F,San Miguel,S05,Web,8,1,0,30770,1,0,8,1,Poco uso,1
VF101797,Basico,5,33,M,La Florida,S08,Web,2,0,0,19850,1,1,7,0,Se mudó,1
VF101798,Basico,61,47,F,Vitacura,S11,Web,9,4,0,19960,0,0,8,0,,0
VF101799,Basico,10,41,F,Maipú,S05,Web,1,0,1,19480,0,0,4,1,Precio,1
VF101800,Basico,9,43,M,Providencia,S03,App,5,1,1,20120,0,0,3,0,Se cambió de gimnasio,1
VF101801,Basico,13,31,F,Viña del Mar,S05,Sucursal,6,3,2,20460,1,1,9,0,,0
VF101802,Basico,36,40,M,San Miguel,S12,Referido,7,2,0,20140,0,0,8,1,,0
VF101803,Basico,87,38,M,Temuco,S05,Web,9,5,0,19220,1,0,7,0,,0
VF101804,Basico,11,30,M,Providencia,S12,Campaña RRSS,1,0,0,19370,0,4,3,1,Se cambió de gimnasio,1
VF101805,Premium,49,38,F,Ñuñoa,S09,Web,10,2,1,46370,1,0,6,0,,0
VF101806,Full,4,37,M,Santiago,S10,Sucursal,0,0,0,29820,1,1,7,2,,0
VF101807,Full,20,32,F,Maipú,S06,Campaña RRSS,4,2,0,29950,1,0,10,0,,0
VF101808,Full,24,40,F,Santiago,S10,App,11,6,0,30040,1,0,10,0,,0
VF101809,Full,48,23,F,San Miguel,S02,Web,5,2,0,30590,1,1,10,1,,0
VF101810,Premium,2,49,M,Temuco,S11,Web,4,2,0,48690,1,1,6,0,,0
VF101811,Basico,3,33,M,Viña del Mar,S04,Referido,4,2,1,19420,1,0,9,0,Salud,1
VF101812,Full,8,37,F,Ñuñoa,S10,App,7,1,1,29460,1,1,6,1,,0
VF101813,Full,21,29,M,Santiago,S01,Web,5,1,0,29320,1,0,6,0,,0
VF101814,Full,12,39,M,Las Condes,S07,App,6,1,0,30620,1,0,10,0,Se mudó,1
VF101815,Basico,24,46,F,Temuco,S08,Referido,1,0,0,20180,1,2,7,1,Se mudó,1
VF101816,Basico,42,19,F,Providencia,S06,Referido,0,0,1,20210,1,1,6,1,,0
VF101817,Basico,14,44,F,Viña del Mar,S05,Web,1,0,0,19170,0,3,5,0,,0
VF101818,Premium,9,31,M,Providencia,S10,Web,6,3,1,44560,1,1,5,0,,0
VF101819,Full,14,23,M,La Florida,S12,Sucursal,6,1,0,29310,1,0,6,0,,0
VF101820,Basico,6,29,F,Concepción,S08,Web,4,2,0,21120,0,0,8,0,,0
VF101821,Full,32,23,F,Puente Alto,S09,App,10,6,2,29950,0,0,6,1,,0
VF101822,Basico,13,27,M,Providencia,S04,App,2,0,0,20280,1,1,7,1,,0
VF101823,Full,14,39,F,Temuco,S02,App,10,6,0,28980,1,1,7,1,,0
VF101824,Full,20,41,F,Viña del Mar,S03,Web,1,0,0,31200,1,0,7,1,,0
VF101825,Premium,20,44,F,Vitacura,S08,Web,9,5,1,47180,1,0,8,1,,0
VF101826,Basico,13,29,M,San Miguel,S07,Referido,0,0,0,19670,0,2,4,2,Salud,1
VF101827,Full,6,16,M,Santiago,S12,Web,6,1,0,30690,1,0,7,0,,0
VF101828,Full,7,40,F,Viña del Mar,S07,Referido,6,4,0,29720,1,0,10,0,,0
VF101829,Premium,7,32,F,Maipú,S07,Referido,5,1,0,43250,0,0,7,1,,0
VF101830,Basico,19,27,F,Ñuñoa,S02,App,0,0,0,20250,1,1,5,2,Poco uso,1
VF101831,Basico,11,24,F,Providencia,S09,App,4,0,0,19520,0,0,8,1,,0
VF101832,Basico,7,25,F,Ñuñoa,S03,Referido,2,0,0,18600,1,2,9,1,Precio,1
VF101833,Full,31,35,F,Las Condes,S08,Web,9,4,0,30530,1,0,8,0,,0
VF101834,Basico,14,34,F,Las Condes,S09,Sucursal,4,1,1,19350,0,1,7,0,,0
VF101835,Basico,25,36,F,Providencia,S04,Web,2,1,1,20580,0,2,10,0,,0
VF101836,Basico,16,32,M,Puente Alto,S04,App,0,0,0,20020,0,1,5,2,Salud,1
VF101837,Premium,19,36,M,Puente Alto,S09,Sucursal,13,5,0,44950,0,0,7,0,,0
VF101838,Premium,12,46,F,Santiago,S05,Sucursal,9,5,0,44340,1,2,5,1,,0
VF101839,Basico,7,46,M,Santiago,S12,Sucursal,0,0,0,19980,0,0,10,3,,0
VF101840,Basico,25,47,F,Puente Alto,S06,Sucursal,2,0,0,20940,0,2,7,1,Se cambió de gimnasio,1
VF101841,Full,36,37,M,Viña del Mar,S02,Referido,7,4,1,31790,1,0,7,0,,0
VF101842,Basico,24,39,M,Viña del Mar,S11,Referido,4,1,0,19250,1,1,7,1,,0
VF101843,Full,10,44,M,La Florida,S10,App,7,4,0,29630,1,0,7,0,,0
VF101844,Premium,15,55,M,Puente Alto,S02,Campaña RRSS,17,10,0,45990,1,2,8,0,,0
VF101845,Basico,51,31,M,San Miguel,S12,App,2,1,2,20610,0,0,6,1,,0
VF101846,Basico,8,36,F,Santiago,S10,Referido,3,2,1,20520,0,0,6,0,Poco uso,1
VF101847,Basico,24,45,F,Viña del Mar,S07,Web,2,1,0,21140,1,1,6,1,,0
VF101848,Basico,11,30,F,Santiago,S02,App,6,2,0,19170,1,0,7,0,,0
VF101849,Full,11,21,M,Puente Alto,S10,Web,5,3,0,29470,1,0,8,0,Poco uso,1
VF101850,Premium,25,35,M,Ñuñoa,S12,Web,5,1,0,45200,1,0,10,1,,0
VF101851,Full,22,41,M,Santiago,S08,App,10,4,1,29990,1,0,9,0,,0
VF101852,Full,3,16,F,Ñuñoa,S01,Sucursal,5,3,0,29850,1,0,9,0,,0
VF101853,Premium,15,48,F,Providencia,S03,Sucursal,9,4,2,44510,1,0,7,0,,0
VF101854,Full,16,41,F,San Miguel,S08,Campaña RRSS,8,2,0,31710,1,1,8,1,,0
VF101855,Full,40,36,M,Santiago,S01,Campaña RRSS,9,3,1,31070,1,1,4,1,,0
VF101856,Basico,17,23,F,San Miguel,S05,Campaña RRSS,2,0,1,19430,0,1,10,0,,0
VF101857,Basico,14,26,M,Viña del Mar,S05,Sucursal,6,1,1,20140,0,0,8,1,,0
VF101858,Basico,14,38,F,La Florida,S08,Sucursal,4,1,0,20500,0,0,9,1,,0
VF101859,Premium,19,30,F,Concepción,S12,Sucursal,3,1,1,45410,0,0,10,1,,0
VF101860,Basico,28,44,F,San Miguel,S12,App,2,0,0,19010,1,0,10,0,,0
VF101861,Basico,50,39,M,La Florida,S10,Campaña RRSS,0,0,1,20410,1,2,3,4,,0
VF101862,Basico,17,50,M,Providencia,S01,Web,3,0,1,19540,0,0,6,1,,0
VF101863,Premium,20,20,F,Vitacura,S06,Sucursal,8,4,0,45450,1,0,10,0,,0
VF101864,Full,9,38,Otro,San Miguel,S09,Web,6,1,0,30820,1,0,10,1,,0
VF101865,Basico,13,16,M,Maipú,S09,Referido,2,0,0,19710,0,1,10,1,,0
VF101866,Premium,16,35,F,Viña del Mar,S12,Campaña RRSS,8,2,0,45230,1,0,5,1,,0
VF101867,Basico,7,33,M,Concepción,S01,Web,2,1,0,19830,0,1,5,1,,0
VF101868,Premium,11,37,F,San Miguel,S12,App,10,5,1,46510,1,0,10,0,,0
VF101869,Premium,9,31,F,Santiago,S11,Campaña RRSS,4,2,0,46450,0,0,9,1,,0
VF101870,Premium,22,28,M,La Florida,S02,Sucursal,3,1,1,46660,1,1,7,0,Se mudó,1
VF101871,Basico,8,55,Otro,Viña del Mar,S08,Campaña RRSS,1,0,1,20320,1,1,9,0,,0
VF101872,Basico,18,21,F,Maipú,S08,Campaña RRSS,1,0,0,21050,1,3,6,0,Poco uso,1
VF101873,Basico,2,46,M,Viña del Mar,S09,App,5,3,1,20800,1,0,5,0,,0
VF101874,Premium,50,38,M,Temuco,S06,Sucursal,8,4,0,43600,1,0,10,1,,0
VF101875,Basico,17,44,F,Vitacura,S06,Sucursal,9,2,1,19650,1,0,9,1,,0
VF101876,Full,17,26,M,Puente Alto,S06,App,8,3,0,29190,1,0,9,1,,0
VF101877,Premium,61,42,Otro,Providencia,S12,Web,13,8,0,47270,1,1,6,0,,0
VF101878,Premium,25,42,F,Puente Alto,S01,Sucursal,9,2,0,46760,0,0,9,1,,0
VF101879,Basico,8,27,M,Ñuñoa,S11,Campaña RRSS,1,0,0,20560,0,0,4,1,Precio,1
VF101880,Full,6,30,F,Las Condes,S03,Web,3,1,0,29130,1,0,10,0,Mala atención,1
VF101881,Full,36,42,M,Santiago,S05,Campaña RRSS,5,1,1,30180,0,0,5,1,,0
VF101882,Full,11,39,M,Vitacura,S09,Campaña RRSS,5,3,0,29580,1,0,6,0,,0
VF101883,Full,18,50,M,Providencia,S01,Sucursal,15,4,1,28550,1,0,5,0,,0
VF101884,Premium,9,38,F,Puente Alto,S12,App,9,1,0,46090,1,1,5,0,,0
VF101885,Full,11,47,F,Las Condes,S07,Campaña RRSS,10,6,0,27870,1,0,8,1,,0
VF101886,Premium,18,38,F,Concepción,S09,App,9,4,0,45160,1,0,10,0,Se cambió de gimnasio,1
VF101887,Full,26,46,F,La Florida,S12,Web,7,2,1,30690,1,1,5,0,Se cambió de gimnasio,1
VF101888,Full,20,29,M,La Florida,S03,App,5,1,0,30360,1,0,6,0,,0
VF101889,Premium,2,51,F,Concepción,S04,Sucursal,7,1,0,46080,1,0,6,1,,0
VF101890,Basico,36,40,M,Viña del Mar,S08,Web,7,4,0,19800,1,0,9,1,,0
VF101891,Basico,23,56,F,Providencia,S01,Campaña RRSS,8,4,0,20670,0,1,10,0,,0
VF101892,Full,17,28,M,Maipú,S01,Sucursal,4,1,1,29750,1,0,8,1,,0
VF101893,Full,15,16,M,Santiago,S01,Referido,5,3,1,30020,1,1,8,0,,0
VF101894,Basico,20,47,F,Vitacura,S03,Web,0,0,0,18780,0,3,3,1,,0
VF101895,Premium,14,16,M,Las Condes,S11,Web,4,2,0,45190,0,0,6,1,Mala atención,1
VF101896,Premium,5,36,F,Maipú,S05,Sucursal,10,6,0,42570,1,1,8,0,,0
VF101897,Full,38,29,M,Ñuñoa,S08,App,7,1,1,29190,1,0,10,1,,0
VF101898,Full,7,52,F,San Miguel,S11,App,7,4,0,30810,1,0,5,0,,0
VF101899,Full,9,26,M,Concepción,S07,App,12,7,1,28960,0,0,6,0,,0
VF101900,Premium,11,26,M,San Miguel,S10,Campaña RRSS,10,3,1,47440,1,1,2,1,,0
VF101901,Basico,13,38,Otro,Temuco,S04,App,4,2,1,20540,1,2,6,1,,0
VF101902,Basico,9,29,F,Temuco,S10,Referido,8,5,1,19840,1,0,8,0,,0
VF101903,Full,30,38,F,Concepción,S08,App,0,0,0,30420,1,0,5,2,,0
VF101904,Full,13,23,F,Concepción,S05,Web,12,3,0,29400,1,0,5,0,,0
VF101905,Basico,26,26,M,San Miguel,S11,Web,4,2,0,20440,1,0,9,1,,0
VF101906,Premium,1,45,M,San Miguel,S02,Referido,6,1,0,46310,1,0,6,0,,0
VF101907,Full,33,18,F,La Florida,S05,Sucursal,4,1,1,29840,0,1,8,1,,0
VF101908,Full,67,36,M,Puente Alto,S10,Campaña RRSS,5,1,1,29460,1,0,10,0,,0
VF101909,Basico,24,35,F,Ñuñoa,S02,Sucursal,4,1,0,19150,0,0,10,0,,0
VF101910,Full,11,26,F,Puente Alto,S02,Web,5,2,0,29900,1,0,9,1,,0
VF101911,Full,17,44,F,Ñuñoa,S08,Web,6,4,2,30760,1,0,10,1,,0
VF101912,Basico,26,19,M,Ñuñoa,S11,Sucursal,3,0,3,19260,1,0,5,1,,0
VF101913,Full,41,17,F,La Florida,S01,App,3,0,0,30420,0,0,10,1,,0
VF101914,Full,11,39,M,Puente Alto,S12,App,11,6,3,28800,1,0,7,1,,0
VF101915,Basico,10,35,F,Concepción,S04,Web,3,1,0,19840,0,0,5,1,,0
VF101916,Basico,14,27,F,Ñuñoa,S08,Campaña RRSS,3,1,0,20570,1,0,7,1,,0
VF101917,Full,11,44,M,Concepción,S02,Web,6,1,0,29860,1,0,8,0,,0
VF101918,Full,13,16,M,Concepción,S01,Referido,2,1,1,29930,1,0,8,0,,0
VF101919,Basico,22,32,M,Vitacura,S06,Campaña RRSS,4,0,0,18950,0,0,9,1,,0
VF101920,Basico,16,45,F,Maipú,S11,Web,5,1,0,19720,1,0,10,0,,0
VF101921,Basico,13,38,M,Concepción,S08,Web,6,2,0,19760,1,0,6,1,Precio,1
VF101922,Basico,8,17,F,Temuco,S01,Web,1,0,0,19910,1,1,10,1,,0
VF101923,Basico,6,33,M,La Florida,S08,Sucursal,0,0,1,19450,0,3,7,4,Se cambió de gimnasio,1
VF101924,Basico,17,36,M,Maipú,S11,Web,3,0,0,20200,1,0,5,1,,0
VF101925,Basico,13,45,F,Providencia,S08,Web,5,1,0,18620,0,0,9,0,,0
VF101926,Basico,5,27,M,Concepción,S11,Referido,4,1,0,20740,1,1,10,0,,0
VF101927,Full,22,37,M,Providencia,S01,App,6,1,0,30240,1,1,9,1,,0
VF101928,Basico,39,32,M,Las Condes,S06,Campaña RRSS,0,0,0,19970,1,1,8,5,,0
VF101929,Full,84,16,M,Temuco,S02,Sucursal,4,2,0,30540,1,0,8,1,,0
VF101930,Full,17,29,M,Concepción,S02,Web,11,7,0,30240,1,0,7,0,,0
VF101931,Full,32,17,F,San Miguel,S06,Web,7,2,0,29880,0,0,8,0,,0
VF101932,Full,11,29,F,San Miguel,S05,App,10,2,1,31400,1,1,9,0,Mala atención,1
VF101933,Full,13,32,F,Las Condes,S11,App,8,3,0,30760,1,1,5,0,,0
VF101934,Full,24,32,M,Viña del Mar,S11,Web,7,4,0,29730,1,1,6,0,,0
VF101935,Basico,17,54,F,Vitacura,S02,App,1,0,0,19050,0,2,4,0,Salud,1
VF101936,Full,28,34,F,Viña del Mar,S05,Campaña RRSS,7,4,1,29870,1,2,5,1,,0
VF101937,Basico,30,39,M,Ñuñoa,S01,Referido,11,4,0,19830,0,0,9,1,Poco uso,1
VF101938,Basico,17,35,F,Viña del Mar,S11,App,0,0,0,19300,1,1,10,6,Salud,1
VF101939,Full,20,33,F,Santiago,S08,Referido,7,2,0,29380,1,2,6,0,,0
VF101940,Full,20,32,F,La Florida,S08,Sucursal,6,1,1,30910,1,0,10,0,,0
VF101941,Premium,2,40,F,Ñuñoa,S10,Campaña RRSS,11,3,0,45300,1,0,7,0,,0
VF101942,Basico,21,52,F,Viña del Mar,S07,Campaña RRSS,3,1,1,19800,1,0,6,0,,0
VF101943,Basico,11,33,M,La Florida,S05,Web,6,2,0,19570,0,0,7,1,,0
VF101944,Premium,29,42,M,Puente Alto,S08,Sucursal,11,7,0,44220,0,0,10,1,,0
VF101945,Basico,21,41,F,Ñuñoa,S07,Referido,1,0,0,19680,1,1,10,1,,0
VF101946,Basico,17,16,F,Concepción,S11,Sucursal,1,0,1,20140,0,3,10,0,Mala atención,1
VF101947,Full,13,43,M,Vitacura,S04,Campaña RRSS,6,2,0,30090,1,2,5,1,,0
VF101948,Full,13,27,F,Temuco,S01,Sucursal,8,3,0,29060,1,0,10,1,,0
VF101949,Full,10,46,F,Santiago,S10,Sucursal,6,2,0,29110,1,0,9,0,,0
VF101950,Full,5,41,M,Concepción,S12,Sucursal,6,3,0,29860,0,1,9,0,,0
VF101951,Basico,5,49,M,Santiago,S05,Referido,2,1,1,19920,1,1,6,0,,0
VF101952,Full,10,46,F,Viña del Mar,S09,Web,2,0,2,31690,1,1,7,1,Poco uso,1
VF101953,Basico,5,20,F,Vitacura,S01,Referido,5,1,0,20790,1,0,10,1,,0
VF101954,Full,20,47,M,La Florida,S10,Referido,7,2,0,28130,1,1,7,0,Poco uso,1
VF101955,Basico,17,25,M,Concepción,S12,App,3,1,0,19240,0,0,10,1,,0
VF101956,Basico,22,24,F,Temuco,S11,App,7,4,1,20140,0,2,6,0,Se mudó,1
VF101957,Full,8,32,M,Vitacura,S01,Web,6,2,0,31670,1,0,7,1,,0
VF101958,Full,10,39,M,Temuco,S02,Sucursal,5,2,0,29340,0,0,8,1,,0
VF101959,Basico,11,28,F,Santiago,S02,App,7,2,1,18730,1,1,7,0,,0
VF101960,Premium,8,33,F,Maipú,S04,Campaña RRSS,5,2,1,46370,0,0,10,1,,0
VF101961,Full,9,49,M,Temuco,S04,Sucursal,8,4,1,29180,0,0,5,0,,0
VF101962,Basico,32,27,M,Santiago,S12,Referido,3,0,1,20240,1,0,8,0,,0
VF101963,Full,18,47,F,Temuco,S07,Web,5,3,0,29790,1,0,6,1,,0
VF101964,Full,17,36,M,Maipú,S11,Referido,3,1,1,29250,1,0,7,0,,0
VF101965,Full,33,23,F,Las Condes,S06,Web,4,2,0,29100,1,1,6,1,,0
VF101966,Full,22,43,F,Ñuñoa,S10,Web,4,0,0,29740,1,0,7,0,,0
VF101967,Full,38,44,M,San Miguel,S08,Web,5,3,0,30750,1,1,6,1,,0
VF101968,Full,25,34,Otro,La Florida,S10,Web,1,0,2,29670,1,1,8,0,,0
VF101969,Full,6,33,M,Vitacura,S07,Sucursal,1,0,0,31190,1,0,10,1,,0
VF101970,Basico,44,16,M,Providencia,S05,Web,1,0,0,20080,1,1,4,1,Mala atención,1
VF101971,Basico,17,16,M,Las Condes,S10,Campaña RRSS,1,0,0,19780,1,1,5,1,,0
VF101972,Full,22,42,F,La Florida,S12,Web,6,2,1,31190,1,0,10,1,,0
VF101973,Full,3,37,M,Ñuñoa,S03,Sucursal,4,1,1,30150,0,1,4,1,,0
VF101974,Full,8,27,F,Ñuñoa,S12,Campaña RRSS,5,2,0,30110,1,0,9,0,,0
VF101975,Basico,28,37,F,Temuco,S11,App,4,2,1,20240,0,0,10,1,,0
VF101976,Premium,22,34,F,Vitacura,S03,Campaña RRSS,11,6,1,47700,1,0,8,0,,0
VF101977,Full,35,17,M,Temuco,S10,Sucursal,1,0,0,30980,0,2,10,1,,0
VF101978,Full,20,16,M,Puente Alto,S06,Referido,7,4,0,28260,1,0,6,1,Salud,1
VF101979,Full,24,23,M,Temuco,S11,Web,12,5,0,29430,1,0,9,0,,0
VF101980,Basico,13,45,F,Vitacura,S07,App,7,3,1,20760,0,0,8,0,,0
VF101981,Basico,9,37,M,Santiago,S12,Sucursal,7,3,1,19970,0,1,8,1,,0
VF101982,Full,6,46,F,Puente Alto,S02,App,13,5,1,30080,1,0,8,1,,0
VF101983,Premium,21,21,F,Temuco,S01,Web,7,3,0,45110,1,0,8,1,Mala atención,1
VF101984,Basico,19,24,F,Las Condes,S01,Referido,0,0,0,19970,0,2,7,4,Salud,1
VF101985,Basico,14,43,M,Puente Alto,S03,Web,3,1,0,19630,0,0,7,0,Salud,1
VF101986,Full,16,41,M,Concepción,S02,Sucursal,10,4,0,29540,1,1,10,0,,0
VF101987,Full,19,43,F,La Florida,S01,Campaña RRSS,10,4,1,30630,1,0,10,1,Salud,1
VF101988,Basico,10,37,F,Vitacura,S03,Campaña RRSS,5,1,0,19920,0,2,5,0,,0
VF101989,Full,11,45,F,Santiago,S01,Campaña RRSS,2,0,0,27990,1,0,8,1,Poco uso,1
VF101990,Full,12,44,F,La Florida,S04,Sucursal,9,2,1,31350,1,0,9,0,,0
VF101991,Full,28,16,F,Providencia,S11,Web,4,2,0,31160,1,1,9,0,Precio,1
VF101992,Full,62,23,M,Concepción,S11,Web,8,2,0,29960,1,0,10,0,,0
VF101993,Basico,12,38,M,Maipú,S10,Web,5,1,0,19940,1,0,9,0,,0
VF101994,Full,17,51,F,Santiago,S02,Referido,7,3,1,29510,1,0,3,1,Se cambió de gimnasio,1
VF101995,Full,28,41,M,Vitacura,S01,Sucursal,9,5,0,30900,1,0,10,1,,0
VF101996,Full,52,16,M,San Miguel,S01,Web,7,4,1,29480,1,1,7,0,,0
VF101997,Basico,19,21,F,San Miguel,S12,Referido,1,0,0,20600,0,1,10,1,Poco uso,1
VF101998,Full,18,16,F,Santiago,S12,Web,8,3,0,28660,1,0,8,0,,0
VF101999,Full,12,46,M,Puente Alto,S10,Web,13,4,0,30360,1,0,5,0,,0
VF102000,Full,44,41,F,Santiago,S12,Campaña RRSS,5,3,0,30730,1,0,8,0,,0
VF102001,Full,1,37,M,La Florida,S12,Web,3,0,0,29110,1,0,3,0,,0
VF102002,Basico,11,39,F,Vitacura,S10,Campaña RRSS,3,1,1,19240,0,0,9,1,,0
VF102003,Full,30,22,F,San Miguel,S11,Web,7,2,0,29310,1,0,5,0,,0
VF102004,Full,16,33,M,Santiago,S06,Sucursal,4,0,1,30790,1,0,6,0,,0
VF102005,Full,44,30,F,Temuco,S09,Campaña RRSS,4,2,0,29750,1,0,10,0,,0
VF102006,Basico,19,57,M,Santiago,S06,Referido,3,2,0,20360,1,0,6,0,,0
VF102007,Premium,63,42,M,Temuco,S08,Referido,12,4,0,46860,1,0,8,1,,0
VF102008,Full,6,29,F,Concepción,S03,Web,7,3,1,30220,1,1,8,0,,0
VF102009,Basico,19,29,F,Ñuñoa,S04,App,5,2,1,20740,1,1,8,1,Se cambió de gimnasio,1
VF102010,Premium,20,34,M,San Miguel,S06,App,11,5,0,45740,1,1,5,0,,0
VF102011,Basico,25,42,F,Santiago,S07,Sucursal,3,0,0,20120,1,0,6,0,,0
VF102012,Basico,3,22,F,La Florida,S01,Campaña RRSS,2,1,0,19260,1,0,10,1,,0
VF102013,Premium,16,38,M,Temuco,S08,Sucursal,3,1,0,46400,1,0,7,0,,0
VF102014,Premium,53,46,F,Vitacura,S02,Referido,12,7,0,47570,1,1,7,0,,0
VF102015,Full,18,41,F,Puente Alto,S08,Web,2,0,0,30480,0,0,8,1,,0
VF102016,Full,15,29,M,Vitacura,S01,App,5,3,1,31090,1,0,9,0,,0
VF102017,Basico,4,25,M,La Florida,S02,Campaña RRSS,2,0,0,19310,0,1,10,0,Mala atención,1
VF102018,Full,2,45,F,Vitacura,S08,App,9,4,0,30980,1,0,5,1,,0
VF102019,Basico,11,23,M,Concepción,S02,App,3,1,0,20690,0,1,5,1,Se mudó,1
VF102020,Full,4,38,F,Concepción,S11,Web,7,4,0,31000,1,0,10,1,,0
VF102021,Basico,22,39,F,Puente Alto,S02,Web,7,2,0,20980,0,0,5,0,Se mudó,1
VF102022,Full,2,47,M,San Miguel,S09,Referido,7,4,0,30600,1,2,5,0,Mala atención,1
VF102023,Basico,11,46,F,Temuco,S09,App,3,1,1,19810,0,1,10,1,Se mudó,1
VF102024,Basico,16,27,M,Santiago,S02,Referido,4,0,0,19940,1,0,8,1,,0
VF102025,Basico,9,52,M,Puente Alto,S04,Sucursal,8,3,1,19390,0,0,9,0,Se cambió de gimnasio,1
VF102026,Full,4,36,M,La Florida,S03,Web,7,1,0,30720,0,0,6,1,,0
VF102027,Full,17,21,M,Concepción,S08,Web,5,1,1,30330,0,1,8,0,,0
VF102028,Basico,33,24,F,Viña del Mar,S12,Referido,2,0,0,20580,0,0,9,0,,0
VF102029,Basico,25,29,Otro,La Florida,S11,Sucursal,0,0,0,19740,1,2,5,4,Se mudó,1
VF102030,Basico,7,45,F,Puente Alto,S09,Sucursal,4,2,1,20200,1,0,8,1,Poco uso,1
VF102031,Full,12,47,F,Maipú,S09,Campaña RRSS,8,2,0,29910,1,0,7,1,,0
VF102032,Full,10,23,F,Maipú,S07,Referido,5,3,0,30010,1,1,7,0,,0
VF102033,Full,22,31,F,Concepción,S10,Campaña RRSS,11,7,0,30010,1,0,7,0,,0
VF102034,Basico,15,29,F,Puente Alto,S12,Web,1,0,0,21240,1,1,10,0,Precio,1
VF102035,Premium,31,55,M,Temuco,S07,Web,7,2,0,49580,1,0,9,0,,0
VF102036,Full,2,27,F,San Miguel,S09,Referido,6,2,1,28480,1,0,8,0,,0
VF102037,Full,20,34,F,Ñuñoa,S12,Campaña RRSS,4,1,0,30130,1,1,9,0,,0
VF102038,Basico,39,17,M,Santiago,S02,App,1,0,1,19820,0,3,5,0,,0
VF102039,Basico,21,37,F,La Florida,S08,Referido,2,0,0,19380,0,0,3,0,Se mudó,1
VF102040,Full,40,40,M,Concepción,S02,Campaña RRSS,9,2,0,29340,1,0,10,1,Se cambió de gimnasio,1
VF102041,Basico,9,43,F,Puente Alto,S08,Web,2,1,1,19730,0,2,5,1,Poco uso,1
VF102042,Basico,18,37,F,Viña del Mar,S06,Web,4,2,2,20720,1,1,6,1,,0
VF102043,Full,22,33,F,San Miguel,S05,Sucursal,10,3,0,30170,1,1,9,0,Se mudó,1
VF102044,Full,24,48,F,San Miguel,S04,Web,2,0,0,30940,1,1,5,0,,0
VF102045,Full,6,31,M,Las Condes,S09,App,9,3,0,29750,1,0,10,1,,0
VF102046,Basico,10,47,M,Concepción,S07,Sucursal,4,2,0,20330,0,0,8,0,,0
VF102047,Full,10,43,Otro,Puente Alto,S11,Campaña RRSS,6,1,0,31030,1,0,5,0,Mala atención,1
VF102048,Premium,30,20,F,Puente Alto,S08,App,6,2,2,45900,1,0,6,0,,0
VF102049,Full,3,33,M,La Florida,S03,Referido,7,3,0,29860,0,0,10,0,,0
VF102050,Basico,17,36,M,Las Condes,S11,App,5,3,2,20350,0,2,3,0,,0
VF102051,Full,8,34,F,Providencia,S11,App,11,6,0,30740,0,0,4,1,,0
VF102052,Full,8,21,M,Ñuñoa,S10,App,4,1,1,30610,1,0,5,0,,0
VF102053,Basico,25,32,M,Viña del Mar,S12,Web,1,0,0,19910,0,1,9,0,,0
VF102054,Full,60,21,F,San Miguel,S06,Referido,0,0,0,29380,1,0,8,2,,0
VF102055,Basico,20,32,F,Puente Alto,S07,Web,5,2,0,19910,0,0,10,1,,0
VF102056,Basico,19,32,M,Viña del Mar,S03,Campaña RRSS,5,1,1,19770,1,0,5,1,,0
VF102057,Full,57,39,M,Vitacura,S08,Web,0,0,0,31190,1,1,6,6,Mala atención,1
VF102058,Basico,34,36,M,Las Condes,S12,Web,10,4,1,19060,1,0,10,0,,0
VF102059,Basico,30,29,M,Providencia,S10,App,2,0,0,19190,1,2,9,0,Precio,1
VF102060,Premium,9,38,Otro,San Miguel,S01,App,10,6,0,45080,1,0,5,1,,0
VF102061,Full,23,29,M,Providencia,S03,App,6,3,1,29890,1,1,10,1,Mala atención,1
VF102062,Basico,22,46,F,Santiago,S12,App,1,0,0,21060,1,1,9,0,,0
VF102063,Basico,19,43,F,Las Condes,S10,Web,2,1,0,19200,0,0,10,1,Se cambió de gimnasio,1
VF102064,Basico,39,32,M,Temuco,S11,Web,7,3,0,20100,1,0,8,0,,0
VF102065,Full,9,45,Otro,Ñuñoa,S11,Referido,8,4,0,28960,1,1,10,1,,0
VF102066,Basico,25,24,M,La Florida,S08,App,5,1,0,19890,0,1,8,0,,0
VF102067,Basico,30,53,F,Temuco,S10,Sucursal,7,1,0,19340,1,0,9,1,,0
VF102068,Basico,16,25,M,Ñuñoa,S06,Web,3,1,0,19700,0,0,9,1,,0
VF102069,Full,38,23,F,Vitacura,S05,Web,7,2,2,30310,1,0,6,1,Poco uso,1
VF102070,Full,28,33,M,Temuco,S01,Web,3,1,0,31600,0,1,5,1,,0
VF102071,Basico,13,41,F,Providencia,S02,App,3,1,0,18770,0,0,7,0,,0
VF102072,Premium,20,32,F,Temuco,S08,App,10,3,1,46040,1,0,4,0,,0
VF102073,Full,32,43,F,Vitacura,S03,Campaña RRSS,3,1,0,30450,0,1,8,0,,0
VF102074,Full,6,25,F,La Florida,S05,Sucursal,14,3,1,29890,0,1,7,0,,0
VF102075,Basico,20,42,F,Puente Alto,S02,Referido,8,3,0,20630,1,1,7,1,Se mudó,1
VF102076,Full,34,44,M,San Miguel,S12,Web,3,1,1,29990,0,0,8,1,,0
VF102077,Full,13,40,F,Maipú,S12,Web,7,2,0,30530,1,0,10,0,,0
VF102078,Basico,11,51,M,Concepción,S06,Campaña RRSS,0,0,0,20520,1,1,7,4,,0
VF102079,Basico,24,19,M,Puente Alto,S12,Referido,3,1,0,20770,0,2,1,1,,0
VF102080,Basico,34,43,M,Concepción,S09,Sucursal,4,2,0,20840,0,1,3,1,,0
VF102081,Full,9,27,F,Maipú,S11,Campaña RRSS,6,2,0,29180,1,0,9,1,,0
VF102082,Premium,31,32,F,Puente Alto,S09,App,7,2,0,45530,1,0,6,1,Salud,1
VF102083,Basico,9,20,M,Providencia,S05,Web,2,1,2,20000,1,0,5,1,,0
VF102084,Full,39,43,M,Vitacura,S02,Web,5,2,0,30300,1,0,10,1,Poco uso,1
VF102085,Full,18,47,F,Providencia,S08,Referido,7,4,0,28850,0,0,6,1,,0
VF102086,Full,12,35,F,Viña del Mar,S04,Sucursal,9,5,1,29510,0,0,8,1,,0
VF102087,Full,42,54,M,Viña del Mar,S08,Web,11,6,2,31050,1,2,5,0,,0
VF102088,Basico,21,38,F,Providencia,S02,App,5,2,0,19960,1,0,6,1,,0
VF102089,Basico,24,41,F,Santiago,S12,Sucursal,2,0,0,20820,0,1,10,0,,0
VF102090,Basico,17,42,M,San Miguel,S04,Referido,6,3,0,19010,0,1,5,1,,0
VF102091,Full,22,35,M,Vitacura,S05,Web,5,2,1,31690,1,0,8,0,,0
VF102092,Full,29,29,M,Vitacura,S01,App,9,3,1,30060,1,0,7,1,,0
VF102093,Basico,35,53,F,Santiago,S08,Web,5,1,1,21110,0,1,7,0,,0
VF102094,Basico,30,36,M,Puente Alto,S02,Referido,1,0,0,20540,0,1,9,0,,0
VF102095,Full,38,32,F,Vitacura,S01,Sucursal,4,1,0,29440,1,0,10,1,,0
VF102096,Basico,4,33,M,Temuco,S05,Web,3,2,1,19820,0,0,4,0,Salud,1
VF102097,Premium,54,28,F,Puente Alto,S05,Web,8,4,0,44110,0,0,7,1,,0
VF102098,Full,5,16,M,San Miguel,S04,Web,9,2,1,29670,1,0,10,0,Poco uso,1
VF102099,Basico,14,48,M,Ñuñoa,S05,Web,1,0,0,19420,1,2,6,0,,0
VF102100,Basico,34,33,Otro,Vitacura,S09,Web,4,2,0,20300,0,1,6,0,,0
VF102101,Full,18,39,M,Puente Alto,S08,App,2,0,2,30600,1,1,10,1,,0
VF102102,Full,14,30,F,La Florida,S05,Web,11,4,1,30440,1,0,7,0,,0
VF102103,Full,13,23,M,Puente Alto,S08,Web,2,1,0,30870,0,0,7,1,,0
VF102104,Full,19,46,M,Viña del Mar,S09,Web,10,4,1,29880,1,0,6,0,,0
VF102105,Basico,61,35,M,Las Condes,S11,App,2,0,0,20250,1,1,10,0,Se mudó,1
VF102106,Premium,41,27,M,Ñuñoa,S12,Campaña RRSS,10,3,0,46370,1,0,7,0,,0
VF102107,Full,51,16,F,Concepción,S06,App,8,2,1,27930,1,0,8,0,,0
VF102108,Premium,5,31,F,Santiago,S04,App,12,7,0,45600,0,2,3,1,Se cambió de gimnasio,1
VF102109,Basico,25,44,F,Las Condes,S11,Campaña RRSS,5,2,0,20550,1,0,8,1,,0
VF102110,Premium,31,38,M,Temuco,S10,Sucursal,16,4,0,45830,0,1,4,1,,0
VF102111,Full,32,34,M,Maipú,S02,App,9,6,0,29000,1,0,10,1,,0
VF102112,Basico,10,39,F,Temuco,S12,App,8,1,0,21030,0,0,10,0,,0
VF102113,Premium,15,36,M,Ñuñoa,S08,Campaña RRSS,9,5,0,46010,1,0,10,0,,0
VF102114,Premium,6,45,F,Viña del Mar,S10,Campaña RRSS,11,4,0,48280,1,2,3,0,,0
VF102115,Full,36,21,F,Providencia,S10,App,6,2,3,29130,1,0,8,0,,0
VF102116,Basico,35,30,M,Providencia,S05,App,3,1,3,19530,0,0,7,0,,0
VF102117,Premium,11,33,F,Las Condes,S04,Sucursal,12,4,0,45480,1,0,9,0,Se cambió de gimnasio,1
VF102118,Full,22,16,M,Ñuñoa,S05,Web,10,5,0,28340,1,0,7,0,Precio,1
VF102119,Basico,15,45,M,San Miguel,S06,App,3,0,1,20100,0,1,5,1,Salud,1
VF102120,Full,12,26,F,Santiago,S06,Web,4,2,0,29850,1,0,9,0,,0
VF102121,Basico,41,30,F,La Florida,S12,App,0,0,1,19850,0,1,7,4,,0
VF102122,Full,22,33,F,Vitacura,S05,App,7,2,0,29480,1,1,7,0,,0
VF102123,Basico,24,49,F,San Miguel,S09,App,0,0,1,19390,0,0,7,2,Se mudó,1
VF102124,Basico,43,35,F,Puente Alto,S02,Web,5,2,0,19060,1,0,6,1,Se cambió de gimnasio,1
VF102125,Full,33,49,M,La Florida,S03,Web,10,3,0,30110,1,0,10,1,,0
VF102126,Full,41,47,F,San Miguel,S12,App,3,1,1,29760,1,0,9,0,,0
VF102127,Basico,25,40,F,La Florida,S09,Referido,2,1,1,20220,0,0,5,0,,0
VF102128,Basico,16,35,F,Santiago,S08,Web,1,0,0,20750,1,1,9,1,Mala atención,1
VF102129,Full,17,20,F,Providencia,S02,Sucursal,7,3,0,30460,1,0,8,1,Precio,1
VF102130,Full,13,39,M,Viña del Mar,S02,Web,10,3,0,29300,1,1,8,1,,0
VF102131,Basico,33,23,M,San Miguel,S11,App,2,1,0,20480,1,1,4,0,Precio,1
VF102132,Premium,52,26,M,Concepción,S06,Referido,9,4,1,46550,0,0,6,0,,0
VF102133,Full,25,24,M,Las Condes,S11,Web,7,3,3,29770,1,1,5,0,,0
VF102134,Full,29,39,F,Maipú,S11,Sucursal,10,5,0,29410,1,0,6,0,,0
VF102135,Basico,7,28,F,Concepción,S03,Campaña RRSS,0,0,0,19820,1,0,9,5,Se cambió de gimnasio,1
VF102136,Full,9,21,F,Concepción,S12,Web,7,3,0,29770,1,1,10,0,,0
VF102137,Basico,10,23,M,Viña del Mar,S09,Sucursal,4,2,1,19220,0,0,7,0,,0
VF102138,Full,28,19,F,Maipú,S06,Campaña RRSS,5,2,0,30430,1,1,9,0,,0
VF102139,Premium,14,28,M,Puente Alto,S03,Referido,9,2,1,45340,1,1,7,1,,0
VF102140,Basico,17,51,M,Providencia,S03,Sucursal,4,1,0,19900,1,2,7,0,,0
VF102141,Full,56,22,F,Vitacura,S04,Web,8,1,2,29940,1,0,8,0,,0
VF102142,Basico,18,18,F,La Florida,S10,App,0,0,0,20860,1,1,6,2,,0
VF102143,Full,27,20,M,Ñuñoa,S11,Sucursal,6,3,1,29970,1,0,10,1,,0
VF102144,Premium,34,26,F,La Florida,S07,Sucursal,9,2,0,45490,0,0,7,1,,0
VF102145,Basico,5,25,F,Ñuñoa,S11,Campaña RRSS,5,1,0,20050,0,0,5,0,,0
VF102146,Basico,41,33,F,Providencia,S04,Sucursal,8,1,0,19480,1,0,5,0,,0
VF102147,Basico,33,34,M,Concepción,S09,App,1,0,0,19710,1,3,8,0,Salud,1
VF102148,Basico,26,40,M,Providencia,S12,Campaña RRSS,5,1,1,20380,1,0,10,0,,0
VF102149,Basico,10,31,M,La Florida,S06,App,5,1,0,21550,0,0,7,1,,0
VF102150,Basico,1,36,F,San Miguel,S06,Sucursal,5,2,0,19100,0,0,9,1,,0
VF102151,Full,4,46,F,Puente Alto,S12,App,7,4,0,29340,1,0,7,1,,0
VF102152,Premium,24,42,F,Santiago,S10,App,12,6,0,47540,0,0,10,0,,0
VF102153,Premium,18,45,F,Concepción,S09,Campaña RRSS,5,1,1,48660,1,1,7,1,,0
VF102154,Full,4,34,F,Vitacura,S07,Web,6,2,0,30540,1,0,8,1,,0
VF102155,Basico,38,28,F,Providencia,S10,Web,6,3,2,19840,0,0,8,0,,0
VF102156,Premium,9,21,M,Temuco,S03,App,5,1,0,46660,0,0,8,0,,0
VF102157,Basico,18,18,F,Temuco,S06,Web,0,0,2,19980,0,1,5,1,,0
VF102158,Full,20,38,M,Temuco,S11,App,3,0,1,30930,1,0,6,1,,0
VF102159,Full,4,37,F,Ñuñoa,S05,App,9,3,0,29380,1,0,7,0,,0
VF102160,Basico,5,38,M,Providencia,S09,Sucursal,3,0,0,20850,0,2,8,1,,0
VF102161,Basico,26,35,M,Viña del Mar,S06,Sucursal,2,0,0,20660,0,0,10,0,Poco uso,1
VF102162,Full,5,27,F,Las Condes,S08,Web,9,2,1,30820,1,1,8,0,,0
VF102163,Full,67,20,M,Puente Alto,S10,Sucursal,3,1,0,29610,1,0,8,0,,0
VF102164,Basico,5,32,M,Viña del Mar,S08,Referido,6,3,0,21070,0,1,7,1,,0
VF102165,Premium,13,35,F,Temuco,S11,Web,1,0,0,46180,1,3,4,0,Mala atención,1
VF102166,Premium,11,40,M,Providencia,S11,Web,5,1,0,44910,1,1,10,1,,0
VF102167,Full,15,50,F,Santiago,S08,App,4,2,1,30660,1,0,9,0,,0
VF102168,Full,49,27,F,Puente Alto,S05,App,4,2,0,28830,1,2,7,1,Mala atención,1
VF102169,Basico,15,30,F,Vitacura,S08,Sucursal,3,1,0,20640,1,0,9,1,,0
VF102170,Full,13,16,F,Temuco,S05,Campaña RRSS,4,0,1,30110,1,1,4,0,,0
VF102171,Basico,25,17,F,San Miguel,S07,Referido,4,2,1,20130,1,0,5,1,Se mudó,1
VF102172,Full,19,33,M,Viña del Mar,S05,Referido,8,4,1,31620,1,0,5,0,,0
VF102173,Premium,27,24,M,Maipú,S04,Campaña RRSS,12,4,0,46720,1,0,10,0,,0
VF102174,Basico,19,42,F,Puente Alto,S10,Sucursal,5,3,0,20330,1,1,7,1,,0
VF102175,Full,7,16,M,Maipú,S01,Campaña RRSS,3,0,0,29180,1,0,5,0,,0
VF102176,Full,14,32,M,Concepción,S01,App,6,2,1,28050,1,1,7,0,,0
VF102177,Basico,20,29,M,Maipú,S08,Referido,0,0,1,20370,0,1,10,5,Salud,1
VF102178,Basico,10,31,F,San Miguel,S08,Sucursal,7,2,1,19570,1,0,8,0,,0
VF102179,Full,25,35,F,Ñuñoa,S05,Campaña RRSS,7,2,1,31510,1,0,10,1,,0
VF102180,Basico,28,44,M,Viña del Mar,S06,Web,3,0,1,21300,1,0,10,0,,0
VF102181,Basico,11,44,M,Temuco,S10,Web,1,0,0,19330,0,1,6,0,Se mudó,1
VF102182,Basico,25,34,M,Vitacura,S04,Referido,6,3,0,19750,0,1,7,1,Salud,1
VF102183,Full,66,28,M,Vitacura,S09,App,1,0,1,31570,1,3,8,0,,0
VF102184,Full,8,49,M,Puente Alto,S04,Sucursal,5,3,1,29510,1,1,4,1,,0
VF102185,Basico,27,42,F,Ñuñoa,S02,Campaña RRSS,3,0,0,19660,0,0,10,1,,0
VF102186,Full,8,27,M,Puente Alto,S04,App,4,2,0,31480,1,0,6,0,,0
VF102187,Full,7,19,M,Concepción,S04,App,8,2,1,30780,1,0,10,1,,0
VF102188,Full,30,16,M,Puente Alto,S02,Campaña RRSS,8,1,0,29430,0,0,8,0,,0
VF102189,Basico,20,33,M,Puente Alto,S09,Referido,6,2,0,20060,1,0,5,1,,0
VF102190,Full,20,42,F,Ñuñoa,S05,Campaña RRSS,4,1,1,27690,0,0,7,0,Mala atención,1
VF102191,Premium,46,28,M,Puente Alto,S11,Sucursal,9,3,0,47220,1,0,6,1,,0
VF102192,Basico,24,32,F,Providencia,S04,App,5,1,0,20340,0,1,6,0,,0
VF102193,Basico,29,47,M,Viña del Mar,S06,Web,1,0,0,19660,0,2,6,1,,0
VF102194,Full,15,61,Otro,Puente Alto,S12,Web,2,0,0,28220,1,0,6,0,Se mudó,1
VF102195,Basico,37,40,M,Viña del Mar,S10,Campaña RRSS,4,1,0,19440,0,1,8,0,,0
VF102196,Basico,15,30,M,Temuco,S07,Web,0,0,0,19410,0,3,7,3,Se cambió de gimnasio,1
VF102197,Premium,26,30,M,Santiago,S10,Web,5,2,0,48500,1,0,10,1,,0
VF102198,Basico,16,38,F,Temuco,S06,Referido,5,2,0,19880,0,1,6,0,,0
VF102199,Basico,31,27,M,Maipú,S03,Sucursal,3,1,0,18980,0,1,8,0,,0
VF102200,Basico,5,36,M,Maipú,S09,Sucursal,2,1,0,20790,0,2,7,1,,0
VF102201,Premium,10,48,M,Providencia,S08,Web,10,2,0,47420,0,0,7,0,,0
VF102202,Full,30,62,F,La Florida,S05,Sucursal,5,3,1,31630,1,0,8,1,,0
VF102203,Full,21,35,F,Concepción,S09,Web,5,2,2,29100,1,0,9,1,,0
VF102204,Full,21,37,F,La Florida,S11,Campaña RRSS,7,3,0,29990,1,0,7,1,,0
VF102205,Basico,16,31,M,Santiago,S06,Campaña RRSS,9,5,1,18800,1,0,7,1,,0
VF102206,Basico,37,49,F,Ñuñoa,S07,Sucursal,4,1,0,19810,1,0,10,1,,0
VF102207,Basico,36,16,F,San Miguel,S02,Web,6,3,0,19940,0,0,4,0,Poco uso,1
VF102208,Basico,39,40,M,Maipú,S06,Web,3,1,0,19710,1,0,8,1,,0
VF102209,Premium,25,52,M,Viña del Mar,S12,Campaña RRSS,12,2,0,44860,1,0,10,0,,0
VF102210,Full,6,26,F,Concepción,S03,Campaña RRSS,11,4,1,30080,1,0,7,0,,0
VF102211,Basico,32,47,M,Temuco,S01,Campaña RRSS,3,0,1,19860,1,0,9,1,,0
VF102212,Full,24,20,M,Viña del Mar,S02,Sucursal,8,4,0,30730,0,0,6,0,,0
VF102213,Basico,11,42,M,Concepción,S01,App,1,0,0,20200,0,1,3,1,,0
VF102214,Basico,12,49,F,Providencia,S11,Sucursal,2,0,1,20300,1,1,5,1,Salud,1
VF102215,Basico,24,41,F,Puente Alto,S10,Sucursal,1,0,0,20310,0,1,6,0,,0
VF102216,Full,6,34,M,Viña del Mar,S10,Web,4,1,0,29570,1,0,5,0,,0
VF102217,Full,8,36,F,Puente Alto,S09,Web,2,0,0,29590,1,3,4,0,Salud,1
VF102218,Basico,9,32,M,Concepción,S01,Web,1,0,0,19700,1,0,8,0,,0
VF102219,Full,10,48,Otro,Providencia,S12,App,6,3,2,30750,1,1,9,1,,0
VF102220,Full,15,33,F,Temuco,S04,Web,2,1,0,28690,1,0,9,0,,0
VF102221,Full,14,58,F,Maipú,S02,Campaña RRSS,9,3,0,28990,0,0,8,0,,0
VF102222,Basico,19,31,F,Providencia,S01,Web,4,2,0,20150,0,0,6,1,,0
VF102223,Full,32,34,F,Puente Alto,S05,App,5,3,0,29700,1,0,10,1,,0
VF102224,Full,16,16,Otro,Viña del Mar,S01,Sucursal,6,3,0,30290,1,1,9,1,,0
VF102225,Basico,13,39,F,Santiago,S02,Web,2,0,0,19830,0,0,7,1,Salud,1
VF102226,Full,20,29,F,San Miguel,S04,Web,5,2,0,30400,1,1,9,1,,0
VF102227,Basico,31,26,M,Viña del Mar,S12,Sucursal,7,2,0,20100,0,0,10,1,Se mudó,1
VF102228,Basico,19,35,F,Santiago,S03,Web,6,1,0,18970,1,0,8,0,Se mudó,1
VF102229,Full,34,26,F,San Miguel,S12,Web,10,5,0,29930,1,2,9,1,,0
VF102230,Full,16,25,F,Providencia,S06,Referido,6,3,0,31040,1,0,9,1,,0
VF102231,Basico,5,16,F,San Miguel,S12,Sucursal,0,0,0,19510,1,1,8,6,Se cambió de gimnasio,1
VF102232,Basico,49,45,F,Vitacura,S11,App,5,1,0,20170,1,0,9,1,,0
VF102233,Full,10,37,M,La Florida,S06,Sucursal,8,2,0,30010,1,1,8,0,Poco uso,1
VF102234,Full,22,47,F,Viña del Mar,S03,Referido,5,2,0,29470,1,0,7,0,,0
VF102235,Basico,11,20,F,Vitacura,S11,Web,5,1,0,20750,0,0,5,0,,0
VF102236,Basico,5,20,M,Concepción,S11,Web,8,5,1,20910,0,0,10,0,,0
VF102237,Full,17,28,M,San Miguel,S09,Campaña RRSS,8,3,1,29760,1,2,7,0,Se mudó,1
VF102238,Full,34,61,F,Temuco,S08,Web,8,4,1,29530,1,0,8,1,,0
VF102239,Basico,12,57,F,Ñuñoa,S06,Web,0,0,0,20950,1,3,5,6,Precio,1
VF102240,Full,9,36,Otro,Concepción,S01,Referido,4,1,1,31220,1,0,7,0,,0
VF102241,Basico,6,27,F,Puente Alto,S05,Web,4,1,0,19130,1,0,10,1,,0
VF102242,Basico,8,36,M,Temuco,S09,Web,7,4,0,20810,0,1,6,1,,0
VF102243,Full,18,16,F,Vitacura,S03,App,4,2,0,30250,1,0,8,0,,0
VF102244,Full,11,43,M,La Florida,S03,Web,7,1,0,29450,1,1,9,0,,0
VF102245,Basico,35,30,F,Santiago,S07,App,3,0,1,21600,0,0,7,1,,0
VF102246,Basico,16,30,F,Santiago,S06,Web,4,1,1,19690,0,0,5,0,,0
VF102247,Full,19,30,M,La Florida,S09,Web,5,3,0,29950,1,0,9,1,,0
VF102248,Basico,35,33,M,Las Condes,S11,App,1,0,0,20430,1,1,5,1,,0
VF102249,Premium,21,51,F,La Florida,S07,Referido,15,8,0,44980,0,1,5,1,Se mudó,1
VF102250,Full,9,36,F,Ñuñoa,S02,Campaña RRSS,5,3,0,30000,1,0,7,1,,0
VF102251,Basico,40,38,F,Puente Alto,S11,App,2,0,0,19300,0,5,1,0,Poco uso,1
VF102252,Full,5,31,F,Ñuñoa,S05,App,7,3,0,29560,0,0,6,0,Salud,1
VF102253,Full,6,45,M,Las Condes,S12,Sucursal,11,5,0,30360,1,0,8,1,,0
VF102254,Basico,19,35,F,Las Condes,S08,App,3,1,2,20250,0,0,6,0,,0
VF102255,Basico,21,41,F,Viña del Mar,S09,App,6,3,0,20930,1,0,8,1,,0
VF102256,Basico,12,63,M,Temuco,S03,App,3,1,1,19940,0,0,10,1,,0
VF102257,Basico,2,19,F,Maipú,S07,Campaña RRSS,8,2,2,19080,1,0,8,0,,0
VF102258,Full,15,48,F,Maipú,S12,Campaña RRSS,8,2,0,30290,1,0,8,1,,0
VF102259,Full,23,39,F,La Florida,S08,Campaña RRSS,7,4,1,30320,1,0,6,0,Salud,1
VF102260,Full,23,29,M,La Florida,S02,Web,8,5,0,30930,1,1,8,0,,0
VF102261,Basico,11,16,F,Temuco,S12,Web,6,4,1,19540,1,0,6,1,,0
VF102262,Basico,18,21,M,Concepción,S07,Web,4,1,0,20120,1,0,8,0,Precio,1
VF102263,Basico,5,38,F,Concepción,S07,Referido,5,2,0,19560,1,1,8,0,,0
VF102264,Premium,7,37,F,Maipú,S08,Referido,9,5,0,44580,1,0,6,0,Poco uso,1
VF102265,Basico,24,35,F,Vitacura,S05,Sucursal,4,2,2,19580,0,1,6,0,,0
VF102266,Basico,28,16,F,Ñuñoa,S01,Referido,6,2,0,19710,1,0,8,1,,0
VF102267,Full,22,46,F,Viña del Mar,S09,Referido,8,4,0,29440,1,0,10,0,,0
VF102268,Full,8,30,F,Puente Alto,S11,Campaña RRSS,12,2,0,29690,1,0,7,1,Salud,1
VF102269,Full,26,19,F,Santiago,S04,Web,11,2,1,28480,1,0,8,0,,0
VF102270,Full,48,25,M,La Florida,S11,Web,7,1,0,30980,1,1,10,1,,0
VF102271,Basico,8,43,F,San Miguel,S02,App,7,3,0,19350,0,0,9,0,,0
VF102272,Full,8,43,M,Concepción,S07,Referido,6,1,0,29040,1,0,10,1,,0
VF102273,Basico,28,38,F,Maipú,S06,Referido,1,0,1,20020,0,1,8,0,Salud,1
VF102274,Basico,11,36,M,Maipú,S11,Web,2,1,0,20540,0,2,6,0,Se mudó,1
VF102275,Basico,19,49,M,San Miguel,S04,Campaña RRSS,2,1,0,20090,0,0,7,0,,0
VF102276,Basico,20,36,M,Puente Alto,S08,Web,3,1,1,20160,1,1,6,0,,0
VF102277,Basico,23,30,F,La Florida,S10,App,7,3,0,18610,1,1,5,1,,0
VF102278,Full,21,26,M,Las Condes,S05,Campaña RRSS,10,4,0,30210,1,0,10,1,,0
VF102279,Full,15,35,F,La Florida,S10,App,4,1,1,28500,1,0,8,1,Se cambió de gimnasio,1
VF102280,Basico,16,31,M,Concepción,S03,Web,5,3,0,18880,0,1,5,1,,0
VF102281,Full,2,22,F,Providencia,S08,App,3,2,0,29530,1,3,5,1,Salud,1
VF102282,Basico,21,26,F,Puente Alto,S01,Web,6,2,0,20220,1,0,9,1,,0
VF102283,Full,10,30,M,Providencia,S12,Referido,10,6,0,30350,1,0,9,0,,0
VF102284,Full,27,55,F,Santiago,S10,App,8,5,0,30600,1,0,10,1,,0
VF102285,Full,12,19,M,Las Condes,S06,Sucursal,6,4,0,30230,1,0,7,1,,0
VF102286,Full,11,42,F,Las Condes,S11,Web,11,6,1,28000,0,0,7,0,,0
VF102287,Basico,22,46,F,Providencia,S09,Referido,0,0,0,20460,0,2,8,7,Precio,1
VF102288,Basico,39,22,M,San Miguel,S10,Web,1,0,1,20130,0,0,8,1,,0
VF102289,Basico,9,29,F,Providencia,S10,App,2,0,1,19320,1,0,7,1,,0
VF102290,Full,11,33,F,Vitacura,S11,Web,9,3,0,30630,1,0,10,1,Se cambió de gimnasio,1
VF102291,Full,30,38,F,Providencia,S07,App,7,3,1,31470,0,0,5,0,,0
VF102292,Basico,15,56,F,Viña del Mar,S03,Sucursal,6,3,0,20380,0,0,8,0,,0
VF102293,Basico,58,54,F,Concepción,S07,Sucursal,4,2,0,19430,1,1,8,0,,0
VF102294,Full,3,45,F,Temuco,S05,Campaña RRSS,8,4,1,29750,0,0,5,0,,0
VF102295,Basico,7,49,M,Concepción,S11,App,1,0,0,18990,0,1,9,1,,0
VF102296,Basico,7,25,M,San Miguel,S10,Web,4,0,0,19330,1,0,3,0,,0
VF102297,Full,19,36,F,Puente Alto,S06,Sucursal,3,1,0,28630,0,0,5,0,,0
VF102298,Full,20,16,M,La Florida,S06,App,3,1,0,28840,1,0,7,0,,0
VF102299,Full,13,41,M,Santiago,S12,Web,2,0,1,29630,1,1,6,0,,0
VF102300,Full,15,27,F,Temuco,S11,Referido,7,3,0,31020,1,0,6,1,,0
VF102301,Full,21,36,F,La Florida,S08,App,8,2,0,30280,0,0,7,1,,0
VF102302,Full,8,32,F,Puente Alto,S09,Sucursal,6,3,1,30020,1,0,4,1,,0
VF102303,Basico,7,34,F,Maipú,S07,Sucursal,3,1,1,19930,1,0,9,1,,0
VF102304,Basico,5,23,F,Ñuñoa,S10,Sucursal,3,1,0,19800,0,1,7,0,,0
VF102305,Basico,3,17,F,Temuco,S02,Referido,11,4,0,19720,0,1,1,1,Poco uso,1
VF102306,Basico,32,30,M,Las Condes,S06,Web,4,1,1,19710,1,1,5,1,Salud,1
VF102307,Basico,20,55,M,Santiago,S12,Sucursal,0,0,1,19960,0,0,9,4,Se cambió de gimnasio,1
VF102308,Basico,12,25,F,Santiago,S11,Web,1,0,0,20640,0,0,6,1,Se cambió de gimnasio,1
VF102309,Full,4,35,F,Puente Alto,S09,Web,6,3,1,28990,1,0,7,1,,0
VF102310,Premium,8,26,F,Santiago,S12,Referido,9,2,1,48030,1,2,9,1,,0
VF102311,Full,18,22,M,Temuco,S07,Referido,7,4,1,29860,1,0,8,0,,0
VF102312,Full,65,16,F,Ñuñoa,S10,Sucursal,6,3,1,29950,0,1,5,1,,0
VF102313,Basico,24,34,F,La Florida,S02,App,4,2,0,19260,0,0,9,1,,0
VF102314,Full,24,30,M,La Florida,S06,Sucursal,4,0,0,31890,0,1,7,0,Salud,1
VF102315,Premium,23,19,M,Maipú,S11,Sucursal,6,3,1,46460,1,0,7,0,,0
VF102316,Premium,22,16,M,La Florida,S02,Sucursal,13,7,0,44090,0,0,10,1,Salud,1
VF102317,Full,20,23,M,Puente Alto,S06,Web,6,2,0,30640,1,0,5,1,,0
VF102318,Full,23,37,M,Vitacura,S04,Web,6,3,1,30230,1,0,6,0,,0
VF102319,Basico,2,38,M,Temuco,S02,Web,5,2,1,19850,1,0,6,0,,0
VF102320,Full,13,44,F,Temuco,S03,Referido,14,7,1,30370,1,1,6,0,,0
VF102321,Basico,7,30,M,La Florida,S07,Sucursal,0,0,1,20550,0,1,6,6,Mala atención,1
VF102322,Basico,8,32,M,Las Condes,S02,Campaña RRSS,2,0,0,19210,1,2,10,0,Poco uso,1
VF102323,Basico,33,43,M,Viña del Mar,S03,Sucursal,0,0,1,20570,0,1,8,6,Salud,1
VF102324,Basico,52,25,F,Santiago,S10,Web,0,0,0,20990,1,1,6,3,Salud,1
VF102325,Full,20,33,F,La Florida,S08,App,7,4,0,31100,0,0,8,0,,0
VF102326,Basico,20,23,M,Concepción,S12,Campaña RRSS,4,1,0,19160,0,0,10,1,,0
VF102327,Full,15,52,M,Santiago,S11,Web,5,3,1,30950,0,0,7,1,,0
VF102328,Basico,23,38,F,Temuco,S12,Referido,3,1,1,20510,1,0,10,0,,0
VF102329,Full,2,37,F,Vitacura,S05,App,6,2,0,28480,1,1,8,0,,0
VF102330,Basico,11,51,F,Santiago,S07,Sucursal,6,1,0,19800,1,0,7,1,,0
VF102331,Full,4,26,M,Providencia,S04,App,11,5,1,27990,1,0,8,1,,0
VF102332,Full,26,31,F,Las Condes,S09,Campaña RRSS,6,2,0,30390,0,0,7,1,,0
VF102333,Basico,23,41,M,Santiago,S11,App,3,1,1,19680,1,1,7,0,,0
VF102334,Premium,17,41,M,Concepción,S05,App,3,1,0,44680,0,0,7,1,,0
VF102335,Full,91,33,F,Puente Alto,S11,Web,6,1,2,29270,1,0,8,0,,0
VF102336,Basico,8,30,M,Puente Alto,S04,Web,3,1,1,20610,0,0,4,0,,0
VF102337,Full,35,31,F,Temuco,S06,Web,11,2,2,29710,1,1,5,1,,0
VF102338,Basico,8,18,Otro,Maipú,S02,Web,0,0,1,20210,1,0,10,1,,0
VF102339,Full,31,38,F,San Miguel,S09,Sucursal,6,1,1,28870,1,1,7,0,,0
VF102340,Basico,12,49,F,La Florida,S07,Referido,13,8,1,19340,0,0,10,0,,0
VF102341,Full,37,42,M,Ñuñoa,S09,Referido,9,3,0,29340,1,1,7,1,,0
VF102342,Basico,10,35,M,Vitacura,S05,Web,4,1,1,19620,1,0,9,1,,0
VF102343,Premium,11,19,M,Ñuñoa,S11,Sucursal,9,3,0,46350,1,0,10,0,,0
VF102344,Full,13,20,F,Santiago,S01,Referido,10,5,0,29720,1,0,10,0,,0
VF102345,Basico,28,32,F,Concepción,S01,Sucursal,5,2,1,20840,1,0,10,1,,0
VF102346,Premium,19,54,F,Las Condes,S03,Campaña RRSS,11,4,0,44230,0,0,8,1,Se cambió de gimnasio,1
VF102347,Basico,23,31,F,Vitacura,S05,Web,3,0,0,19300,0,0,5,1,,0
VF102348,Basico,48,37,F,Las Condes,S02,Web,2,0,1,20580,1,1,6,0,,0
VF102349,Basico,7,16,M,La Florida,S02,Sucursal,4,1,0,20050,0,0,8,0,,0
VF102350,Full,19,42,M,San Miguel,S10,Web,7,3,0,31270,1,0,7,1,,0
VF102351,Full,38,35,F,Providencia,S05,Sucursal,5,1,3,30010,0,1,5,0,Se cambió de gimnasio,1
VF102352,Premium,53,50,M,Temuco,S03,Web,5,1,2,45720,1,0,10,0,,0
VF102353,Full,16,16,F,Santiago,S06,Referido,3,1,3,33240,0,0,8,1,,0
VF102354,Basico,9,16,M,Providencia,S10,Web,3,1,1,21500,1,0,8,1,Poco uso,1
VF102355,Full,11,31,F,Viña del Mar,S03,Campaña RRSS,10,3,1,29430,0,1,9,0,Precio,1
VF102356,Full,12,59,F,Temuco,S05,Web,0,0,1,30140,1,1,10,1,Se cambió de gimnasio,1
VF102357,Basico,27,52,M,Temuco,S01,Web,2,1,0,19410,1,2,3,1,,0
VF102358,Basico,10,43,M,Puente Alto,S06,Referido,2,1,0,19450,1,3,4,1,,0
VF102359,Basico,14,47,F,Maipú,S01,Sucursal,1,0,0,20940,0,2,8,1,,0
VF102360,Basico,18,37,M,Providencia,S12,Campaña RRSS,6,2,0,20280,0,0,6,1,,0
VF102361,Full,12,41,F,Maipú,S10,Web,8,3,0,27860,1,1,9,1,,0
VF102362,Full,3,33,M,Temuco,S03,Referido,4,2,0,30870,0,1,5,1,,0
VF102363,Full,13,36,F,Puente Alto,S08,Web,7,2,1,29290,0,1,7,0,,0
VF102364,Premium,25,60,F,La Florida,S11,Web,5,2,0,46040,1,0,9,0,,0
VF102365,Full,19,22,F,La Florida,S01,Web,6,3,0,29410,1,0,7,1,,0
VF102366,Basico,16,38,F,Providencia,S12,Campaña RRSS,0,0,1,20380,1,0,8,2,Salud,1
VF102367,Full,17,46,M,San Miguel,S05,App,4,1,0,28330,1,0,9,1,,0
VF102368,Full,22,38,M,Viña del Mar,S10,Web,3,0,0,31390,1,0,7,1,Poco uso,1
VF102369,Full,16,20,M,Maipú,S02,Sucursal,5,2,0,29830,1,0,10,0,Precio,1
VF102370,Full,13,19,M,La Florida,S10,Referido,12,3,0,30860,1,1,8,0,,0
VF102371,Full,15,47,M,Ñuñoa,S09,Sucursal,9,5,0,28500,1,0,10,1,,0
VF102372,Basico,38,46,F,San Miguel,S10,App,0,0,0,19870,0,1,8,7,,0
VF102373,Basico,36,31,F,La Florida,S10,App,3,1,0,19190,0,1,9,1,Mala atención,1
VF102374,Basico,5,52,F,Viña del Mar,S02,Campaña RRSS,3,1,0,20300,0,0,4,0,,0
VF102375,Premium,3,41,Otro,Providencia,S11,App,8,1,1,47520,0,0,6,0,,0
VF102376,Basico,22,33,M,Temuco,S01,Sucursal,0,0,1,19370,0,1,7,5,,0
VF102377,Full,13,27,F,Viña del Mar,S06,App,12,4,0,30600,1,1,6,0,,0
VF102378,Basico,8,18,M,Ñuñoa,S10,Campaña RRSS,9,2,0,20000,1,0,10,0,,0
VF102379,Full,32,20,M,Viña del Mar,S01,Web,7,3,0,30470,1,0,7,1,,0
VF102380,Premium,23,22,F,Ñuñoa,S02,App,8,1,1,48230,1,0,10,0,,0
VF102381,Full,5,31,M,San Miguel,S06,Web,7,4,1,31230,0,2,1,0,Poco uso,1
VF102382,Basico,18,47,F,San Miguel,S07,Web,6,1,0,19440,1,0,4,1,,0
VF102383,Full,9,52,M,La Florida,S10,Referido,12,5,0,29910,1,0,6,0,Se cambió de gimnasio,1
VF102384,Basico,8,49,M,San Miguel,S01,Web,2,1,0,20340,1,0,9,0,Salud,1
VF102385,Basico,11,43,F,Las Condes,S09,Web,1,0,0,19520,0,0,10,1,,0
VF102386,Premium,40,30,M,San Miguel,S11,App,5,1,1,46250,1,0,6,1,,0
VF102387,Full,7,38,M,Vitacura,S07,App,0,0,0,29920,1,0,9,7,Precio,1
VF102388,Basico,10,34,F,La Florida,S04,Campaña RRSS,9,4,1,19100,1,1,9,0,,0
VF102389,Basico,24,27,M,Concepción,S02,Campaña RRSS,6,3,0,19910,0,0,6,1,,0
VF102390,Full,25,39,F,Viña del Mar,S03,Web,10,2,0,28710,1,0,7,1,,0
VF102391,Premium,22,44,M,Santiago,S12,Web,3,2,0,47880,1,2,7,0,,0
VF102392,Full,12,38,F,Las Condes,S03,Web,2,1,0,31640,1,0,7,0,,0
VF102393,Basico,30,37,F,Providencia,S03,App,1,0,2,19820,0,2,5,1,Precio,1
VF102394,Full,48,16,F,San Miguel,S09,App,8,3,1,29400,0,0,5,1,,0
VF102395,Full,24,35,M,Temuco,S05,Referido,6,3,0,29480,0,0,10,1,,0
VF102396,Full,24,33,F,Las Condes,S09,App,10,6,1,30520,0,0,8,1,,0
VF102397,Full,13,62,F,Viña del Mar,S12,Referido,8,2,1,30690,0,0,8,0,,0
VF102398,Premium,16,23,M,Puente Alto,S11,App,5,2,0,47070,1,0,7,0,,0
VF102399,Basico,32,43,F,La Florida,S05,Campaña RRSS,5,1,0,19810,0,1,7,1,,0
VF102400,Basico,21,55,F,Vitacura,S06,Web,3,0,2,19520,1,0,9,0,,0
VF102401,Premium,7,30,M,Viña del Mar,S09,Referido,9,4,2,45350,1,1,9,1,,0
VF102402,Basico,16,23,F,Viña del Mar,S05,Web,1,0,1,20330,1,0,10,1,,0
VF102403,Basico,34,16,M,Providencia,S12,App,3,1,1,19110,0,0,6,0,,0
VF102404,Basico,20,16,M,Maipú,S04,Web,7,3,0,20430,0,0,8,1,,0
VF102405,Full,6,45,Otro,Vitacura,S02,Sucursal,9,4,2,29630,1,0,5,0,,0
VF102406,Full,6,42,M,Maipú,S11,Campaña RRSS,0,0,0,30850,1,0,9,4,,0
VF102407,Full,13,28,F,Concepción,S02,Referido,8,5,0,30400,0,2,1,0,,0
VF102408,Basico,46,36,M,La Florida,S07,Referido,0,0,1,18960,1,0,6,4,,0
VF102409,Full,14,37,F,San Miguel,S02,Web,11,5,0,31190,1,0,7,0,,0
VF102410,Full,15,19,F,Ñuñoa,S07,Referido,6,3,1,29760,1,0,10,1,,0
VF102411,Basico,15,28,F,San Miguel,S10,App,6,2,2,21320,1,0,9,1,,0
VF102412,Full,22,43,F,Concepción,S05,App,3,1,0,30740,1,0,9,0,,0
VF102413,Full,20,52,M,Concepción,S02,App,12,2,0,29940,0,0,7,1,Se mudó,1
VF102414,Full,22,40,M,Providencia,S10,Sucursal,9,4,1,29860,1,0,6,0,Se cambió de gimnasio,1
VF102415,Premium,8,29,M,Puente Alto,S03,Web,5,2,0,47590,1,0,10,1,Salud,1
VF102416,Basico,21,62,F,Santiago,S12,Referido,1,0,1,20170,1,2,8,1,Poco uso,1
VF102417,Full,32,32,M,Santiago,S09,Referido,8,2,2,30010,1,0,9,1,,0
VF102418,Premium,35,42,M,Santiago,S01,Referido,8,3,0,46120,1,1,7,0,,0
VF102419,Basico,30,29,M,Temuco,S06,Campaña RRSS,1,0,1,19380,0,0,6,0,,0
VF102420,Full,27,48,M,Vitacura,S02,App,3,1,0,31520,1,1,9,1,,0
VF102421,Premium,11,35,F,Puente Alto,S02,Campaña RRSS,11,5,0,46230,0,1,7,1,,0
VF102422,Full,17,48,M,Ñuñoa,S01,Web,3,1,0,30930,0,0,10,1,,0
VF102423,Full,11,42,F,Viña del Mar,S11,Campaña RRSS,5,3,0,29830,1,1,7,1,,0
VF102424,Full,53,40,M,Providencia,S01,Sucursal,7,3,0,29430,1,0,7,0,Salud,1
VF102425,Full,30,39,F,Santiago,S01,Web,6,1,0,31000,1,1,8,0,,0
VF102426,Premium,5,16,F,Las Condes,S03,Web,8,2,1,45880,1,0,7,0,,0
VF102427,Full,5,37,M,Puente Alto,S04,Sucursal,6,3,2,31260,1,0,10,1,,0
VF102428,Basico,5,16,M,Santiago,S05,App,6,4,0,20040,0,0,7,1,,0
VF102429,Basico,50,45,M,Ñuñoa,S03,App,2,1,0,19820,0,0,8,0,Se cambió de gimnasio,1
VF102430,Basico,17,66,F,Maipú,S03,Sucursal,5,2,0,19760,0,0,9,1,,0
VF102431,Premium,9,32,F,Ñuñoa,S08,Web,5,2,0,45730,0,0,9,1,,0
VF102432,Basico,14,16,F,Santiago,S10,Web,10,4,1,19720,1,0,8,0,Se mudó,1
VF102433,Full,15,42,Otro,Temuco,S02,App,3,1,1,29610,0,0,10,0,,0
VF102434,Full,16,52,F,San Miguel,S11,Sucursal,6,2,1,29250,1,0,10,1,,0
VF102435,Full,29,36,M,Santiago,S02,Web,8,2,1,29170,1,1,9,1,Poco uso,1
VF102436,Basico,44,58,F,Ñuñoa,S08,Campaña RRSS,3,0,0,19930,1,0,6,0,Se cambió de gimnasio,1
VF102437,Basico,14,38,F,San Miguel,S05,Referido,8,1,0,20380,0,1,4,0,,0
VF102438,Full,14,22,M,Maipú,S03,App,4,1,0,28460,1,0,7,0,,0
VF102439,Basico,18,26,M,Vitacura,S11,Referido,8,2,0,19740,1,0,7,0,,0
VF102440,Basico,21,56,F,Puente Alto,S08,Web,1,0,1,20000,1,1,10,1,,0
VF102441,Full,9,42,M,San Miguel,S02,Campaña RRSS,7,3,0,31200,1,0,8,1,,0
VF102442,Basico,14,55,M,La Florida,S01,Referido,1,0,0,20070,0,1,9,1,Se mudó,1
VF102443,Basico,12,33,F,La Florida,S06,Web,2,1,0,19700,1,0,9,1,Se cambió de gimnasio,1
VF102444,Basico,24,31,F,Vitacura,S01,Web,3,1,0,20620,0,0,10,0,,0
VF102445,Basico,15,55,F,Santiago,S09,Sucursal,7,3,0,19890,1,2,5,0,,0
VF102446,Full,27,29,M,Temuco,S03,Web,9,6,0,31410,1,0,10,1,,0
VF102447,Basico,10,37,F,Puente Alto,S02,Campaña RRSS,4,2,0,19510,1,1,8,1,,0
VF102448,Basico,7,30,M,Vitacura,S07,Campaña RRSS,3,0,2,20100,1,0,8,1,,0
VF102449,Basico,22,27,F,Puente Alto,S04,Referido,1,0,1,19880,0,0,4,0,,0
VF102450,Basico,11,46,F,Las Condes,S04,App,0,0,0,19980,0,1,9,2,,0
VF102451,Premium,27,18,F,Santiago,S04,Web,12,7,0,45860,1,0,6,0,,0
VF102452,Full,36,41,F,Viña del Mar,S09,App,7,4,0,30230,1,0,10,0,,0
VF102453,Basico,13,21,M,La Florida,S08,Web,4,1,1,20330,0,0,9,1,,0
VF102454,Premium,10,16,M,Vitacura,S02,Campaña RRSS,13,4,0,47440,1,0,6,0,,0
VF102455,Basico,40,27,F,La Florida,S09,App,0,0,0,18820,0,1,7,7,Salud,1
VF102456,Full,17,39,F,Puente Alto,S07,Sucursal,9,2,1,31070,0,1,1,0,,0
VF102457,Basico,11,34,M,Providencia,S04,App,2,0,0,20850,1,3,5,1,Se cambió de gimnasio,1
VF102458,Basico,46,28,M,Santiago,S04,Sucursal,4,1,0,21130,1,0,8,1,,0
VF102459,Full,31,63,F,Concepción,S10,Sucursal,2,1,0,31700,1,0,6,0,Se mudó,1
VF102460,Full,14,38,F,Puente Alto,S08,Web,6,3,0,28100,0,1,4,0,,0
VF102461,Full,34,17,F,Puente Alto,S04,Sucursal,6,1,0,29800,1,0,8,1,,0
VF102462,Full,12,30,F,Providencia,S01,Web,3,1,0,29080,1,0,9,1,,0
VF102463,Premium,3,46,F,Viña del Mar,S04,App,8,3,0,45440,1,1,5,0,,0
VF102464,Full,19,41,F,Santiago,S12,Web,5,2,1,31430,0,0,5,1,,0
VF102465,Basico,16,44,M,Viña del Mar,S03,Web,5,3,0,20490,0,0,6,1,,0
VF102466,Full,41,39,F,La Florida,S09,Campaña RRSS,4,1,0,29860,1,0,7,1,,0
VF102467,Basico,14,35,M,Vitacura,S08,Referido,7,3,1,20040,0,0,10,0,Se mudó,1
VF102468,Basico,15,36,F,San Miguel,S08,Sucursal,7,2,0,19880,0,0,10,0,,0
VF102469,Basico,28,32,M,Temuco,S06,Web,3,0,1,20070,0,1,8,0,,0
VF102470,Full,4,16,M,Puente Alto,S06,Web,11,3,1,29060,1,0,10,1,,0
VF102471,Basico,18,58,M,Concepción,S01,Sucursal,11,3,1,19610,0,0,7,0,,0
VF102472,Basico,14,42,F,Maipú,S02,Referido,4,1,0,20020,0,0,10,0,,0
VF102473,Basico,24,23,M,Maipú,S03,Campaña RRSS,5,2,0,20670,0,1,7,0,,0
VF102474,Basico,5,31,F,La Florida,S03,Sucursal,3,1,0,19730,1,0,4,1,,0
VF102475,Basico,15,32,F,Vitacura,S08,Campaña RRSS,6,3,0,19240,1,0,5,1,,0
VF102476,Full,22,24,M,Providencia,S01,App,7,2,1,29300,1,0,8,1,,0
VF102477,Basico,14,21,F,Concepción,S06,Web,5,3,0,19820,0,0,3,0,,0
VF102478,Full,26,29,F,Las Condes,S06,Sucursal,4,1,1,28880,1,0,10,0,,0
VF102479,Basico,36,34,F,Santiago,S02,App,1,0,0,20280,1,0,8,1,Se cambió de gimnasio,1
VF102480,Basico,13,16,F,San Miguel,S03,Web,5,2,0,20380,1,1,5,0,,0
VF102481,Full,26,35,M,Santiago,S07,Campaña RRSS,13,4,1,31240,1,0,10,0,,0
VF102482,Basico,33,36,M,Providencia,S09,App,4,1,0,19570,1,0,8,1,,0
VF102483,Full,8,23,F,Santiago,S01,Sucursal,7,4,0,30340,1,0,10,0,,0
VF102484,Basico,24,48,M,La Florida,S06,Sucursal,0,0,1,20200,1,3,7,4,Salud,1
VF102485,Full,24,29,F,San Miguel,S07,App,3,1,2,29890,1,0,8,1,Salud,1
VF102486,Premium,29,33,F,Las Condes,S03,Web,7,3,1,45670,1,0,6,0,,0
VF102487,Premium,6,35,M,San Miguel,S05,Referido,10,4,0,47540,0,1,8,1,,0
VF102488,Basico,14,36,M,Las Condes,S02,App,6,3,0,20070,0,0,8,1,,0
VF102489,Premium,13,28,F,Providencia,S02,Sucursal,8,4,0,46160,1,0,6,1,,0
VF102490,Full,4,28,M,Santiago,S10,App,2,0,0,30450,0,1,8,0,,0
VF102491,Basico,13,16,F,Viña del Mar,S07,Web,7,2,1,19630,0,3,4,0,,0
VF102492,Premium,7,34,M,Las Condes,S07,Referido,7,4,0,48020,1,0,10,1,Poco uso,1
VF102493,Full,23,24,F,San Miguel,S08,App,6,1,0,29480,1,2,5,1,Mala atención,1
VF102494,Basico,7,32,F,Ñuñoa,S03,Sucursal,2,0,0,20320,0,2,4,0,,0
VF102495,Basico,10,29,F,San Miguel,S10,Referido,1,0,0,19270,1,0,7,0,,0
VF102496,Basico,14,33,Otro,Maipú,S07,Sucursal,4,2,1,20400,1,1,8,0,Salud,1
VF102497,Premium,33,37,F,Puente Alto,S01,App,6,1,0,50220,1,0,10,0,,0
VF102498,Full,29,54,M,Maipú,S12,App,11,2,2,29450,0,1,8,0,,0
VF102499,Premium,32,48,Otro,Vitacura,S05,Sucursal,11,5,1,45260,0,0,8,0,,0
VF102500,Full,26,43,Otro,Viña del Mar,S01,Web,5,2,0,28870,1,0,8,1,,0
VF102501,Full,45,34,F,Concepción,S03,Referido,11,2,0,31140,1,0,8,1,,0
VF102502,Basico,41,23,F,Temuco,S04,App,8,2,0,18990,0,0,7,0,Mala atención,1
VF102503,Full,22,19,M,Ñuñoa,S07,Sucursal,7,2,0,31510,1,0,6,1,,0
VF102504,Premium,10,32,F,Viña del Mar,S02,Sucursal,9,6,0,46400,1,1,7,0,Salud,1
VF102505,Full,36,28,M,Puente Alto,S08,Web,8,2,0,30330,1,0,9,1,,0
VF102506,Basico,17,23,F,Temuco,S09,Web,0,0,1,19930,1,0,10,3,,0
VF102507,Full,6,23,M,Maipú,S05,Sucursal,6,3,0,28060,0,0,4,1,Precio,1
VF102508,Basico,26,36,F,Puente Alto,S09,App,5,1,0,19970,0,1,9,0,,0
VF102509,Full,24,36,F,Providencia,S07,Web,9,1,0,29040,1,0,7,1,,0
VF102510,Full,9,26,F,Maipú,S04,Web,7,4,0,30890,1,1,9,1,,0
VF102511,Full,4,48,F,Providencia,S09,Web,5,2,0,29870,1,0,9,0,,0
VF102512,Full,21,33,M,Viña del Mar,S02,App,9,5,0,30340,0,0,6,1,,0
VF102513,Basico,35,42,F,Puente Alto,S09,Web,2,0,0,19440,1,1,6,0,,0
VF102514,Full,37,20,F,Santiago,S07,App,10,2,0,28400,1,0,6,1,,0
VF102515,Full,13,16,M,Vitacura,S02,Web,6,1,1,31200,1,1,4,1,,0
VF102516,Full,24,30,M,Viña del Mar,S07,App,9,5,0,31760,1,0,8,1,,0
VF102517,Basico,21,16,M,Puente Alto,S12,Campaña RRSS,7,4,0,20670,0,0,5,0,,0
VF102518,Full,21,26,M,Viña del Mar,S11,Campaña RRSS,9,2,0,30700,1,0,10,1,,0
VF102519,Full,27,32,F,San Miguel,S02,Web,11,4,0,30370,1,0,8,1,,0
VF102520,Basico,21,41,F,Concepción,S12,Web,4,2,1,19360,0,0,8,0,,0
VF102521,Basico,2,22,F,Temuco,S09,Sucursal,8,3,0,20970,1,0,6,1,,0
VF102522,Full,7,36,F,San Miguel,S11,App,15,9,0,30120,0,1,6,1,,0
VF102523,Basico,17,34,F,Maipú,S10,Referido,5,2,1,20750,1,0,9,0,,0
VF102524,Full,2,28,M,Santiago,S07,Web,5,3,0,30990,1,0,8,1,,0
VF102525,Basico,9,52,M,Viña del Mar,S02,Campaña RRSS,0,0,0,19330,1,1,7,1,Precio,1
VF102526,Premium,26,27,F,Vitacura,S11,Campaña RRSS,7,2,0,46830,1,0,7,1,Se cambió de gimnasio,1
VF102527,Full,15,43,F,San Miguel,S09,App,8,3,3,29120,0,0,8,0,,0
VF102528,Basico,21,42,M,La Florida,S11,Referido,4,1,0,19590,1,1,9,0,,0
VF102529,Basico,18,34,F,Ñuñoa,S11,Referido,8,4,0,20030,1,0,7,1,,0
VF102530,Full,22,52,F,Puente Alto,S07,Referido,4,2,0,30960,1,1,6,0,,0
VF102531,Full,20,24,F,San Miguel,S12,Campaña RRSS,6,2,0,30790,1,0,10,0,,0
VF102532,Basico,16,41,F,Vitacura,S02,Sucursal,1,0,3,19300,0,0,10,1,Se mudó,1
VF102533,Full,17,37,M,Concepción,S02,Referido,3,1,1,29380,1,0,10,1,,0
VF102534,Full,24,32,M,Viña del Mar,S11,Web,8,5,0,28680,1,0,9,1,,0
VF102535,Premium,11,30,F,Viña del Mar,S03,Web,11,4,2,45300,1,0,8,0,,0
VF102536,Basico,28,22,F,Maipú,S04,Web,2,1,0,20990,0,1,10,0,,0
VF102537,Basico,28,52,F,Providencia,S02,Sucursal,8,5,0,18500,0,0,8,1,,0
VF102538,Full,8,26,M,Ñuñoa,S06,Sucursal,4,1,0,28740,0,0,9,1,,0
VF102539,Basico,15,25,F,Ñuñoa,S03,Campaña RRSS,3,1,0,20340,0,0,10,1,,0
VF102540,Basico,24,36,M,San Miguel,S02,Web,3,1,0,19150,0,0,8,1,,0
VF102541,Full,18,16,F,San Miguel,S03,Sucursal,13,3,1,29560,1,0,6,0,,0
VF102542,Premium,25,38,M,Las Condes,S01,Campaña RRSS,17,4,0,45690,1,0,10,0,,0
VF102543,Basico,18,16,F,Santiago,S05,Web,7,1,0,20060,0,1,8,0,,0
VF102544,Basico,16,40,M,Viña del Mar,S10,App,5,1,0,20430,1,0,7,1,,0
VF102545,Full,30,60,F,San Miguel,S10,App,6,3,0,29360,0,0,6,0,,0
VF102546,Premium,18,33,M,San Miguel,S06,App,15,9,0,46030,0,0,9,1,Precio,1
VF102547,Full,24,36,F,Viña del Mar,S12,App,8,3,1,30390,0,1,10,0,,0
VF102548,Full,19,41,M,Concepción,S01,Referido,5,1,0,32400,1,0,7,0,,0
VF102549,Basico,8,42,M,Vitacura,S05,Referido,3,1,1,20690,1,0,8,0,,0
VF102550,Full,5,16,F,La Florida,S10,App,7,1,0,29190,0,2,7,0,,0
VF102551,Basico,22,25,F,Puente Alto,S07,Sucursal,1,0,0,19450,1,1,9,1,,0
VF102552,Basico,15,34,M,Maipú,S01,Campaña RRSS,1,0,2,20090,0,1,7,1,,0
VF102553,Basico,29,25,F,Vitacura,S01,Web,5,2,1,21040,0,0,9,0,,0
VF102554,Basico,24,22,F,Santiago,S10,Sucursal,3,0,1,19240,0,1,5,1,Mala atención,1
VF102555,Basico,14,34,M,Maipú,S07,App,6,3,1,19400,0,0,10,1,Precio,1
VF102556,Basico,24,53,F,Temuco,S07,App,8,4,0,20170,0,0,10,1,,0
VF102557,Basico,19,30,F,San Miguel,S06,Web,1,0,0,20830,0,1,7,0,,0
VF102558,Basico,45,44,F,Las Condes,S02,Sucursal,6,2,0,20050,1,0,10,1,,0
VF102559,Premium,61,46,F,Ñuñoa,S03,Referido,10,5,1,47260,1,0,10,1,,0
VF102560,Full,16,36,F,San Miguel,S03,App,7,3,0,29710,0,0,7,0,,0
VF102561,Basico,56,46,M,Providencia,S12,Sucursal,6,1,0,20350,0,1,6,1,,0
VF102562,Basico,36,16,M,Las Condes,S01,Sucursal,6,2,1,20890,0,1,2,0,,0
VF102563,Basico,56,23,M,Las Condes,S10,App,3,1,0,19770,0,0,6,0,,0
VF102564,Full,15,18,F,Providencia,S03,Sucursal,9,3,1,30600,1,0,7,1,,0
VF102565,Full,27,28,M,San Miguel,S08,App,6,3,0,29260,0,0,9,0,,0
VF102566,Basico,18,27,F,Maipú,S03,Referido,3,0,0,19210,1,0,8,1,,0
VF102567,Full,12,46,F,Temuco,S02,App,13,6,0,29010,1,0,7,1,,0
VF102568,Basico,9,20,M,Temuco,S09,Sucursal,6,3,1,19110,1,0,10,1,,0
VF102569,Basico,21,16,F,Concepción,S12,Campaña RRSS,1,0,1,20180,0,1,7,1,Precio,1
VF102570,Full,37,34,M,Ñuñoa,S07,Web,11,7,0,31020,1,1,6,0,,0
VF102571,Basico,12,29,M,Temuco,S09,Referido,3,1,0,20090,0,0,6,0,,0
VF102572,Full,7,20,F,La Florida,S07,App,5,1,0,28420,1,1,8,1,,0
VF102573,Basico,26,45,F,Las Condes,S04,Web,9,2,0,19700,0,0,8,0,,0
VF102574,Basico,51,41,M,Viña del Mar,S10,Campaña RRSS,4,2,0,21410,0,1,5,1,Salud,1
VF102575,Basico,9,42,M,Temuco,S09,Sucursal,0,0,0,21000,0,2,7,1,Se cambió de gimnasio,1
VF102576,Basico,11,23,F,Puente Alto,S09,Web,1,0,0,19570,1,2,8,0,,0
VF102577,Full,34,42,F,La Florida,S03,Web,10,5,1,29520,1,1,8,1,,0
VF102578,Basico,33,39,M,San Miguel,S12,Campaña RRSS,0,0,1,20120,1,2,7,4,Poco uso,1
VF102579,Premium,11,21,M,Las Condes,S02,App,8,4,0,48030,1,0,9,0,,0
VF102580,Basico,10,29,M,Temuco,S05,Sucursal,2,1,0,19250,1,0,10,1,Mala atención,1
VF102581,Basico,26,57,F,Santiago,S03,Web,3,1,0,19810,1,0,9,0,Se mudó,1
VF102582,Full,15,53,M,Puente Alto,S12,Sucursal,10,5,0,29920,1,0,8,1,,0
VF102583,Basico,37,25,M,Providencia,S12,Web,0,0,0,19910,1,0,9,3,,0
VF102584,Full,11,28,F,La Florida,S09,Web,9,4,1,30520,1,1,6,0,,0
VF102585,Premium,31,34,Otro,Maipú,S07,App,15,8,0,45660,1,1,7,0,,0
VF102586,Basico,10,29,F,Vitacura,S09,Campaña RRSS,4,2,0,19850,0,1,5,1,Mala atención,1
VF102587,Full,17,38,M,Las Condes,S01,Web,9,1,0,30150,0,0,10,1,,0
VF102588,Full,26,41,F,Vitacura,S08,Web,7,3,0,28760,0,0,7,0,,0
VF102589,Basico,4,41,F,Providencia,S03,Sucursal,4,1,1,19780,1,0,6,1,,0
VF102590,Full,27,37,M,Santiago,S10,App,7,2,0,29670,1,0,7,1,,0
VF102591,Full,12,25,M,Providencia,S09,Campaña RRSS,2,0,0,29370,1,2,4,1,Precio,1
VF102592,Full,15,16,F,Santiago,S11,App,11,3,1,31430,0,0,6,0,,0
VF102593,Basico,18,43,F,Providencia,S08,Campaña RRSS,2,1,0,19860,0,0,6,0,,0
VF102594,Full,15,46,M,Las Condes,S09,Web,8,4,0,29110,1,0,5,0,,0
VF102595,Full,6,42,F,Temuco,S02,Referido,7,2,0,30810,1,1,10,0,Se cambió de gimnasio,1
VF102596,Full,36,33,M,Temuco,S09,Referido,5,1,0,31660,1,0,9,0,,0
VF102597,Basico,8,21,F,San Miguel,S09,Referido,3,0,0,19930,0,0,9,1,,0
VF102598,Full,33,45,M,Viña del Mar,S02,Web,3,0,2,30920,0,0,8,0,Precio,1
VF102599,Basico,28,34,M,Santiago,S10,Web,3,0,0,20900,0,0,8,1,,0
VF102600,Basico,29,48,M,Providencia,S08,App,0,0,0,19710,0,3,6,1,Se mudó,1
VF102601,Basico,27,41,F,Providencia,S03,Referido,4,2,3,19470,0,1,6,1,Poco uso,1
VF102602,Full,7,35,M,Puente Alto,S12,Web,5,2,1,32760,1,1,5,1,,0
VF102603,Full,82,33,M,Ñuñoa,S01,Referido,4,1,0,30920,1,0,10,0,,0
VF102604,Basico,34,41,F,Maipú,S09,Campaña RRSS,3,1,0,20220,0,0,10,0,,0
VF102605,Full,9,46,M,Concepción,S05,Sucursal,7,4,1,29690,1,0,9,0,,0
VF102606,Premium,22,32,F,La Florida,S11,Campaña RRSS,15,7,0,46980,0,2,5,1,Mala atención,1
VF102607,Premium,11,29,M,Viña del Mar,S01,Web,12,5,0,47170,1,0,7,0,,0
VF102608,Full,14,30,F,La Florida,S06,Web,13,5,0,29790,1,0,9,1,,0
VF102609,Premium,9,36,F,Vitacura,S11,Web,11,3,0,48760,1,0,8,1,,0
VF102610,Basico,14,49,M,Puente Alto,S04,Campaña RRSS,5,2,0,18500,0,1,5,1,,0
VF102611,Basico,11,24,F,Concepción,S06,Referido,3,0,0,19980,1,0,9,1,,0
VF102612,Basico,31,36,F,San Miguel,S07,Web,4,2,1,19900,0,0,10,0,,0
VF102613,Premium,42,28,M,Santiago,S10,Web,10,4,0,47640,1,0,6,1,,0
VF102614,Full,32,33,F,Providencia,S03,Web,4,2,0,31430,0,1,9,1,,0
VF102615,Full,20,30,F,Las Condes,S09,App,14,3,0,28790,0,1,9,1,,0
VF102616,Premium,6,30,M,Viña del Mar,S06,Referido,14,2,0,47190,1,0,7,0,Poco uso,1
VF102617,Basico,5,31,M,Providencia,S03,Campaña RRSS,2,1,1,20100,0,0,8,0,,0
VF102618,Full,30,43,F,Las Condes,S05,Referido,7,4,0,32890,1,0,6,1,,0
VF102619,Basico,5,44,M,Temuco,S11,App,0,0,0,19370,1,1,7,5,Salud,1
VF102620,Full,4,52,F,Ñuñoa,S11,Web,14,9,1,29300,1,0,9,0,,0
VF102621,Premium,11,32,Otro,Ñuñoa,S08,Referido,13,5,0,45030,1,0,6,1,,0
VF102622,Basico,8,28,F,Providencia,S08,Sucursal,3,1,0,19660,1,0,10,0,,0
VF102623,Basico,15,37,M,San Miguel,S06,Web,2,1,0,19750,1,0,10,0,,0
VF102624,Full,19,34,M,La Florida,S02,Web,8,3,0,31230,1,0,9,0,,0
VF102625,Full,6,41,M,La Florida,S07,Sucursal,7,2,1,30700,1,0,10,0,Precio,1
VF102626,Full,5,18,F,Maipú,S07,Referido,12,4,0,30920,0,1,7,1,Poco uso,1
VF102627,Basico,7,28,F,Ñuñoa,S10,Campaña RRSS,0,0,1,18500,1,1,9,3,,0
VF102628,Premium,10,57,M,Santiago,S10,Web,12,6,1,45520,0,0,8,0,,0
VF102629,Full,14,39,M,Puente Alto,S05,App,7,4,0,30740,0,0,7,1,,0
VF102630,Full,33,46,M,Ñuñoa,S12,Web,6,4,1,29700,1,0,4,0,,0
VF102631,Premium,31,41,F,San Miguel,S10,Web,8,3,0,44350,0,0,9,1,Mala atención,1
VF102632,Full,32,43,F,Temuco,S10,Referido,7,3,0,27200,1,0,10,0,Salud,1
VF102633,Full,32,17,F,Santiago,S05,Sucursal,5,1,1,30830,0,0,9,0,,0
VF102634,Full,26,35,F,Ñuñoa,S01,Sucursal,3,1,0,30320,1,0,10,0,,0
VF102635,Premium,15,49,M,San Miguel,S02,Referido,8,1,0,44230,1,0,10,1,,0
VF102636,Full,31,19,F,Las Condes,S09,Sucursal,10,2,0,29500,1,0,6,0,,0
VF102637,Full,26,28,F,Santiago,S02,App,1,0,0,30510,0,0,8,1,Mala atención,1
VF102638,Basico,13,32,F,La Florida,S06,Referido,5,1,0,20420,0,0,7,1,,0
VF102639,Full,32,48,M,Las Condes,S02,App,7,3,0,30260,0,1,5,1,,0
VF102640,Basico,10,38,F,Santiago,S06,App,1,0,0,20250,0,1,8,1,,0
VF102641,Basico,17,27,M,La Florida,S08,Referido,5,2,0,18630,0,0,9,0,,0
VF102642,Premium,14,38,F,Puente Alto,S12,App,12,4,0,44870,0,0,3,1,,0
VF102643,Basico,9,16,M,Maipú,S04,Web,3,0,0,19720,0,1,4,0,,0
VF102644,Basico,5,45,F,Providencia,S07,Referido,1,0,0,20970,0,3,6,1,Precio,1
VF102645,Basico,8,18,F,La Florida,S11,Campaña RRSS,4,1,1,19890,1,0,10,1,,0
VF102646,Basico,9,29,M,La Florida,S05,Campaña RRSS,4,0,0,19230,1,0,9,0,,0
VF102647,Premium,10,30,M,San Miguel,S02,Web,6,2,0,45510,1,0,7,1,,0
VF102648,Basico,31,42,F,Ñuñoa,S08,Web,3,1,0,19650,0,0,6,0,,0
VF102649,Basico,24,44,F,Maipú,S08,Web,9,6,0,20400,1,2,8,0,,0
VF102650,Basico,69,62,M,San Miguel,S09,App,9,2,0,19990,1,1,10,0,Precio,1
VF102651,Full,33,55,F,Vitacura,S12,Sucursal,4,1,0,29940,1,0,8,0,,0
VF102652,Basico,37,39,M,La Florida,S06,Web,3,1,1,19350,1,1,7,1,,0
VF102653,Full,28,36,Otro,Providencia,S08,App,6,2,0,29910,1,0,2,1,,0
VF102654,Basico,8,38,F,San Miguel,S01,Web,1,0,0,20830,0,2,8,1,Precio,1
VF102655,Basico,26,39,M,Concepción,S02,App,0,0,0,18780,1,0,8,2,,0
VF102656,Basico,39,40,F,Ñuñoa,S06,Web,8,4,0,19950,0,1,3,0,,0
VF102657,Premium,38,39,M,Viña del Mar,S09,Sucursal,14,5,1,46720,1,0,7,1,,0
VF102658,Full,9,44,F,Providencia,S03,Referido,3,1,0,27780,1,0,8,0,,0
VF102659,Premium,20,28,F,La Florida,S03,Web,14,3,0,46800,0,0,6,1,,0
VF102660,Basico,22,44,M,Santiago,S06,Sucursal,2,1,1,19310,0,0,8,1,,0
VF102661,Basico,4,26,M,La Florida,S04,Sucursal,2,1,0,20780,0,2,8,1,Precio,1
VF102662,Full,13,32,F,Viña del Mar,S12,Campaña RRSS,8,3,0,30400,1,0,10,0,,0
VF102663,Basico,32,28,F,Santiago,S09,Web,6,3,0,20040,1,2,7,0,,0
VF102664,Full,18,44,F,Santiago,S08,App,10,6,1,28850,1,0,10,0,,0
VF102665,Premium,9,48,M,Ñuñoa,S11,App,13,8,0,47230,1,0,9,0,,0
VF102666,Premium,15,43,F,Providencia,S10,App,13,5,0,46030,1,1,4,1,,0
VF102667,Full,51,39,F,Temuco,S10,Web,3,1,0,30190,1,0,10,0,,0
VF102668,Basico,34,38,M,Las Condes,S01,Web,0,0,0,20430,0,2,5,5,Se mudó,1
VF102669,Full,13,30,F,Viña del Mar,S07,Web,7,4,2,29720,0,1,8,0,Mala atención,1
VF102670,Full,27,28,F,Santiago,S04,App,5,2,0,30260,1,0,2,0,,0
VF102671,Premium,18,24,F,Ñuñoa,S09,App,7,4,1,46030,1,0,10,0,,0
VF102672,Basico,48,22,F,Santiago,S03,App,7,1,0,20100,0,0,10,1,,0
VF102673,Full,26,31,F,Maipú,S11,Referido,6,2,1,29810,1,0,8,1,,0
VF102674,Premium,7,23,F,San Miguel,S03,Referido,2,0,0,47260,1,1,3,0,Precio,1
VF102675,Basico,37,43,F,La Florida,S07,App,5,1,0,19150,1,0,8,1,,0
VF102676,Premium,11,38,M,Maipú,S07,App,19,8,1,45480,0,0,8,0,,0
VF102677,Premium,7,33,M,Viña del Mar,S01,Sucursal,4,2,0,45550,1,1,6,1,,0
VF102678,Full,16,47,F,Puente Alto,S09,App,2,1,0,30140,1,2,6,1,,0
VF102679,Basico,15,44,M,Temuco,S12,Web,0,0,1,20020,1,0,10,1,Se mudó,1
VF102680,Basico,14,34,M,Las Condes,S06,Campaña RRSS,5,2,0,20500,1,0,7,1,,0
VF102681,Full,10,19,F,San Miguel,S10,App,4,1,1,30380,1,1,4,1,,0
VF102682,Full,31,53,M,La Florida,S10,Campaña RRSS,9,3,0,30850,1,1,9,1,,0
VF102683,Full,13,48,M,Viña del Mar,S04,Web,7,4,1,31250,1,0,4,1,,0
VF102684,Basico,30,44,M,Concepción,S07,Campaña RRSS,0,0,1,20090,0,3,3,5,,0
VF102685,Basico,40,23,M,La Florida,S09,Sucursal,7,1,1,20230,1,1,7,0,,0
VF102686,Basico,11,53,M,San Miguel,S01,Web,5,2,2,19900,0,1,8,0,,0
VF102687,Basico,39,36,F,Temuco,S03,Referido,0,0,0,19750,1,0,8,7,,0
VF102688,Full,18,41,M,Las Condes,S05,Campaña RRSS,5,2,0,30130,1,0,9,0,Poco uso,1
VF102689,Full,13,29,M,Maipú,S06,Campaña RRSS,5,2,0,30960,1,0,10,1,,0
VF102690,Full,13,33,M,Maipú,S10,Web,2,0,0,28590,1,1,5,1,,0
VF102691,Premium,20,43,F,Providencia,S12,App,13,5,0,44610,1,0,7,1,,0
VF102692,Full,5,38,F,Santiago,S02,Campaña RRSS,5,3,0,28820,1,0,9,1,Precio,1
VF102693,Basico,10,60,F,La Florida,S12,Web,1,0,0,20350,1,0,7,0,,0
VF102694,Full,51,36,M,Santiago,S06,App,6,3,0,30550,1,1,6,0,,0
VF102695,Basico,10,34,M,Vitacura,S01,Sucursal,0,0,0,20200,1,0,10,2,,0
VF102696,Full,42,40,F,Ñuñoa,S10,Web,6,3,0,30930,1,0,9,1,,0
VF102697,Basico,10,44,F,Temuco,S10,Web,4,2,1,19990,0,0,10,0,,0
VF102698,Premium,12,26,F,San Miguel,S02,Web,13,8,0,43600,0,0,7,0,,0
VF102699,Premium,17,29,M,Viña del Mar,S03,App,9,4,0,46870,1,0,7,0,,0
VF102700,Basico,24,31,F,Las Condes,S11,Referido,3,0,0,19800,0,1,7,1,Mala atención,1
VF102701,Full,16,17,F,Concepción,S04,Sucursal,10,6,0,28860,1,0,8,1,,0
VF102702,Premium,15,30,M,Providencia,S11,Web,15,9,1,48000,0,0,8,1,Mala atención,1
VF102703,Full,28,35,F,San Miguel,S11,Campaña RRSS,4,2,0,30030,1,0,7,0,,0
VF102704,Basico,6,16,M,Ñuñoa,S09,Campaña RRSS,2,0,1,19330,0,0,6,0,Mala atención,1
VF102705,Full,6,35,F,Las Condes,S12,App,11,5,0,29140,1,0,9,0,,0
VF102706,Basico,44,32,M,Temuco,S03,App,2,1,0,19910,0,0,5,1,,0
VF102707,Full,8,29,M,Maipú,S12,Web,4,1,0,30160,0,1,6,1,,0
VF102708,Basico,10,37,F,Ñuñoa,S09,Referido,2,0,0,18570,0,1,5,1,,0
VF102709,Basico,11,25,M,Santiago,S07,Campaña RRSS,6,1,0,21020,0,1,7,1,,0
VF102710,Full,20,28,F,Maipú,S11,Referido,5,1,0,29900,1,0,9,0,,0
VF102711,Full,25,31,F,Maipú,S07,Web,13,8,0,30660,0,0,8,1,,0
VF102712,Premium,28,22,F,Vitacura,S03,Campaña RRSS,13,5,1,46470,0,0,10,1,,0
VF102713,Premium,19,42,F,La Florida,S01,App,8,2,0,44760,1,0,6,1,Salud,1
VF102714,Full,18,37,F,Concepción,S06,Web,14,3,0,29050,1,1,8,1,,0
VF102715,Full,29,47,M,Temuco,S09,App,8,3,0,31460,1,1,6,0,,0
VF102716,Basico,3,39,M,Temuco,S09,Web,1,0,0,20190,1,3,3,0,Se mudó,1
VF102717,Full,3,39,F,Vitacura,S10,Referido,5,2,0,30000,1,0,4,1,Se cambió de gimnasio,1
VF102718,Basico,29,19,M,Ñuñoa,S06,Web,0,0,0,18910,1,0,9,5,Se cambió de gimnasio,1
VF102719,Basico,12,34,F,Ñuñoa,S02,Referido,0,0,3,19210,1,2,9,4,Poco uso,1
VF102720,Premium,8,40,F,Puente Alto,S03,Sucursal,7,4,3,44150,1,0,10,1,,0
VF102721,Full,70,28,F,Maipú,S07,Web,5,3,1,29070,1,0,7,0,,0
VF102722,Full,22,29,F,Puente Alto,S01,Web,13,6,1,30140,1,3,5,1,Precio,1
VF102723,Basico,27,61,M,San Miguel,S08,Web,2,0,0,19560,1,1,6,1,,0
VF102724,Full,28,30,F,Santiago,S07,Referido,9,3,1,30360,1,0,8,0,,0
VF102725,Basico,4,33,M,San Miguel,S09,Sucursal,9,4,2,19970,0,0,6,1,Poco uso,1
VF102726,Full,25,28,M,Temuco,S04,Campaña RRSS,8,4,0,30880,1,0,9,1,,0
VF102727,Basico,4,40,F,Maipú,S10,Sucursal,4,2,1,19280,0,0,6,0,,0
VF102728,Basico,10,17,F,Maipú,S04,Campaña RRSS,7,1,0,19720,1,1,4,0,Salud,1
VF102729,Full,32,40,F,Ñuñoa,S02,Web,6,2,0,29890,0,0,8,1,,0
VF102730,Full,37,21,M,Concepción,S02,Referido,13,8,0,30480,0,0,7,1,,0
VF102731,Full,16,37,M,Providencia,S12,Campaña RRSS,10,4,0,29490,1,0,6,1,,0
VF102732,Premium,16,27,M,Puente Alto,S04,Web,5,1,0,46870,1,1,8,0,Precio,1
VF102733,Full,5,44,F,Puente Alto,S01,Web,11,4,0,29660,1,0,7,0,,0
VF102734,Basico,26,53,F,Santiago,S06,Web,1,0,1,20460,1,2,8,0,,0
VF102735,Basico,6,50,F,Vitacura,S05,App,4,1,0,19460,1,0,10,1,Salud,1
VF102736,Premium,7,36,M,San Miguel,S04,Campaña RRSS,8,2,0,44340,1,0,7,0,,0
VF102737,Full,42,36,F,Providencia,S02,Sucursal,5,1,0,30450,1,0,7,0,,0
VF102738,Premium,58,28,F,La Florida,S12,Web,3,0,0,45410,1,1,7,0,,0
VF102739,Basico,55,55,M,Vitacura,S04,Referido,7,4,0,19770,0,0,8,0,,0
VF102740,Premium,8,21,F,San Miguel,S03,Campaña RRSS,16,9,0,46630,1,0,8,0,,0
VF102741,Full,26,32,F,Vitacura,S10,App,3,1,0,29580,1,0,9,1,,0
VF102742,Basico,10,31,F,Maipú,S12,App,1,0,0,19890,1,2,7,0,Poco uso,1
VF102743,Basico,25,35,M,Maipú,S09,Referido,2,0,0,20120,1,0,10,1,,0
VF102744,Basico,41,51,M,Las Condes,S09,Web,1,0,0,19870,1,2,7,0,,0
VF102745,Basico,17,20,F,Viña del Mar,S08,Sucursal,6,2,0,20150,1,0,10,0,,0
VF102746,Full,22,26,M,Vitacura,S06,Web,4,1,0,30430,0,0,8,1,,0
VF102747,Full,17,35,M,Providencia,S09,Campaña RRSS,5,1,1,29390,1,0,7,0,,0
VF102748,Basico,23,55,M,La Florida,S11,Web,2,0,1,19850,1,1,6,0,,0
VF102749,Full,16,23,M,Ñuñoa,S09,Referido,9,1,1,30650,1,0,9,1,,0
VF102750,Basico,17,22,F,Concepción,S07,Web,4,2,2,19490,0,0,9,1,,0
VF102751,Full,31,39,M,Maipú,S10,Sucursal,8,2,2,32010,1,0,7,1,,0
VF102752,Basico,43,34,M,Maipú,S09,Sucursal,1,0,0,20860,1,1,9,0,,0
VF102753,Basico,11,16,M,Temuco,S02,Referido,3,0,0,19990,1,0,10,1,,0
VF102754,Full,13,41,F,Puente Alto,S01,Referido,5,2,0,30150,1,0,8,0,,0
VF102755,Basico,25,17,M,San Miguel,S03,Web,2,0,0,18340,1,2,5,1,,0
VF102756,Full,16,52,M,Santiago,S01,Web,5,3,0,30030,0,1,7,0,,0
VF102757,Full,8,23,M,Vitacura,S06,Web,6,3,0,30890,0,1,6,1,,0
VF102758,Basico,26,44,F,Santiago,S10,Web,9,5,2,20100,0,1,7,1,,0
VF102759,Basico,13,27,M,Viña del Mar,S10,App,2,0,0,20790,1,1,6,0,,0
VF102760,Full,25,24,F,Vitacura,S12,Web,8,5,0,31930,0,0,7,0,,0
VF102761,Premium,5,45,Otro,Santiago,S08,Campaña RRSS,9,5,0,45860,1,0,4,0,,0
VF102762,Premium,9,49,M,Santiago,S04,Web,6,2,1,46570,1,0,10,0,,0
VF102763,Full,27,33,F,Providencia,S06,Campaña RRSS,0,0,0,32200,0,2,10,6,Poco uso,1
VF102764,Full,68,41,F,Santiago,S04,App,11,6,0,29420,0,0,5,1,,0
VF102765,Full,10,31,M,Santiago,S09,Web,5,1,0,29270,1,0,10,1,,0
VF102766,Full,11,39,M,La Florida,S07,Web,5,2,1,30560,1,1,8,1,,0
VF102767,Full,18,26,M,Puente Alto,S09,Web,6,1,0,29730,1,0,7,0,,0
VF102768,Full,24,34,F,Puente Alto,S10,Sucursal,8,4,1,28850,1,0,7,0,,0
VF102769,Basico,5,26,F,Concepción,S06,Campaña RRSS,3,0,0,20110,0,2,1,0,,0
VF102770,Basico,23,45,F,La Florida,S10,Sucursal,3,0,1,20680,1,1,10,1,,0
VF102771,Full,19,45,M,Concepción,S04,Sucursal,7,4,1,31940,1,0,10,1,,0
VF102772,Basico,19,39,M,Las Condes,S06,Web,4,2,0,18640,1,0,1,0,,0
VF102773,Premium,2,37,M,Vitacura,S02,Campaña RRSS,7,2,0,46970,1,0,8,0,,0
VF102774,Full,20,51,M,Concepción,S07,Sucursal,3,1,0,31020,1,0,10,0,,0
VF102775,Full,17,30,F,La Florida,S03,App,7,2,0,28680,1,0,7,0,,0
VF102776,Premium,33,30,F,Temuco,S03,App,4,1,1,46700,0,0,7,1,,0
VF102777,Full,18,24,M,La Florida,S03,Sucursal,3,1,1,30290,1,0,10,0,,0
VF102778,Basico,8,27,M,Concepción,S05,Campaña RRSS,7,3,0,19770,1,0,8,1,,0
VF102779,Full,20,16,F,Viña del Mar,S01,App,10,3,2,30000,1,0,9,1,Precio,1
VF102780,Basico,47,40,F,Providencia,S09,Campaña RRSS,2,0,0,20230,1,1,10,1,Salud,1
VF102781,Basico,33,43,F,Puente Alto,S04,App,5,1,1,18570,1,1,10,1,,0
VF102782,Basico,27,64,F,Providencia,S03,Web,0,0,0,19080,0,1,7,7,,0
VF102783,Basico,14,21,F,Concepción,S04,App,4,2,0,20030,0,1,6,0,Mala atención,1
VF102784,Premium,10,30,F,Las Condes,S09,App,9,2,0,44680,1,0,9,1,,0
VF102785,Basico,3,58,M,Santiago,S03,Referido,3,0,1,20110,0,0,8,0,,0
VF102786,Basico,32,37,M,Viña del Mar,S02,Web,3,0,0,20940,0,0,8,1,,0
VF102787,Full,26,32,M,Providencia,S01,App,2,0,1,30020,0,1,7,1,,0
VF102788,Full,59,45,M,Puente Alto,S05,App,9,3,1,29020,1,0,4,1,,0
VF102789,Basico,20,29,F,Concepción,S12,Campaña RRSS,0,0,1,19700,1,1,9,5,Poco uso,1
VF102790,Basico,11,40,F,Concepción,S07,Referido,3,1,1,19620,0,1,4,1,Salud,1
VF102791,Basico,16,34,M,Vitacura,S08,Sucursal,3,1,0,20760,0,0,7,1,,0
VF102792,Full,25,42,M,Ñuñoa,S08,Web,6,4,1,30350,0,0,5,1,Precio,1
VF102793,Full,71,37,M,Providencia,S04,Web,4,1,1,29120,1,2,8,0,,0
VF102794,Full,10,32,M,Maipú,S08,Sucursal,7,4,1,29290,1,1,6,0,,0
VF102795,Full,12,40,F,Santiago,S05,Sucursal,3,1,0,28650,0,0,5,0,,0
VF102796,Basico,26,29,M,Puente Alto,S12,Campaña RRSS,5,3,0,20090,0,1,7,1,Mala atención,1
VF102797,Basico,26,38,F,Concepción,S06,Referido,3,1,0,20510,1,0,8,1,,0
VF102798,Basico,11,47,F,Puente Alto,S03,Campaña RRSS,2,0,0,21410,1,2,7,1,,0
VF102799,Premium,22,36,F,Providencia,S02,Campaña RRSS,12,6,1,47970,1,0,10,1,,0
VF102800,Premium,10,66,M,Puente Alto,S10,Referido,11,2,1,45720,1,0,7,0,,0
VF102801,Basico,2,31,M,Viña del Mar,S03,Referido,3,1,0,20270,0,0,7,0,,0
VF102802,Premium,6,20,F,Santiago,S12,Web,4,2,1,44310,0,1,9,1,,0
VF102803,Full,4,24,F,Las Condes,S01,Referido,7,4,0,30600,0,0,8,1,,0
VF102804,Basico,6,43,F,Vitacura,S08,App,3,1,1,20240,0,0,9,0,,0
VF102805,Basico,2,44,F,Maipú,S08,Sucursal,3,1,0,20510,0,1,6,0,,0
VF102806,Full,57,20,M,Ñuñoa,S05,Sucursal,5,1,0,29560,1,0,9,0,,0
VF102807,Basico,10,28,F,Providencia,S05,App,5,1,0,20040,1,0,10,0,,0
VF102808,Full,26,28,M,La Florida,S09,App,9,4,0,30230,1,0,5,0,,0
VF102809,Full,46,26,F,Maipú,S05,Web,9,6,0,29150,1,0,6,1,,0
VF102810,Basico,6,23,F,Temuco,S09,Web,5,1,1,19780,1,0,10,0,,0
VF102811,Full,38,33,F,Maipú,S03,Referido,4,1,4,29630,1,0,5,0,,0
VF102812,Full,10,39,F,Ñuñoa,S02,Referido,8,2,0,31820,1,1,5,1,Precio,1
VF102813,Basico,21,39,M,Las Condes,S04,Web,5,2,0,20270,0,0,6,0,,0
VF102814,Basico,10,33,M,Ñuñoa,S06,Sucursal,3,1,2,20020,1,1,5,1,,0
VF102815,Basico,21,49,F,Ñuñoa,S10,Referido,4,2,0,20020,0,0,5,0,Precio,1
VF102816,Basico,91,36,F,Providencia,S09,App,7,4,1,19700,0,0,10,0,,0
VF102817,Basico,19,24,F,Ñuñoa,S05,App,1,0,1,19440,1,1,7,0,,0
VF102818,Basico,15,23,F,Vitacura,S12,Web,4,1,0,20850,0,0,5,1,Salud,1
VF102819,Premium,13,58,M,Santiago,S08,App,6,3,0,45650,1,1,9,1,Se mudó,1
VF102820,Basico,33,37,M,San Miguel,S10,Referido,8,2,0,20060,0,1,7,0,Salud,1
VF102821,Premium,55,31,F,Vitacura,S09,App,13,6,0,47290,1,0,9,0,,0
VF102822,Full,18,35,F,La Florida,S07,Campaña RRSS,7,1,0,30030,1,0,7,1,,0
VF102823,Full,33,31,F,Viña del Mar,S12,Web,9,5,0,31060,0,2,7,1,,0
VF102824,Full,13,36,F,Vitacura,S12,App,4,2,0,29490,0,0,9,0,,0
VF102825,Full,10,53,F,Santiago,S07,Referido,13,5,0,28720,1,0,10,0,,0
VF102826,Full,16,69,F,Viña del Mar,S05,Web,11,3,2,29420,1,1,3,1,,0
VF102827,Basico,18,50,F,Santiago,S02,Web,1,0,0,18790,1,0,10,1,,0
VF102828,Basico,20,27,M,Concepción,S10,Sucursal,3,1,0,19750,1,1,8,1,Mala atención,1
VF102829,Full,25,53,M,La Florida,S02,Referido,5,2,0,29690,1,1,10,1,,0
VF102830,Full,28,28,M,Puente Alto,S07,Web,8,5,0,29400,1,1,10,0,,0
VF102831,Full,2,59,M,Concepción,S03,Sucursal,8,2,1,29350,1,0,10,1,,0
VF102832,Full,11,39,F,Santiago,S11,Web,5,1,0,30330,1,0,5,0,,0
VF102833,Full,13,28,F,Providencia,S11,Campaña RRSS,10,2,0,28970,0,0,6,0,,0
VF102834,Full,16,38,F,Vitacura,S08,Campaña RRSS,11,3,0,29810,1,0,8,1,,0
VF102835,Full,26,38,M,Viña del Mar,S05,Campaña RRSS,11,7,1,28910,0,1,5,1,Se cambió de gimnasio,1
VF102836,Basico,21,36,M,Vitacura,S10,App,2,0,0,20990,1,1,6,0,,0
VF102837,Full,15,33,M,Puente Alto,S09,Web,2,0,0,30190,1,4,5,0,Precio,1
VF102838,Full,23,33,F,Ñuñoa,S01,App,7,1,0,29700,0,1,6,1,,0
VF102839,Basico,37,16,F,Las Condes,S03,Referido,5,2,0,19560,0,0,8,1,,0
VF102840,Basico,4,32,F,Puente Alto,S06,Web,3,0,0,19140,0,0,7,0,,0
VF102841,Full,19,35,F,Las Condes,S03,Web,5,3,1,30180,1,0,7,1,,0
VF102842,Full,11,39,F,Ñuñoa,S01,Web,6,4,1,29320,1,0,8,1,,0
VF102843,Full,55,26,F,La Florida,S06,App,5,3,0,30060,1,0,8,1,,0
VF102844,Premium,27,38,M,Providencia,S06,Referido,2,0,0,44650,1,2,8,0,,0
VF102845,Basico,40,46,F,Concepción,S01,Referido,8,4,0,19800,0,0,9,1,,0
VF102846,Premium,35,38,M,Vitacura,S08,Web,7,2,2,46740,1,0,9,1,,0
VF102847,Premium,5,28,M,La Florida,S05,Web,12,7,0,45670,1,0,5,0,,0
VF102848,Basico,7,16,M,Providencia,S10,Sucursal,4,1,0,19220,0,0,6,0,,0
VF102849,Basico,28,43,F,Ñuñoa,S10,Web,3,0,0,20130,0,0,9,0,,0
VF102850,Full,62,39,M,Vitacura,S04,App,16,9,0,29810,1,1,7,1,Poco uso,1
VF102851,Full,22,36,Otro,Concepción,S12,Campaña RRSS,9,2,1,29740,1,1,9,0,,0
VF102852,Basico,26,28,M,Puente Alto,S04,Web,0,0,1,19300,1,1,10,2,Mala atención,1
VF102853,Full,15,32,F,Vitacura,S09,Web,2,0,1,28720,0,1,6,1,Poco uso,1
VF102854,Premium,26,45,M,Concepción,S09,Web,16,4,1,43430,1,0,9,0,Salud,1
VF102855,Full,15,32,F,Providencia,S09,App,8,5,0,31430,1,0,10,1,,0
VF102856,Premium,15,33,F,Viña del Mar,S09,Referido,10,2,0,46310,1,1,9,1,Salud,1
VF102857,Full,5,37,F,Temuco,S09,Sucursal,9,4,1,31170,0,0,10,1,,0
VF102858,Full,12,26,F,Maipú,S11,App,6,3,1,32200,1,0,10,0,,0
VF102859,Premium,25,35,M,Maipú,S06,Sucursal,2,0,0,47000,1,2,7,1,Salud,1
VF102860,Basico,22,16,M,Maipú,S10,Sucursal,0,0,0,20060,0,2,4,5,Se cambió de gimnasio,1
VF102861,Full,13,25,M,Puente Alto,S06,Referido,12,3,1,28770,0,1,10,0,,0
VF102862,Full,7,22,M,Viña del Mar,S10,Referido,6,3,0,28840,1,0,9,0,,0
VF102863,Full,25,41,F,Las Condes,S02,Web,6,4,0,30750,0,0,5,0,Mala atención,1
VF102864,Full,24,38,F,San Miguel,S08,Web,8,3,2,31030,1,0,6,1,,0
VF102865,Basico,42,33,M,Ñuñoa,S07,Referido,5,3,0,19360,1,0,6,1,,0
VF102866,Basico,13,39,M,San Miguel,S03,Campaña RRSS,2,0,0,19610,0,1,8,1,,0
VF102867,Basico,17,35,F,Vitacura,S03,Referido,3,0,1,19870,1,1,6,0,,0
VF102868,Full,25,26,F,Puente Alto,S02,App,9,2,0,30880,1,1,9,0,,0
VF102869,Basico,22,53,M,Vitacura,S03,Campaña RRSS,4,2,1,20440,1,0,10,1,,0
VF102870,Premium,15,42,M,Maipú,S09,Campaña RRSS,5,1,0,46640,1,0,6,0,,0
VF102871,Full,9,40,F,Maipú,S09,Web,2,0,0,29370,1,1,4,1,Poco uso,1
VF102872,Premium,9,33,M,Temuco,S09,Referido,14,6,0,45010,1,1,10,0,,0
VF102873,Basico,10,28,M,Las Condes,S10,Campaña RRSS,4,1,0,20030,1,0,4,0,,0
VF102874,Full,22,24,F,Providencia,S03,Sucursal,5,2,1,31010,1,0,7,1,,0
VF102875,Full,12,35,F,Las Condes,S02,Sucursal,9,2,0,29880,1,0,6,1,,0
VF102876,Full,21,35,M,Santiago,S06,Sucursal,2,0,1,29090,1,0,9,1,,0
VF102877,Premium,7,32,F,Maipú,S02,App,13,8,0,44620,1,0,7,0,,0
VF102878,Full,15,42,F,Ñuñoa,S12,Sucursal,5,1,0,29460,1,1,7,1,,0
VF102879,Premium,25,33,M,Providencia,S02,Referido,7,1,0,43440,1,0,10,0,,0
VF102880,Basico,19,32,M,Puente Alto,S04,App,3,1,0,18980,0,1,4,1,Precio,1
VF102881,Full,10,25,F,Providencia,S10,Web,9,4,1,30020,0,0,8,0,,0
VF102882,Basico,9,30,F,Maipú,S12,Referido,4,1,0,19600,1,1,7,0,,0
VF102883,Full,26,28,F,Las Condes,S05,Sucursal,11,4,0,28960,1,0,7,1,Salud,1
VF102884,Full,23,48,F,Santiago,S03,App,4,0,0,29360,0,0,6,1,,0
VF102885,Premium,24,47,M,Santiago,S10,Web,8,4,1,43930,1,1,4,1,,0
VF102886,Full,42,28,F,Temuco,S04,Campaña RRSS,5,1,0,31010,0,0,8,0,,0
VF102887,Basico,36,22,M,Providencia,S01,App,2,1,0,21350,1,4,5,1,,0
VF102888,Basico,3,52,F,Providencia,S01,App,1,0,1,19900,1,0,8,0,Precio,1
VF102889,Basico,8,20,F,Viña del Mar,S09,Web,0,0,0,19570,0,2,9,4,Se mudó,1
VF102890,Premium,12,30,M,Concepción,S05,Web,7,4,0,47560,1,1,6,0,,0
VF102891,Full,23,33,M,Temuco,S01,Sucursal,3,1,1,29980,1,0,8,1,,0
VF102892,Basico,22,28,F,Ñuñoa,S09,Web,6,3,0,20140,0,0,8,1,,0
VF102893,Premium,30,29,F,Temuco,S01,Referido,7,4,0,48070,1,0,10,0,,0
VF102894,Basico,2,41,F,Las Condes,S07,Sucursal,3,2,0,20110,1,1,6,1,Se cambió de gimnasio,1
VF102895,Full,4,42,F,Ñuñoa,S12,App,6,4,0,30580,0,0,7,1,,0
VF102896,Basico,15,43,M,Providencia,S10,Web,3,1,1,20090,0,2,4,0,,0
VF102897,Premium,19,32,M,Ñuñoa,S10,App,12,5,0,44940,0,1,7,0,,0
VF102898,Premium,6,39,F,Viña del Mar,S09,Web,5,1,1,44560,0,1,7,0,,0
VF102899,Basico,15,42,M,San Miguel,S10,Referido,8,2,1,19290,1,0,6,0,,0
VF102900,Basico,6,39,F,Ñuñoa,S02,Web,0,0,1,19760,0,0,10,1,Se cambió de gimnasio,1
VF102901,Premium,24,35,F,La Florida,S07,App,12,7,0,47390,1,0,8,1,,0
VF102902,Basico,14,33,M,Viña del Mar,S10,Referido,1,0,0,19970,1,0,9,1,,0
VF102903,Basico,20,35,M,Maipú,S07,Referido,1,0,0,19700,1,1,7,0,,0
VF102904,Basico,20,45,F,Ñuñoa,S05,Sucursal,2,0,0,19550,0,0,8,1,,0
VF102905,Premium,15,51,M,Providencia,S09,Sucursal,11,7,1,44240,1,0,7,0,,0
VF102906,Basico,29,32,M,San Miguel,S12,Web,2,0,1,20650,1,3,9,1,,0
VF102907,Basico,28,32,F,Santiago,S04,Sucursal,1,0,0,20780,1,0,10,0,,0
VF102908,Basico,22,60,F,Temuco,S07,Web,0,0,1,19650,0,1,7,6,Precio,1
VF102909,Full,43,29,M,Concepción,S05,Web,9,4,1,30040,1,0,8,0,,0
VF102910,Full,13,44,F,Las Condes,S07,App,7,4,0,28950,1,0,9,0,,0
VF102911,Basico,22,46,M,Concepción,S03,Web,4,1,0,19860,1,0,6,0,,0
VF102912,Basico,8,29,F,Temuco,S02,App,0,0,0,20870,1,1,9,3,Se cambió de gimnasio,1
VF102913,Basico,20,23,M,Temuco,S01,Web,5,2,1,20840,1,0,8,0,,0
VF102914,Full,20,20,F,Puente Alto,S08,Web,5,2,1,31050,1,0,7,1,,0
VF102915,Full,18,37,F,Santiago,S10,Referido,10,2,1,29900,1,0,10,1,,0
VF102916,Full,7,38,M,Ñuñoa,S11,Web,9,4,0,30470,0,0,7,0,,0
VF102917,Full,4,39,F,Providencia,S12,App,12,5,0,29450,0,0,7,1,,0
VF102918,Basico,21,49,M,Santiago,S04,Campaña RRSS,0,0,0,19850,1,0,9,4,Poco uso,1
VF102919,Basico,34,34,Otro,Vitacura,S11,App,0,0,0,20240,0,1,8,6,Mala atención,1
VF102920,Premium,8,42,M,Santiago,S08,Campaña RRSS,13,5,1,45180,1,0,7,0,,0
VF102921,Full,33,36,F,Providencia,S12,Sucursal,9,5,0,32040,0,0,9,0,,0
VF102922,Full,12,54,M,Providencia,S10,App,5,3,0,29850,0,1,6,1,,0
VF102923,Full,32,32,F,Puente Alto,S02,Web,2,1,1,29260,1,1,8,1,,0
VF102924,Premium,23,36,F,Puente Alto,S09,App,6,1,0,44300,0,0,10,1,,0
VF102925,Premium,15,30,F,San Miguel,S03,Sucursal,6,3,1,45110,1,0,7,1,Se cambió de gimnasio,1
VF102926,Premium,14,58,F,Vitacura,S10,Campaña RRSS,6,3,0,48480,1,0,10,0,,0
VF102927,Premium,21,31,M,Puente Alto,S06,App,9,4,1,46820,1,1,7,1,,0
VF102928,Full,13,32,F,La Florida,S12,Referido,10,3,0,30290,1,0,8,1,,0
VF102929,Premium,13,40,F,San Miguel,S03,Sucursal,15,9,0,43920,1,1,5,1,,0
VF102930,Basico,33,56,F,Puente Alto,S02,Web,5,1,0,20010,0,0,8,0,,0
VF102931,Full,7,40,F,Maipú,S03,Web,6,1,0,30900,0,0,9,1,,0
VF102932,Basico,29,25,F,Providencia,S11,Web,4,1,1,20140,0,0,9,0,,0
VF102933,Full,26,46,F,San Miguel,S03,Web,11,2,0,31100,1,1,8,1,,0
VF102934,Basico,24,24,M,La Florida,S11,App,6,2,2,20140,0,0,7,1,,0
VF102935,Premium,14,17,M,La Florida,S01,Web,3,2,2,43650,1,0,8,1,,0
VF102936,Premium,18,41,F,Concepción,S11,App,13,3,0,45100,1,0,8,1,,0
VF102937,Basico,38,33,F,Ñuñoa,S10,Web,1,0,0,20180,0,1,8,1,,0
VF102938,Premium,15,33,F,Las Condes,S06,Campaña RRSS,3,0,0,44620,1,1,8,1,,0
VF102939,Basico,6,64,M,Viña del Mar,S07,Web,1,0,2,19170,0,0,10,0,Salud,1
VF102940,Full,26,44,M,Maipú,S08,Sucursal,4,0,0,31710,1,0,7,0,,0
VF102941,Basico,3,16,F,Temuco,S11,App,5,3,0,20150,1,0,9,1,,0
VF102942,Basico,19,31,M,San Miguel,S12,Referido,4,1,0,20690,0,0,7,0,,0
VF102943,Basico,15,23,M,Providencia,S01,Referido,4,2,2,19650,1,0,10,1,,0
VF102944,Full,35,29,F,Maipú,S02,App,7,3,0,30660,1,0,5,0,,0
VF102945,Premium,13,35,F,Temuco,S10,Web,3,0,0,45320,1,1,9,1,Poco uso,1
VF102946,Basico,21,28,F,Puente Alto,S07,Sucursal,5,2,0,21360,1,0,9,0,,0
VF102947,Full,8,36,M,Ñuñoa,S05,Referido,5,2,0,31440,0,0,7,0,,0
VF102948,Full,31,26,M,San Miguel,S11,App,11,7,0,29680,0,1,6,0,,0
VF102949,Premium,26,16,F,Providencia,S01,Sucursal,3,2,1,47030,1,0,9,0,,0
VF102950,Basico,18,18,M,Providencia,S11,Web,4,2,0,20910,0,0,9,1,,0
VF102951,Basico,20,53,F,Temuco,S12,Web,2,1,0,20270,0,1,6,0,,0
VF102952,Basico,14,56,M,Temuco,S12,Referido,6,1,0,19300,1,0,10,0,,0
VF102953,Full,12,43,M,Concepción,S01,Web,6,3,0,29410,1,0,5,0,,0
VF102954,Basico,19,39,M,Providencia,S03,Referido,4,1,1,19430,0,1,2,0,,0
VF102955,Premium,10,34,F,Santiago,S01,Campaña RRSS,8,2,1,43910,1,0,7,1,,0
VF102956,Full,7,16,M,Ñuñoa,S05,Sucursal,5,2,0,29490,1,1,5,0,,0
VF102957,Basico,18,26,F,Ñuñoa,S02,Web,5,3,0,20620,0,0,10,1,,0
VF102958,Full,60,30,M,Santiago,S07,Referido,5,2,0,30380,1,1,10,1,,0
VF102959,Basico,5,37,M,Temuco,S11,Sucursal,2,0,0,20580,0,0,7,1,Salud,1
VF102960,Basico,9,32,M,Ñuñoa,S06,Campaña RRSS,4,0,0,20820,0,1,6,1,,0
VF102961,Basico,17,32,F,Ñuñoa,S06,Referido,6,2,0,19730,1,0,6,0,,0
VF102962,Full,15,42,F,Temuco,S09,Referido,9,5,0,28330,0,1,4,1,Poco uso,1
VF102963,Full,24,37,F,San Miguel,S08,Sucursal,7,1,0,29320,0,1,7,1,,0
VF102964,Basico,34,26,F,Maipú,S08,Sucursal,5,1,0,20390,0,1,4,1,,0
VF102965,Basico,12,31,F,Vitacura,S04,Web,8,4,0,20640,1,0,7,1,,0
VF102966,Basico,54,39,F,Puente Alto,S05,App,6,4,0,19880,1,0,10,1,,0
VF102967,Basico,14,37,F,Providencia,S04,Sucursal,0,0,0,20520,0,2,5,3,Salud,1
VF102968,Premium,15,30,F,Viña del Mar,S04,Sucursal,14,4,0,45710,1,1,8,1,,0
VF102969,Premium,13,54,M,Maipú,S05,Sucursal,9,3,0,45150,1,0,7,1,,0
VF102970,Full,24,51,F,San Miguel,S09,Web,6,1,0,27580,1,1,10,0,,0
VF102971,Full,5,37,M,Santiago,S07,Web,2,0,0,29530,1,1,8,1,Mala atención,1
VF102972,Basico,7,34,F,Vitacura,S09,Web,0,0,0,20480,1,2,6,6,Mala atención,1
VF102973,Premium,12,25,M,Maipú,S03,Sucursal,7,2,0,44510,1,0,10,1,,0
VF102974,Basico,14,36,M,Santiago,S08,Referido,5,2,1,19900,0,0,5,1,,0
VF102975,Full,14,28,F,Puente Alto,S05,Web,7,1,0,30530,0,0,8,1,,0
VF102976,Full,3,21,F,Puente Alto,S06,Campaña RRSS,5,1,2,31280,0,0,4,0,Se mudó,1
VF102977,Basico,8,31,F,Viña del Mar,S02,App,3,1,0,20280,1,0,10,0,,0
VF102978,Basico,12,16,F,Ñuñoa,S09,Referido,5,2,0,20610,0,1,7,0,,0
VF102979,Basico,76,34,M,Concepción,S08,Campaña RRSS,3,0,0,20460,1,0,9,0,Precio,1
VF102980,Basico,25,33,M,San Miguel,S10,App,5,2,0,19310,0,1,7,1,,0
VF102981,Basico,47,41,F,Santiago,S06,Campaña RRSS,6,3,0,20210,1,0,7,0,Salud,1
VF102982,Basico,33,16,F,Las Condes,S03,Referido,4,0,2,20290,0,0,10,1,,0
VF102983,Basico,24,22,M,Concepción,S09,Web,6,3,0,19760,0,0,10,1,,0
VF102984,Basico,23,17,F,Providencia,S05,Sucursal,2,1,0,18820,0,0,5,0,,0
VF102985,Premium,46,40,F,Ñuñoa,S09,Referido,8,4,0,45310,0,0,10,0,,0
VF102986,Full,9,41,F,Viña del Mar,S07,Web,12,5,1,30370,1,0,10,0,,0
VF102987,Basico,28,16,F,Ñuñoa,S11,App,0,0,0,20820,1,1,7,2,Se mudó,1
VF102988,Basico,18,33,M,Providencia,S10,Sucursal,2,1,1,20120,0,1,9,1,,0
VF102989,Premium,7,26,F,Providencia,S05,Sucursal,7,1,1,46020,0,1,7,1,Se cambió de gimnasio,1
VF102990,Basico,33,34,F,Temuco,S09,Web,3,1,0,19650,1,0,7,1,,0
VF102991,Basico,19,31,F,San Miguel,S04,Web,4,1,0,20260,1,2,6,1,,0
VF102992,Basico,34,51,F,Concepción,S05,App,8,5,0,19630,0,0,7,1,,0
VF102993,Premium,20,26,M,Ñuñoa,S02,App,8,3,0,47060,1,0,7,1,,0
VF102994,Premium,16,33,F,La Florida,S04,Sucursal,10,5,0,46380,0,0,8,1,Poco uso,1
VF102995,Full,5,29,M,Maipú,S12,Sucursal,4,2,1,29940,0,1,6,1,,0
VF102996,Basico,7,53,M,Las Condes,S04,Web,11,6,0,20070,1,1,8,0,,0
VF102997,Basico,26,31,M,Puente Alto,S09,Referido,5,3,0,20510,0,0,8,1,,0
VF102998,Basico,22,36,F,La Florida,S09,Web,6,3,0,20120,0,0,6,1,,0
VF102999,Basico,23,35,F,Puente Alto,S09,App,4,2,0,19370,1,1,6,1,,0
VF103000,Premium,36,41,F,Puente Alto,S06,App,2,1,0,44340,1,1,4,1,,0
VF103001,Basico,21,27,M,Viña del Mar,S04,Web,0,0,0,19850,1,2,4,3,Mala atención,1
VF103002,Basico,3,37,M,Puente Alto,S09,App,5,1,0,19600,1,1,6,0,,0
VF103003,Full,32,37,F,Santiago,S04,Web,7,3,1,29400,1,0,7,1,,0
VF103004,Full,17,37,F,Puente Alto,S12,Referido,4,1,0,31530,0,0,5,1,,0
VF103005,Basico,5,44,M,Las Condes,S05,Referido,4,2,0,19570,0,0,6,0,,0
VF103006,Full,16,36,F,Providencia,S01,Sucursal,6,2,0,29300,0,0,8,1,Se mudó,1
VF103007,Basico,14,44,F,Providencia,S12,Web,4,2,0,19160,0,1,10,0,,0
VF103008,Basico,12,30,M,Ñuñoa,S06,Referido,0,0,1,19300,0,1,8,2,Mala atención,1
VF103009,Basico,7,36,M,Maipú,S03,Campaña RRSS,2,0,0,19840,1,2,9,1,,0
VF103010,Basico,9,36,M,Providencia,S08,App,4,0,0,19000,1,1,10,0,,0
VF103011,Basico,44,42,F,Maipú,S10,Referido,3,1,0,21580,1,0,8,1,,0
VF103012,Basico,13,38,M,Vitacura,S12,Web,1,0,0,19670,0,0,6,0,Mala atención,1
VF103013,Basico,10,38,F,Las Condes,S12,Web,3,0,0,19590,0,0,10,0,Mala atención,1
VF103014,Full,40,53,F,Puente Alto,S04,App,2,1,2,29720,1,1,7,0,,0
VF103015,Basico,9,33,M,Vitacura,S08,Campaña RRSS,1,0,0,20460,1,1,9,0,,0
VF103016,Basico,14,42,F,Temuco,S03,Campaña RRSS,0,0,0,20440,0,0,6,7,Salud,1
VF103017,Full,46,29,M,Concepción,S05,App,4,2,1,30150,1,0,6,0,,0
VF103018,Full,20,31,F,Viña del Mar,S09,Referido,4,1,1,28360,0,0,10,1,Salud,1
VF103019,Basico,19,37,M,La Florida,S03,Web,6,3,0,20670,1,0,8,1,Precio,1
VF103020,Basico,25,53,M,Concepción,S10,App,0,0,0,19680,1,0,7,2,Mala atención,1
VF103021,Full,13,38,M,Las Condes,S06,Referido,5,2,0,29210,1,0,10,1,,0
VF103022,Basico,15,31,F,Concepción,S12,App,0,0,0,19870,0,1,6,1,,0
VF103023,Premium,7,38,F,Ñuñoa,S03,Campaña RRSS,8,1,0,45300,1,0,7,1,,0
VF103024,Full,18,26,F,Santiago,S02,App,7,2,0,31090,0,0,8,1,,0
VF103025,Basico,20,21,F,Providencia,S10,Referido,1,0,0,19750,1,1,10,0,Salud,1
VF103026,Basico,40,34,F,Puente Alto,S07,Web,0,0,0,19730,1,0,8,4,Precio,1
VF103027,Basico,24,55,M,Las Condes,S12,Campaña RRSS,4,2,1,19210,1,0,3,0,,0
VF103028,Basico,10,27,M,Maipú,S02,Referido,0,0,0,20520,1,1,7,3,Se cambió de gimnasio,1
VF103029,Premium,10,31,F,Viña del Mar,S06,Referido,9,2,0,45210,0,0,5,0,,0
VF103030,Premium,22,61,F,Providencia,S04,Sucursal,12,2,0,47410,1,0,8,0,,0
VF103031,Basico,10,45,F,Ñuñoa,S04,Web,8,2,0,20860,0,0,7,0,Mala atención,1
VF103032,Basico,24,45,M,Temuco,S02,Sucursal,10,6,0,19260,1,0,7,1,,0
VF103033,Basico,62,30,F,Ñuñoa,S08,Sucursal,3,1,1,20420,1,0,2,0,,0
VF103034,Premium,17,29,M,La Florida,S06,Sucursal,6,3,0,46090,1,1,8,0,,0
VF103035,Full,4,40,F,San Miguel,S11,Sucursal,5,2,1,29850,0,0,7,1,,0
VF103036,Basico,36,33,M,Ñuñoa,S07,Web,7,3,3,19910,0,1,7,0,,0
VF103037,Full,30,27,M,Ñuñoa,S05,Campaña RRSS,7,2,0,30480,1,1,8,1,,0
VF103038,Full,11,39,M,Santiago,S06,Referido,5,1,0,30080,0,0,10,1,,0
VF103039,Basico,14,39,M,Viña del Mar,S01,Sucursal,4,1,0,18690,0,0,5,0,,0
VF103040,Full,20,39,F,Vitacura,S04,Web,6,1,0,29730,0,0,10,1,,0
VF103041,Full,22,30,F,La Florida,S12,App,5,3,0,30740,1,0,10,1,,0
VF103042,Basico,9,35,F,La Florida,S06,Referido,4,1,1,20330,1,0,9,1,,0
VF103043,Full,39,32,M,Viña del Mar,S03,Web,8,3,0,29790,1,0,8,0,,0
VF103044,Full,23,22,F,Providencia,S12,Sucursal,8,4,0,30570,1,1,5,1,,0
VF103045,Basico,29,38,F,Concepción,S05,Referido,6,3,1,19940,1,1,8,0,,0
VF103046,Basico,20,30,M,Concepción,S11,App,4,0,1,20370,1,1,5,0,,0
VF103047,Basico,6,58,M,Providencia,S10,Sucursal,5,2,0,20930,1,1,9,0,,0
VF103048,Full,10,27,F,Viña del Mar,S01,Campaña RRSS,13,8,3,30040,1,0,5,0,,0
VF103049,Premium,3,33,M,Concepción,S06,Referido,14,7,2,46570,1,0,8,0,,0
VF103050,Full,13,44,M,San Miguel,S09,App,6,2,0,28620,1,0,9,1,,0
VF103051,Premium,18,57,F,Ñuñoa,S01,Web,6,1,0,46410,1,0,7,1,,0
VF103052,Basico,6,27,F,Puente Alto,S11,Web,5,1,0,19860,1,2,9,0,,0
VF103053,Premium,26,43,F,Las Condes,S08,Web,13,5,0,47630,0,0,6,1,,0
VF103054,Full,26,51,F,Vitacura,S03,App,7,4,0,29810,1,0,7,0,,0
VF103055,Basico,28,30,M,Concepción,S04,App,4,0,1,19470,1,0,6,1,,0
VF103056,Full,11,33,F,Maipú,S09,Referido,4,2,0,30410,1,1,4,1,,0
VF103057,Full,51,48,F,Temuco,S06,Web,13,8,0,30360,1,0,7,1,,0
VF103058,Basico,25,45,F,Vitacura,S04,Referido,4,1,0,19480,0,0,7,0,,0
VF103059,Basico,15,44,F,Maipú,S07,Sucursal,1,0,0,20910,0,1,9,0,,0
VF103060,Premium,15,24,F,Ñuñoa,S10,Referido,7,4,0,47650,1,0,10,1,,0
VF103061,Full,4,44,M,Temuco,S01,Web,9,5,0,30480,1,1,9,0,Salud,1
VF103062,Basico,44,31,M,Ñuñoa,S04,Web,3,1,0,19650,1,0,10,0,,0
VF103063,Full,23,60,F,Providencia,S09,Web,1,0,0,29860,1,4,6,1,Se mudó,1
VF103064,Basico,22,30,F,Temuco,S05,Sucursal,0,0,0,20280,0,0,7,1,Poco uso,1
VF103065,Premium,43,41,F,Ñuñoa,S02,Web,6,2,0,45680,1,0,6,1,,0
VF103066,Basico,30,41,F,Las Condes,S02,Referido,0,0,0,19220,1,1,5,2,,0
VF103067,Basico,19,25,M,Las Condes,S09,Sucursal,6,2,0,20280,1,0,7,0,Precio,1
VF103068,Full,17,29,M,Puente Alto,S11,Sucursal,10,2,0,30120,1,0,8,1,,0
VF103069,Full,16,33,F,Puente Alto,S08,Web,9,4,0,32540,1,0,10,0,Salud,1
VF103070,Basico,32,37,F,San Miguel,S08,App,1,0,0,21070,0,1,6,0,,0
VF103071,Basico,22,16,M,Providencia,S02,Web,1,0,2,20180,1,1,6,1,Se cambió de gimnasio,1
VF103072,Full,25,32,F,Las Condes,S08,Campaña RRSS,5,2,0,29770,1,0,10,1,,0
VF103073,Full,13,37,M,Concepción,S07,App,8,2,0,30170,1,0,5,1,Se mudó,1
VF103074,Basico,4,21,M,Viña del Mar,S09,Campaña RRSS,0,0,1,20280,0,0,8,6,Precio,1
VF103075,Premium,22,43,M,La Florida,S09,Web,4,2,1,47050,1,2,5,1,,0
VF103076,Full,21,36,M,Concepción,S12,Web,5,2,0,30440,0,0,6,0,,0
VF103077,Basico,11,68,F,Vitacura,S12,Web,1,0,1,20250,0,2,3,0,Mala atención,1
VF103078,Full,21,21,F,Vitacura,S06,Sucursal,11,6,0,29670,1,0,7,0,,0
VF103079,Basico,25,39,F,Maipú,S03,Referido,4,0,2,20170,0,1,6,0,Salud,1
VF103080,Basico,24,34,M,Providencia,S06,Web,5,2,1,19600,1,1,4,1,,0
VF103081,Full,30,39,F,Santiago,S09,Campaña RRSS,8,2,1,29880,1,0,4,0,,0
VF103082,Basico,6,31,M,Puente Alto,S09,Web,6,1,1,19990,1,0,6,0,,0
VF103083,Full,18,27,F,Concepción,S08,Web,6,3,0,31500,1,0,9,0,,0
VF103084,Basico,32,49,F,Maipú,S04,Referido,4,1,0,19700,1,0,10,1,,0
VF103085,Full,5,22,F,Las Condes,S06,Sucursal,2,0,0,29610,0,1,3,1,Poco uso,1
VF103086,Full,12,32,M,La Florida,S07,Web,11,2,3,29170,1,0,7,1,,0
VF103087,Full,36,32,M,Vitacura,S06,App,4,1,2,29230,1,1,7,1,,0
VF103088,Full,14,49,M,Santiago,S01,Web,9,5,0,31420,0,0,4,0,,0
VF103089,Premium,27,24,F,Viña del Mar,S03,Sucursal,12,6,0,47930,1,0,10,0,,0
VF103090,Basico,9,30,F,Puente Alto,S12,Web,0,0,0,19930,0,1,8,2,Salud,1
VF103091,Basico,17,30,F,Vitacura,S10,Campaña RRSS,1,0,0,20620,0,0,9,1,,0
VF103092,Basico,36,46,M,Ñuñoa,S02,Sucursal,2,1,0,20050,0,1,7,0,,0
VF103093,Basico,12,35,M,Las Condes,S04,App,0,0,0,20940,1,2,8,4,Precio,1
VF103094,Basico,13,39,F,Concepción,S05,Campaña RRSS,5,3,0,18900,0,1,5,1,,0
VF103095,Premium,34,49,F,Maipú,S07,Campaña RRSS,14,6,0,44970,1,1,9,1,,0
VF103096,Basico,31,30,M,La Florida,S10,Sucursal,2,0,0,18340,0,3,3,0,,0
VF103097,Full,31,33,F,Santiago,S12,Sucursal,7,2,2,30230,1,0,10,1,,0
VF103098,Basico,8,30,F,La Florida,S08,App,2,0,0,20530,1,0,10,1,,0
VF103099,Premium,38,38,M,San Miguel,S01,Referido,10,4,0,46010,1,1,10,1,Se cambió de gimnasio,1
VF103100,Premium,19,32,F,Providencia,S03,Sucursal,4,2,0,44180,1,1,7,0,Mala atención,1
VF103101,Full,10,43,F,Temuco,S11,Sucursal,8,3,0,28790,0,0,10,1,,0
VF103102,Full,54,23,M,Concepción,S12,Web,9,2,0,31090,1,0,9,0,,0
VF103103,Full,41,16,M,Las Condes,S05,Sucursal,6,2,0,29310,0,0,10,1,,0
VF103104,Basico,26,39,M,Santiago,S06,Sucursal,5,1,2,20190,1,0,7,1,Salud,1
VF103105,Basico,38,51,F,Las Condes,S12,Referido,6,3,0,19430,0,0,10,0,,0
VF103106,Full,6,17,F,Concepción,S12,App,6,3,1,30150,1,1,5,0,,0
VF103107,Basico,8,46,F,Maipú,S07,Sucursal,1,0,0,21260,0,2,5,0,,0
VF103108,Full,17,17,M,Vitacura,S01,Campaña RRSS,8,1,0,31080,0,0,8,0,Se cambió de gimnasio,1
VF103109,Full,15,51,F,Maipú,S03,Campaña RRSS,7,2,0,29980,1,0,10,1,Se cambió de gimnasio,1
VF103110,Premium,22,32,F,Puente Alto,S12,Web,15,7,0,45230,1,1,7,0,Salud,1
VF103111,Basico,5,36,M,Temuco,S12,Web,5,1,1,19960,1,0,9,0,,0
VF103112,Basico,26,39,M,Concepción,S10,Sucursal,2,0,0,21040,0,1,10,0,,0
VF103113,Full,17,39,F,Las Condes,S02,Web,8,3,1,30300,0,1,7,1,Mala atención,1
VF103114,Full,20,32,M,Santiago,S04,Referido,6,2,1,29800,1,0,10,1,,0
VF103115,Basico,4,16,M,Temuco,S07,Web,7,1,0,20260,0,0,8,1,,0
VF103116,Basico,7,26,F,San Miguel,S12,App,7,2,1,20760,0,0,10,1,,0
VF103117,Basico,28,16,F,Vitacura,S02,App,1,0,0,19780,0,2,5,0,,0
VF103118,Full,43,22,M,Vitacura,S03,Referido,15,5,0,29640,1,1,10,1,,0
VF103119,Full,25,36,M,Temuco,S02,Web,5,2,0,30720,1,0,8,0,,0
VF103120,Basico,14,43,M,Vitacura,S05,Sucursal,2,1,1,19350,1,0,5,1,,0
VF103121,Full,30,36,M,Ñuñoa,S05,App,3,0,0,28570,1,0,5,1,,0
VF103122,Full,29,39,M,Viña del Mar,S10,Sucursal,11,6,1,29380,0,0,8,1,,0
VF103123,Full,21,34,M,Providencia,S01,Sucursal,1,0,0,29490,1,0,5,0,,0
VF103124,Full,8,36,F,Temuco,S11,Referido,10,5,0,29460,1,0,10,0,Precio,1
VF103125,Basico,6,34,F,Maipú,S06,Web,3,1,0,19220,1,0,7,1,,0
VF103126,Basico,19,36,F,Ñuñoa,S03,Web,5,2,0,19860,1,0,10,1,,0
VF103127,Basico,29,37,M,Providencia,S11,Web,5,3,0,20350,0,0,10,1,,0
VF103128,Full,30,37,F,Providencia,S11,Web,10,6,1,30260,1,1,9,0,,0
VF103129,Basico,11,30,M,Santiago,S10,App,4,2,0,21900,1,0,7,0,,0
VF103130,Premium,26,47,F,San Miguel,S02,Campaña RRSS,7,4,1,45010,1,0,7,0,,0
VF103131,Basico,32,34,F,Viña del Mar,S12,Referido,5,2,1,20450,1,1,9,1,,0
VF103132,Basico,14,28,M,La Florida,S08,Web,3,1,1,20520,0,0,8,1,,0
VF103133,Full,18,26,M,Providencia,S06,App,14,3,0,28950,1,0,10,0,,0
VF103134,Basico,14,50,F,La Florida,S12,Campaña RRSS,4,1,0,20100,1,1,8,0,,0
VF103135,Basico,11,38,M,Maipú,S04,Campaña RRSS,2,0,0,19920,1,0,8,1,,0
VF103136,Premium,8,19,F,Viña del Mar,S05,Web,10,2,0,45130,1,0,10,0,Poco uso,1
VF103137,Full,65,26,M,Puente Alto,S09,App,5,2,0,28980,1,1,8,1,,0
VF103138,Full,9,48,F,Puente Alto,S08,Web,5,2,0,27840,0,0,7,1,,0
VF103139,Full,17,31,M,Providencia,S12,App,5,1,0,29280,0,1,5,0,,0
VF103140,Premium,28,48,F,Maipú,S12,Web,8,4,0,44890,1,1,6,1,,0
VF103141,Premium,24,47,M,San Miguel,S03,Sucursal,12,8,0,45910,1,0,8,0,,0
VF103142,Premium,17,38,F,Concepción,S01,Web,9,5,1,45760,1,0,7,1,,0
VF103143,Full,33,24,M,Vitacura,S01,Web,8,1,0,29970,1,0,6,1,,0
VF103144,Basico,44,26,F,Vitacura,S09,Web,8,4,0,19530,1,0,10,1,,0
VF103145,Full,16,54,F,Las Condes,S09,Web,4,0,0,28850,1,0,8,1,,0
VF103146,Full,23,28,M,Viña del Mar,S11,Referido,14,8,0,30050,1,0,6,1,,0
VF103147,Full,22,23,M,San Miguel,S02,Web,7,4,0,27450,0,0,7,1,,0
VF103148,Premium,38,36,F,Providencia,S08,Campaña RRSS,10,3,2,44860,1,1,7,1,,0
VF103149,Basico,52,29,F,Concepción,S07,App,3,1,0,20630,1,0,6,1,Mala atención,1
VF103150,Full,13,31,M,Puente Alto,S01,Web,9,2,1,28910,1,1,6,0,Mala atención,1
VF103151,Full,5,40,M,Ñuñoa,S04,App,4,1,0,31340,1,0,7,0,,0
VF103152,Premium,5,28,M,Viña del Mar,S02,Web,7,4,0,45560,1,1,8,0,Salud,1
VF103153,Full,21,18,F,Temuco,S09,App,5,1,0,30320,1,0,6,1,,0
VF103154,Full,12,39,F,Providencia,S06,Campaña RRSS,7,2,0,29280,1,0,7,0,,0
VF103155,Basico,8,46,F,Puente Alto,S09,Web,4,1,0,20150,1,1,8,1,,0
VF103156,Full,26,54,F,Las Condes,S03,App,7,3,0,30430,1,1,10,0,Se mudó,1
VF103157,Full,15,37,F,La Florida,S09,Sucursal,4,2,0,27970,1,0,8,1,,0
VF103158,Basico,30,40,F,Maipú,S11,App,0,0,1,19950,1,1,6,7,,0
VF103159,Basico,8,43,F,Las Condes,S01,Web,2,0,0,19400,1,0,8,0,,0
VF103160,Premium,18,32,M,Providencia,S05,Referido,9,6,0,46070,1,1,7,0,,0
VF103161,Premium,22,34,M,Ñuñoa,S04,App,6,1,0,47640,1,0,9,1,,0
VF103162,Basico,33,53,F,Las Condes,S06,Referido,3,1,0,18910,0,1,5,1,,0
VF103163,Full,10,32,F,Puente Alto,S04,Referido,13,7,1,29820,1,0,8,1,,0
VF103164,Full,60,20,F,Vitacura,S02,Referido,10,5,1,30950,1,0,8,1,,0
VF103165,Basico,25,38,M,Concepción,S09,Referido,8,4,0,19520,0,1,5,1,,0
VF103166,Basico,31,29,F,Las Condes,S09,App,2,1,1,19940,1,2,9,1,,0
VF103167,Basico,29,37,M,Maipú,S12,Sucursal,6,3,0,20190,0,1,9,0,,0
VF103168,Premium,5,39,M,Santiago,S08,Web,6,1,2,48360,1,0,7,0,Precio,1
VF103169,Basico,8,27,M,Viña del Mar,S05,Web,6,3,0,20360,1,0,10,1,,0
VF103170,Basico,28,39,F,Concepción,S11,App,1,0,0,20630,0,4,4,1,,0
VF103171,Basico,17,55,M,Ñuñoa,S04,Web,0,0,0,20720,1,1,9,3,,0
VF103172,Full,36,40,F,Providencia,S05,Campaña RRSS,14,5,0,29180,1,1,6,1,,0
VF103173,Basico,28,33,F,Providencia,S10,Campaña RRSS,8,2,0,19750,0,0,4,0,,0
VF103174,Full,2,50,M,Puente Alto,S12,Sucursal,7,4,0,28550,1,0,7,0,,0
VF103175,Premium,37,25,M,Concepción,S09,Referido,9,2,1,44970,0,0,7,0,,0
VF103176,Basico,27,67,M,San Miguel,S08,App,5,2,0,19630,0,0,9,1,,0
VF103177,Premium,5,35,M,Temuco,S10,App,11,6,0,45220,1,0,7,0,,0
VF103178,Full,35,35,M,Puente Alto,S10,App,6,1,0,30380,0,0,4,1,Salud,1
VF103179,Full,46,21,F,Vitacura,S09,Web,2,0,1,27580,1,0,10,0,,0
VF103180,Premium,10,20,F,Temuco,S12,Web,11,5,0,46450,0,1,4,0,Poco uso,1
VF103181,Full,9,31,M,Concepción,S01,Sucursal,5,1,2,30880,1,0,6,1,,0
VF103182,Premium,2,41,F,San Miguel,S04,Web,9,5,1,44610,1,0,9,0,,0
VF103183,Full,39,51,M,Puente Alto,S01,App,9,6,0,30610,1,1,5,1,Salud,1
VF103184,Basico,40,38,M,Vitacura,S02,Referido,4,2,0,20340,0,0,5,1,Poco uso,1
VF103185,Premium,9,51,M,La Florida,S09,Sucursal,13,7,0,44530,0,0,9,0,,0
VF103186,Premium,28,23,M,Providencia,S05,App,9,2,1,47000,1,0,9,0,,0
VF103187,Premium,5,25,M,La Florida,S08,Campaña RRSS,6,1,0,46770,1,0,8,0,,0
VF103188,Basico,40,43,F,San Miguel,S09,App,5,1,0,21260,0,0,6,1,,0
VF103189,Premium,12,31,M,Santiago,S02,Referido,7,3,0,46500,1,1,6,0,,0
VF103190,Basico,13,42,F,Viña del Mar,S11,Web,3,1,1,20290,1,0,7,1,,0
VF103191,Basico,25,30,M,Vitacura,S09,Sucursal,10,2,1,19750,0,0,10,1,,0
VF103192,Full,6,37,F,La Florida,S02,App,3,2,0,29130,0,0,9,0,,0
VF103193,Basico,14,24,F,Ñuñoa,S08,Web,3,1,1,21370,0,0,8,1,Salud,1
VF103194,Basico,45,42,M,La Florida,S08,Campaña RRSS,5,1,1,18740,0,0,8,1,,0
VF103195,Basico,5,35,F,Vitacura,S11,Web,0,0,0,20140,0,1,3,4,Se mudó,1
VF103196,Full,18,33,F,Santiago,S12,Web,8,2,0,32930,1,1,7,0,Precio,1
VF103197,Premium,13,33,M,Vitacura,S07,Sucursal,9,5,0,44180,0,0,6,1,,0
VF103198,Full,18,44,F,Santiago,S08,App,4,2,0,28330,1,0,9,0,Se mudó,1
VF103199,Full,40,18,M,Santiago,S10,Campaña RRSS,6,3,1,30930,1,1,7,1,,0
VF103200,Basico,30,35,F,Providencia,S12,Web,4,1,1,20710,1,0,10,1,,0
VF103201,Full,53,33,F,Providencia,S05,Web,0,0,1,29570,1,0,8,3,,0
VF103202,Premium,10,32,F,Concepción,S03,Web,10,6,0,45770,1,0,7,0,,0
VF103203,Basico,22,41,M,Santiago,S10,App,0,0,0,20690,0,1,10,6,Poco uso,1
VF103204,Full,30,32,F,Ñuñoa,S09,Referido,7,3,0,29780,1,0,6,0,,0
VF103205,Full,12,42,F,San Miguel,S04,Sucursal,7,3,1,30020,1,0,8,1,,0
VF103206,Full,12,33,F,La Florida,S10,Referido,4,2,0,30160,0,0,8,1,Salud,1
VF103207,Basico,3,16,M,Vitacura,S04,App,4,2,1,19490,0,0,8,0,,0
VF103208,Full,10,27,M,Santiago,S12,Sucursal,6,1,0,31080,1,0,6,0,,0
VF103209,Basico,6,45,M,Vitacura,S10,Web,5,1,1,19290,1,1,7,0,,0
VF103210,Full,27,33,F,Concepción,S07,Web,4,1,1,30980,0,0,7,0,,0
VF103211,Full,20,47,M,Viña del Mar,S01,Campaña RRSS,8,2,1,31780,1,0,9,0,,0
VF103212,Full,14,24,F,Puente Alto,S01,Web,4,1,0,29750,1,0,8,1,,0
VF103213,Basico,46,49,F,Concepción,S10,Web,2,0,0,19920,0,1,8,1,,0
VF103214,Full,29,33,F,Ñuñoa,S07,App,5,3,0,31110,0,0,10,1,,0
VF103215,Full,50,25,F,Viña del Mar,S11,App,7,4,0,29840,1,0,8,1,,0
VF103216,Basico,17,39,M,Ñuñoa,S06,Referido,5,1,0,19560,1,1,6,1,Se mudó,1
VF103217,Full,12,46,F,Viña del Mar,S10,Sucursal,8,1,0,31260,0,0,6,0,,0
VF103218,Basico,5,30,F,Maipú,S04,Referido,5,2,0,19940,0,0,4,1,Mala atención,1
VF103219,Full,32,25,F,Puente Alto,S01,Web,9,2,0,28120,0,0,9,0,Se cambió de gimnasio,1
VF103220,Full,22,26,M,San Miguel,S10,App,5,3,0,29320,1,1,7,1,Se cambió de gimnasio,1
VF103221,Basico,30,59,F,La Florida,S01,Web,8,4,0,19240,0,0,3,1,,0
VF103222,Premium,3,24,F,Concepción,S03,Web,10,3,0,45670,1,1,5,0,,0
VF103223,Full,58,36,F,Viña del Mar,S06,Campaña RRSS,6,2,0,30140,1,1,4,0,,0
VF103224,Full,4,41,F,Temuco,S09,Sucursal,8,3,2,30260,1,1,6,1,Se mudó,1
VF103225,Full,32,29,F,Puente Alto,S03,Sucursal,11,5,1,30110,1,1,8,1,,0
VF103226,Full,13,27,F,San Miguel,S05,Referido,6,2,0,29240,0,0,9,0,,0
VF103227,Basico,3,36,M,La Florida,S10,Web,2,0,0,19630,0,1,2,0,,0
VF103228,Full,26,19,F,Vitacura,S11,Sucursal,9,2,1,30010,1,0,7,0,,0
VF103229,Full,5,29,F,San Miguel,S04,App,5,2,2,30220,1,0,9,1,,0
VF103230,Basico,7,22,F,Vitacura,S05,App,6,2,0,19100,1,1,10,1,,0
VF103231,Basico,2,28,M,Las Condes,S01,App,3,1,1,21120,1,0,10,1,Se mudó,1
VF103232,Basico,15,30,F,Maipú,S02,App,7,2,1,19390,0,0,4,1,Mala atención,1
VF103233,Basico,11,30,F,San Miguel,S01,App,7,4,0,19760,1,0,9,1,Salud,1
VF103234,Full,7,33,F,Santiago,S06,Campaña RRSS,3,1,0,31010,0,0,8,1,,0
VF103235,Basico,4,22,F,Providencia,S07,Referido,7,2,1,19810,0,0,7,0,,0
VF103236,Basico,3,21,F,Santiago,S05,Sucursal,0,0,0,19500,1,1,5,1,,0
VF103237,Basico,13,26,M,Las Condes,S03,Sucursal,5,1,0,20090,0,0,7,1,Se mudó,1
VF103238,Basico,21,32,F,Viña del Mar,S01,App,7,1,0,20460,0,1,6,0,,0
VF103239,Full,10,27,F,Puente Alto,S04,Campaña RRSS,10,4,0,29200,1,0,8,1,,0
VF103240,Full,25,51,F,La Florida,S03,Web,5,2,0,30660,1,1,6,0,,0
VF103241,Basico,10,38,M,La Florida,S11,Web,6,3,2,20190,0,0,7,0,,0
VF103242,Basico,4,49,F,La Florida,S09,Sucursal,2,0,0,20330,1,2,7,1,,0
VF103243,Full,31,28,Otro,Temuco,S04,Web,5,3,0,29140,0,0,8,0,,0
VF103244,Basico,32,35,M,Puente Alto,S08,Sucursal,3,1,0,20880,1,0,8,1,,0
VF103245,Full,22,34,F,San Miguel,S02,Campaña RRSS,5,1,0,31350,1,0,6,0,,0
VF103246,Basico,19,49,F,Puente Alto,S06,Campaña RRSS,6,1,0,19610,0,0,9,1,,0
VF103247,Full,47,46,M,Maipú,S07,Web,1,0,0,29130,1,0,10,1,,0
VF103248,Full,11,43,M,Santiago,S05,Web,9,1,0,29630,0,0,8,1,,0
VF103249,Premium,12,16,F,San Miguel,S07,Web,10,4,0,46970,1,0,10,0,,0
VF103250,Basico,16,18,F,Puente Alto,S02,Sucursal,5,1,0,18980,0,0,7,1,,0
VF103251,Basico,12,45,M,La Florida,S11,Campaña RRSS,1,0,0,18750,1,1,7,1,Se cambió de gimnasio,1
VF103252,Basico,17,29,F,La Florida,S07,Campaña RRSS,2,1,0,18650,1,1,9,1,Salud,1
VF103253,Basico,11,52,M,Providencia,S04,Web,3,1,0,19300,1,1,5,1,Se mudó,1
VF103254,Full,7,25,M,Santiago,S09,App,9,2,0,29070,1,0,9,0,,0
VF103255,Basico,8,16,F,Puente Alto,S12,App,5,2,0,19460,1,0,8,1,,0
VF103256,Basico,2,31,M,La Florida,S05,Campaña RRSS,4,2,1,19320,0,0,8,1,,0
VF103257,Basico,32,38,F,Concepción,S11,Web,2,0,1,20280,0,1,4,1,Precio,1
VF103258,Basico,21,53,F,Santiago,S08,Web,0,0,2,18820,0,0,9,7,Se cambió de gimnasio,1
VF103259,Full,13,32,F,Concepción,S03,App,9,3,0,31080,1,1,7,1,,0
VF103260,Full,5,28,F,Las Condes,S03,Sucursal,0,0,3,30390,1,0,5,5,,0
VF103261,Full,25,19,M,Temuco,S08,Web,10,3,0,29150,1,0,8,1,,0
VF103262,Premium,14,59,M,Maipú,S09,Sucursal,7,1,1,47410,1,1,3,0,Salud,1
VF103263,Basico,18,30,F,La Florida,S08,Sucursal,4,2,0,20170,0,1,7,1,,0
VF103264,Full,4,52,F,La Florida,S09,Web,7,2,0,30610,1,0,10,0,,0
VF103265,Full,7,21,F,Concepción,S06,Campaña RRSS,7,4,0,29770,1,0,5,1,,0
VF103266,Basico,28,33,M,Maipú,S08,Web,5,3,0,19630,0,0,7,1,,0
VF103267,Basico,16,20,F,San Miguel,S12,Sucursal,5,2,2,19800,0,0,5,0,,0
VF103268,Basico,11,42,M,Ñuñoa,S04,Web,3,1,1,19620,1,0,7,1,,0
VF103269,Premium,24,45,M,Santiago,S12,Referido,11,4,0,45380,1,0,7,0,,0
VF103270,Basico,34,41,M,Concepción,S03,Web,3,2,0,20100,1,1,9,0,,0
VF103271,Premium,20,40,F,Viña del Mar,S12,App,12,5,1,44730,1,1,6,0,Poco uso,1
VF103272,Premium,13,28,F,Las Condes,S11,Campaña RRSS,9,6,1,46490,1,0,6,0,,0
VF103273,Basico,28,35,F,Ñuñoa,S03,App,2,1,0,20300,1,2,5,1,,0
VF103274,Full,10,29,F,La Florida,S02,Sucursal,9,5,0,30200,1,0,7,0,,0
VF103275,Basico,45,22,M,Concepción,S03,Web,4,0,0,20070,1,0,5,1,,0
VF103276,Full,48,16,F,Maipú,S10,App,8,4,0,29760,1,0,6,0,,0
VF103277,Full,24,33,M,Temuco,S10,Referido,9,2,1,29880,1,0,8,0,Salud,1
VF103278,Basico,30,42,M,Santiago,S08,Sucursal,5,1,0,20400,1,1,6,0,,0
VF103279,Full,17,24,F,Temuco,S06,Sucursal,2,0,1,29640,1,2,7,1,Precio,1
VF103280,Basico,32,47,F,Vitacura,S07,Referido,2,1,0,19440,0,2,5,0,Poco uso,1
VF103281,Basico,44,46,F,Viña del Mar,S04,Web,4,2,1,19100,0,0,10,1,,0
VF103282,Full,11,33,F,Ñuñoa,S05,Web,6,3,0,32090,1,0,10,0,,0
VF103283,Premium,20,51,F,Providencia,S12,App,10,6,1,49270,1,1,5,0,,0
VF103284,Basico,2,39,M,Providencia,S11,App,3,1,1,19750,0,0,9,1,Precio,1
VF103285,Basico,8,44,F,Maipú,S04,Web,3,2,0,20610,0,0,5,0,,0
VF103286,Full,42,25,F,Maipú,S12,Web,9,1,1,29290,1,1,7,0,,0
VF103287,Basico,32,26,M,Providencia,S09,Web,4,1,0,20590,0,0,8,0,,0
VF103288,Basico,35,51,F,Puente Alto,S05,Sucursal,0,0,0,20580,1,0,7,1,Salud,1
VF103289,Full,34,30,M,Ñuñoa,S12,Referido,5,2,1,30220,1,0,9,0,,0
VF103290,Basico,22,52,F,Santiago,S10,Web,4,1,0,18710,0,0,8,1,,0
VF103291,Full,32,43,F,Temuco,S06,Sucursal,4,1,0,31900,1,1,9,0,,0
VF103292,Basico,6,42,F,Puente Alto,S12,Referido,5,3,1,20740,0,0,8,1,,0
VF103293,Basico,5,41,M,San Miguel,S07,App,4,0,0,20540,0,0,7,1,Salud,1
VF103294,Premium,11,37,M,Providencia,S09,Sucursal,11,2,1,47020,1,0,9,0,Precio,1
VF103295,Full,22,34,M,Puente Alto,S05,Campaña RRSS,5,3,0,30140,1,0,6,0,,0
VF103296,Basico,38,21,F,Ñuñoa,S11,App,3,1,1,20290,0,0,8,1,,0
VF103297,Basico,22,48,F,Santiago,S01,App,2,0,0,19530,0,2,9,1,,0
VF103298,Basico,23,31,M,La Florida,S02,Sucursal,6,1,0,20640,0,0,7,0,Se cambió de gimnasio,1
VF103299,Full,17,39,M,San Miguel,S05,Web,9,3,0,30460,1,1,8,1,Precio,1
VF103300,Full,7,28,F,Providencia,S04,Web,10,4,0,30430,1,0,6,1,,0
VF103301,Full,34,34,M,Maipú,S04,App,5,1,1,29800,1,0,8,0,,0
VF103302,Full,11,35,F,La Florida,S05,Web,8,5,0,30430,0,0,9,1,,0
VF103303,Basico,7,41,M,Temuco,S04,Web,3,0,1,21130,0,0,10,1,Salud,1
VF103304,Full,23,48,M,Ñuñoa,S07,App,1,0,0,31410,1,0,2,1,,0
VF103305,Premium,44,32,F,Viña del Mar,S06,Sucursal,6,2,0,47220,1,2,8,0,,0
VF103306,Premium,18,29,M,Las Condes,S10,Campaña RRSS,9,4,1,48490,1,1,10,1,,0
VF103307,Basico,7,55,M,Providencia,S01,App,3,1,0,20450,1,0,9,0,,0
VF103308,Full,10,43,M,Temuco,S01,Referido,5,1,1,29660,0,0,8,0,,0
VF103309,Full,12,46,F,San Miguel,S01,App,4,2,1,29020,1,1,5,0,,0
VF103310,Basico,29,38,F,Concepción,S03,Web,4,2,0,20470,1,1,8,0,,0
VF103311,Basico,9,22,F,Las Condes,S08,Referido,0,0,0,20570,0,1,6,2,,0
VF103312,Basico,15,32,F,Maipú,S12,App,4,1,0,19570,0,1,6,1,Salud,1
VF103313,Basico,13,31,F,Puente Alto,S05,Sucursal,1,0,0,20750,1,0,9,1,,0
VF103314,Full,5,33,M,Santiago,S04,App,7,4,0,29800,0,0,4,0,,0
VF103315,Full,41,40,M,Vitacura,S03,Web,3,2,0,29680,1,0,6,0,Poco uso,1
VF103316,Basico,10,26,F,Maipú,S06,Campaña RRSS,3,2,0,20560,0,1,5,1,Se mudó,1
VF103317,Full,30,40,M,Vitacura,S05,Referido,4,1,0,29210,1,1,8,1,,0
VF103318,Basico,18,27,M,Maipú,S02,Sucursal,6,2,0,20000,0,2,6,0,,0
VF103319,Premium,8,33,F,La Florida,S01,Web,6,3,3,42800,1,1,7,0,Precio,1
VF103320,Full,14,26,M,Puente Alto,S08,Web,7,2,0,31230,1,0,5,0,Mala atención,1
VF103321,Full,48,40,M,Providencia,S09,Referido,12,2,0,30630,1,0,6,0,,0
VF103322,Basico,19,60,M,Providencia,S12,App,5,1,1,20410,1,1,10,0,,0
VF103323,Basico,40,33,M,Providencia,S06,Campaña RRSS,3,0,2,19750,1,0,8,0,,0
VF103324,Full,24,42,M,Las Condes,S04,Web,7,2,1,30020,1,0,9,0,,0
VF103325,Premium,13,46,F,Ñuñoa,S11,Campaña RRSS,4,1,0,48030,0,2,2,1,Precio,1
VF103326,Full,15,22,F,Puente Alto,S03,App,11,5,0,31130,0,0,9,0,,0
VF103327,Basico,17,19,F,Maipú,S04,Web,0,0,0,19670,0,1,4,3,Se cambió de gimnasio,1
VF103328,Full,43,42,M,Santiago,S10,App,7,2,0,31740,1,0,10,0,,0
VF103329,Premium,10,30,F,San Miguel,S02,Web,14,6,1,46830,0,0,8,0,,0
VF103330,Premium,17,36,F,Santiago,S02,App,4,0,0,45180,1,0,7,0,,0
VF103331,Full,5,27,F,La Florida,S02,Sucursal,8,3,2,29420,1,1,8,0,,0
VF103332,Full,32,32,M,Puente Alto,S01,Web,8,4,1,30330,0,0,8,1,,0
VF103333,Basico,26,47,F,Temuco,S04,Web,3,1,0,19080,1,0,3,1,Poco uso,1
VF103334,Basico,15,37,F,Ñuñoa,S07,App,5,2,1,20170,1,0,9,0,,0
VF103335,Full,5,42,F,Las Condes,S03,Web,11,6,0,30800,1,0,10,1,,0
VF103336,Full,12,44,F,Maipú,S04,App,6,1,0,30280,1,0,7,0,Precio,1
VF103337,Basico,5,56,F,Concepción,S12,Sucursal,0,0,1,19230,1,1,7,4,Mala atención,1
VF103338,Full,16,27,F,Viña del Mar,S06,Sucursal,1,0,0,30940,0,3,4,1,Poco uso,1
VF103339,Basico,3,41,F,La Florida,S03,Sucursal,2,1,1,19730,1,2,6,1,,0
VF103340,Basico,2,35,F,Las Condes,S06,Web,2,0,0,20760,0,1,9,0,,0
VF103341,Premium,5,34,M,Vitacura,S02,Web,12,5,1,47160,0,0,7,0,Se cambió de gimnasio,1
VF103342,Basico,19,41,M,Vitacura,S02,Referido,3,1,0,19630,0,1,1,0,,0
VF103343,Basico,37,34,M,Concepción,S02,Referido,2,0,0,19040,1,1,10,1,,0
VF103344,Full,4,28,F,Vitacura,S06,Campaña RRSS,2,0,1,30310,1,2,4,1,Precio,1
VF103345,Full,45,29,M,Concepción,S05,App,4,2,0,30060,1,1,8,1,,0
VF103346,Full,28,16,F,Ñuñoa,S04,App,2,0,1,30640,1,0,7,0,Salud,1
VF103347,Full,7,38,F,Ñuñoa,S04,Referido,0,0,0,31840,0,2,8,5,Se mudó,1
VF103348,Full,16,26,M,Santiago,S07,Campaña RRSS,8,1,0,29460,1,0,10,0,,0
VF103349,Premium,11,30,F,Vitacura,S12,Web,9,5,1,47600,1,0,3,1,,0
VF103350,Basico,6,31,M,La Florida,S08,Web,5,2,0,20830,0,0,9,1,,0
VF103351,Basico,17,45,F,Ñuñoa,S04,Sucursal,3,1,0,18870,0,0,6,0,,0
VF103352,Basico,37,28,F,La Florida,S02,App,6,2,0,20310,1,1,4,0,,0
VF103353,Basico,3,47,F,Providencia,S09,Campaña RRSS,4,1,0,20170,0,1,9,0,,0
VF103354,Premium,9,31,M,Temuco,S05,Referido,0,0,0,45990,1,0,8,6,,0
VF103355,Full,21,23,M,Concepción,S12,App,3,1,3,27900,1,0,10,1,,0
VF103356,Full,36,53,F,Providencia,S08,App,14,7,1,30660,1,0,7,1,,0
VF103357,Basico,28,41,F,Viña del Mar,S09,Referido,4,2,0,21000,0,0,10,0,,0
VF103358,Basico,20,37,M,San Miguel,S08,Web,4,1,1,19870,0,0,7,1,,0
VF103359,Premium,18,41,Otro,Puente Alto,S05,Referido,9,5,0,44390,1,0,6,0,,0
VF103360,Premium,8,27,F,Vitacura,S10,Sucursal,6,3,0,44700,1,0,6,0,,0
VF103361,Basico,19,40,M,Ñuñoa,S07,Referido,4,2,1,20290,1,1,8,1,,0
VF103362,Full,7,42,F,Ñuñoa,S01,Campaña RRSS,10,4,0,29700,1,1,6,0,Se cambió de gimnasio,1
VF103363,Full,18,37,M,San Miguel,S09,Referido,9,4,0,30330,1,2,2,1,,0
VF103364,Basico,25,38,F,Concepción,S12,Web,2,1,1,19660,1,0,9,1,,0
VF103365,Premium,4,42,F,Las Condes,S10,Referido,12,7,0,47040,0,0,4,1,Mala atención,1
VF103366,Basico,17,33,M,San Miguel,S04,Sucursal,5,1,1,20730,1,1,5,1,Salud,1
VF103367,Basico,12,23,F,Ñuñoa,S10,Campaña RRSS,2,1,1,19800,1,4,5,1,,0
VF103368,Full,6,16,F,Maipú,S09,Web,3,1,1,31750,0,2,6,0,Se mudó,1
VF103369,Basico,4,46,M,Providencia,S09,App,6,4,0,19050,1,1,6,0,,0
VF103370,Basico,24,23,F,San Miguel,S08,Referido,3,1,0,20310,1,0,9,1,,0
VF103371,Basico,9,44,M,Concepción,S03,Sucursal,2,1,1,19530,0,1,9,0,,0
VF103372,Premium,10,50,M,Ñuñoa,S10,Referido,7,2,0,46140,0,0,8,1,Salud,1
VF103373,Basico,2,39,M,San Miguel,S08,Referido,0,0,0,19370,0,1,3,4,Poco uso,1
VF103374,Full,22,39,M,Ñuñoa,S10,App,1,0,2,31440,0,2,8,0,,0
VF103375,Full,9,27,F,Temuco,S11,App,8,2,0,29750,1,1,7,0,,0
VF103376,Full,7,22,M,Ñuñoa,S07,Web,4,2,2,28590,1,0,9,0,,0
VF103377,Full,17,33,M,La Florida,S07,Web,7,4,0,31850,1,0,8,0,,0
VF103378,Premium,10,27,M,Santiago,S02,Sucursal,7,2,0,44980,0,0,9,0,,0
VF103379,Full,3,25,M,Maipú,S05,Referido,8,4,0,29740,1,0,9,1,,0
VF103380,Basico,44,18,M,Las Condes,S03,Web,5,1,1,20130,1,0,10,0,,0
VF103381,Full,30,49,F,La Florida,S05,App,11,5,0,28280,1,0,8,0,,0
VF103382,Basico,13,38,F,Maipú,S09,Sucursal,3,2,0,20100,0,0,9,0,Se cambió de gimnasio,1
VF103383,Full,21,46,M,Concepción,S02,Referido,10,2,0,29930,1,0,10,1,,0
VF103384,Full,56,34,F,San Miguel,S12,Campaña RRSS,1,0,0,29270,1,0,10,1,,0
VF103385,Premium,28,40,M,Las Condes,S12,Web,6,3,0,46300,0,0,7,1,,0
VF103386,Full,43,36,F,Providencia,S10,Campaña RRSS,8,2,0,29170,1,0,6,1,,0
VF103387,Basico,10,43,Otro,Vitacura,S06,Web,4,1,1,20740,1,0,10,0,,0
VF103388,Full,2,22,M,La Florida,S07,Sucursal,4,2,0,28620,1,0,6,1,Se cambió de gimnasio,1
VF103389,Full,29,37,F,Maipú,S09,Web,4,2,0,30600,0,0,4,0,,0
VF103390,Basico,14,29,M,Concepción,S06,Web,0,0,0,19480,0,0,7,1,,0
VF103391,Full,13,47,F,Ñuñoa,S06,App,3,0,0,30430,1,0,8,0,,0
VF103392,Full,55,38,M,La Florida,S05,Web,8,3,1,29320,1,0,6,0,,0
VF103393,Premium,45,26,M,Vitacura,S12,Sucursal,8,2,0,46540,0,0,5,1,,0
VF103394,Full,17,32,M,Ñuñoa,S08,App,5,3,0,29980,0,0,10,1,,0
VF103395,Basico,20,48,F,La Florida,S11,App,2,1,1,19300,0,0,5,1,,0
VF103396,Premium,21,48,M,Maipú,S01,Campaña RRSS,14,6,0,42500,1,0,9,1,Precio,1
VF103397,Full,20,16,M,Temuco,S02,App,2,0,0,28820,1,1,5,0,,0
VF103398,Basico,22,47,Otro,Ñuñoa,S10,Web,3,0,0,19750,0,1,8,1,,0
VF103399,Premium,2,37,F,Puente Alto,S07,App,15,5,0,44980,0,2,9,1,,0
VF103400,Basico,35,45,M,Ñuñoa,S04,App,5,3,1,20760,0,0,4,1,,0
VF103401,Basico,19,34,M,Puente Alto,S02,Referido,4,2,0,20660,0,0,5,1,,0
VF103402,Full,30,28,F,Maipú,S11,Web,13,4,0,30680,1,1,4,1,,0
VF103403,Basico,18,39,M,Maipú,S06,Web,6,3,2,19860,1,0,8,0,,0
VF103404,Full,39,19,M,Las Condes,S08,Sucursal,8,3,0,29540,1,1,7,1,,0
VF103405,Basico,17,30,M,Viña del Mar,S05,Web,3,2,0,20020,1,0,7,0,,0
VF103406,Basico,12,24,F,Maipú,S09,Web,2,0,0,20250,0,0,6,0,,0
VF103407,Basico,12,19,F,Ñuñoa,S05,Campaña RRSS,2,1,3,21070,1,2,8,1,,0
VF103408,Full,22,42,M,Viña del Mar,S02,Campaña RRSS,3,1,0,28570,1,1,6,0,,0
VF103409,Basico,5,32,F,Viña del Mar,S01,Web,12,4,0,18590,0,1,5,1,,0
VF103410,Premium,11,39,M,Vitacura,S03,Web,4,0,0,45220,1,1,10,0,,0
VF103411,Full,12,41,M,La Florida,S01,Campaña RRSS,5,3,0,29690,1,0,7,0,,0
VF103412,Full,6,30,F,Concepción,S12,Campaña RRSS,9,2,0,30920,1,0,9,0,,0
VF103413,Basico,9,44,F,Maipú,S02,App,6,3,0,19560,0,0,8,1,,0
VF103414,Basico,38,41,F,Maipú,S02,Sucursal,0,0,0,21020,0,1,4,2,Poco uso,1
VF103415,Full,1,40,M,Las Condes,S02,App,7,2,1,29240,1,1,6,1,,0
VF103416,Basico,24,18,M,Las Condes,S11,App,2,0,0,20780,1,2,10,0,,0
VF103417,Premium,7,57,M,Puente Alto,S06,Web,4,1,0,43920,0,0,9,1,,0
VF103418,Premium,21,16,F,Concepción,S08,Web,6,3,0,44800,1,0,8,1,,0
VF103419,Premium,8,27,F,Concepción,S09,Web,16,8,0,44740,1,0,7,1,,0
VF103420,Basico,23,22,M,Temuco,S02,Web,3,0,1,19840,0,0,5,0,Salud,1
VF103421,Basico,15,43,F,Maipú,S07,Referido,7,4,0,20440,1,0,8,1,,0
VF103422,Full,21,35,F,Maipú,S09,Sucursal,8,4,0,29870,1,0,8,0,,0
VF103423,Full,15,16,F,Temuco,S12,Sucursal,5,1,0,28670,1,0,7,0,,0
VF103424,Premium,30,50,F,La Florida,S07,Web,6,3,0,45510,1,1,10,0,,0
VF103425,Basico,11,29,F,Providencia,S10,Web,2,0,1,18850,0,1,5,1,,0
VF103426,Basico,20,26,M,Ñuñoa,S08,App,3,1,0,19940,1,1,8,0,,0
VF103427,Basico,11,16,M,San Miguel,S12,Web,0,0,1,20260,1,2,4,5,Mala atención,1
VF103428,Basico,20,23,F,Puente Alto,S08,App,4,2,1,20320,0,0,10,0,Se mudó,1
VF103429,Full,34,33,F,Temuco,S04,Web,8,4,1,30410,1,1,10,1,,0
VF103430,Full,48,34,F,Vitacura,S06,Campaña RRSS,6,1,0,31340,1,1,4,0,,0
VF103431,Basico,23,40,M,San Miguel,S08,Web,2,0,0,20070,1,2,8,0,,0
VF103432,Premium,13,37,F,Vitacura,S03,Sucursal,8,4,1,46480,1,2,4,1,Poco uso,1
VF103433,Full,12,23,M,Las Condes,S11,Sucursal,5,1,0,30390,1,1,10,0,,0
VF103434,Basico,23,41,M,Concepción,S07,Sucursal,5,3,1,21150,1,0,6,0,,0
VF103435,Basico,9,55,F,Las Condes,S05,Campaña RRSS,2,1,0,20660,1,1,6,0,,0
VF103436,Full,22,30,F,Vitacura,S11,Web,9,3,0,29410,1,0,7,0,,0
VF103437,Basico,13,22,F,Puente Alto,S03,Web,10,5,0,19520,0,1,8,0,,0
VF103438,Full,24,25,M,Providencia,S01,Web,14,3,0,30050,0,1,9,1,,0
VF103439,Premium,20,24,F,Vitacura,S11,App,10,4,1,45860,1,0,6,0,,0
VF103440,Basico,12,33,F,Viña del Mar,S02,Sucursal,1,0,0,19000,0,0,5,0,,0
VF103441,Basico,2,29,M,Providencia,S12,Sucursal,1,0,2,20670,0,2,7,1,Mala atención,1
VF103442,Basico,13,37,M,Temuco,S03,Web,4,1,1,20430,0,0,8,0,,0
VF103443,Full,4,44,F,Concepción,S06,Sucursal,2,1,0,30280,1,0,8,1,,0
VF103444,Full,4,20,F,Temuco,S10,Sucursal,5,3,0,29750,1,0,10,0,,0
VF103445,Full,2,44,M,Santiago,S09,Web,6,1,0,30390,1,0,9,1,,0
VF103446,Full,22,22,M,Vitacura,S06,Sucursal,9,4,0,31840,0,0,1,0,,0
VF103447,Full,28,32,F,San Miguel,S11,Sucursal,9,4,0,29510,0,0,6,0,,0
VF103448,Full,12,42,M,La Florida,S01,Web,5,1,0,29470,0,0,6,0,,0
VF103449,Full,3,35,M,La Florida,S11,Web,9,3,2,28580,1,0,9,0,,0
VF103450,Basico,3,27,M,Maipú,S03,Referido,1,0,1,20070,1,0,7,0,Salud,1
VF103451,Full,23,33,F,Viña del Mar,S10,Sucursal,8,5,0,29470,0,0,7,0,,0
VF103452,Basico,9,60,M,Ñuñoa,S06,Referido,3,0,2,20510,0,0,8,0,,0
VF103453,Basico,27,55,F,Concepción,S03,Referido,3,0,0,19540,0,1,7,1,,0
VF103454,Basico,55,32,M,Viña del Mar,S02,Web,3,1,0,19550,0,0,10,0,,0
VF103455,Full,34,39,F,Las Condes,S11,Referido,11,5,0,29950,1,0,10,1,,0
VF103456,Full,33,36,M,La Florida,S02,Campaña RRSS,2,0,0,31690,1,1,8,0,,0
VF103457,Basico,20,36,F,Maipú,S09,Web,4,2,0,19390,0,0,5,1,,0
VF103458,Basico,52,37,M,Puente Alto,S10,Web,3,0,0,20050,0,1,7,0,,0
VF103459,Full,21,46,M,San Miguel,S02,App,4,1,0,30490,1,0,6,0,,0
VF103460,Basico,31,46,M,Viña del Mar,S07,Sucursal,7,4,3,19370,0,1,7,1,,0
VF103461,Full,40,42,M,Las Condes,S10,App,7,2,2,29830,1,0,6,0,,0
VF103462,Basico,23,16,F,Concepción,S06,App,8,1,0,19440,1,1,6,1,,0
VF103463,Full,8,41,F,San Miguel,S01,App,11,2,1,29400,1,0,10,0,,0
VF103464,Basico,26,33,F,Ñuñoa,S08,Web,2,0,0,20040,1,1,7,0,,0
VF103465,Premium,45,44,F,Temuco,S09,Campaña RRSS,7,2,0,46800,1,1,6,1,,0
VF103466,Full,12,41,Otro,Santiago,S11,Web,5,1,0,30710,1,0,10,0,,0
VF103467,Premium,7,29,M,Ñuñoa,S06,App,11,3,0,45140,0,0,10,0,,0
VF103468,Full,14,40,M,Vitacura,S12,Referido,4,1,0,30280,1,0,9,0,,0
VF103469,Full,2,40,M,San Miguel,S11,Sucursal,5,2,0,31790,1,0,7,1,,0
VF103470,Full,55,41,M,Puente Alto,S08,Sucursal,6,2,1,29230,0,1,8,1,,0
VF103471,Basico,15,34,M,La Florida,S03,Web,1,0,0,19500,0,0,9,1,Se mudó,1
VF103472,Full,23,41,M,La Florida,S06,Web,7,3,0,28880,1,1,10,1,,0
VF103473,Full,25,28,F,Ñuñoa,S08,Web,8,1,0,28690,1,0,7,1,,0
VF103474,Full,17,20,F,Ñuñoa,S11,Sucursal,3,0,0,29020,1,0,9,1,,0
VF103475,Full,49,16,M,Las Condes,S07,Sucursal,6,1,0,29840,0,0,6,1,,0
VF103476,Full,9,43,M,La Florida,S09,Referido,3,1,0,31400,1,1,6,1,Se cambió de gimnasio,1
VF103477,Basico,12,34,M,Vitacura,S02,Referido,5,2,0,19920,0,0,9,1,,0
VF103478,Basico,26,22,F,Santiago,S10,App,4,2,0,21620,0,0,6,0,,0
VF103479,Premium,20,40,M,San Miguel,S04,Web,15,4,0,47340,1,0,10,0,,0
VF103480,Basico,16,41,F,Temuco,S12,App,5,1,0,19950,0,1,3,0,,0
VF103481,Basico,8,29,F,Puente Alto,S06,Sucursal,2,1,0,19470,1,0,8,1,,0
VF103482,Full,30,43,M,Providencia,S01,Campaña RRSS,6,1,0,28330,1,1,6,0,Se mudó,1
VF103483,Full,15,39,M,Maipú,S09,App,7,3,0,30240,0,0,4,0,,0
VF103484,Basico,9,29,F,San Miguel,S01,Sucursal,4,1,0,20300,1,0,6,1,Se mudó,1
VF103485,Basico,23,34,M,Viña del Mar,S10,Referido,2,1,0,20110,1,1,7,1,,0
VF103486,Basico,83,41,F,Las Condes,S01,Web,0,0,0,18730,1,0,8,5,,0
VF103487,Full,5,24,F,Santiago,S01,Web,6,3,0,30080,1,2,1,1,Mala atención,1
VF103488,Premium,4,48,M,Maipú,S07,Web,11,6,0,45680,1,0,9,1,,0
VF103489,Basico,17,30,M,Maipú,S02,Campaña RRSS,3,1,0,20460,1,0,7,0,,0
VF103490,Basico,20,28,M,Providencia,S08,Sucursal,4,0,0,21020,0,0,6,1,Se mudó,1
VF103491,Basico,34,41,F,Concepción,S10,Web,6,2,1,19850,0,1,6,1,Salud,1
VF103492,Basico,27,20,M,Maipú,S05,App,3,1,0,20590,1,0,10,1,,0
VF103493,Full,11,34,M,Santiago,S06,App,12,3,1,28690,1,0,6,1,,0
VF103494,Premium,14,45,F,Concepción,S11,App,13,8,0,43690,1,2,8,0,Se mudó,1
VF103495,Full,35,38,M,Viña del Mar,S11,Web,6,3,0,28290,1,1,4,1,Salud,1
VF103496,Basico,21,41,M,La Florida,S09,Campaña RRSS,4,2,0,19650,1,0,8,0,,0
VF103497,Premium,11,42,F,Santiago,S12,Web,11,4,0,44820,0,0,6,1,,0
VF103498,Full,11,41,F,Santiago,S08,App,9,5,0,28370,1,0,8,1,,0
VF103499,Premium,37,37,M,Temuco,S11,Campaña RRSS,7,2,0,49380,1,0,10,1,,0
VF103500,Full,12,17,M,Viña del Mar,S01,App,7,2,0,31170,1,0,8,1,,0
VF103501,Premium,45,41,M,Ñuñoa,S12,Sucursal,12,6,0,47150,0,0,3,1,,0
VF103502,Premium,14,60,F,Providencia,S07,Referido,14,4,1,44280,1,1,8,1,,0
VF103503,Basico,16,38,F,Maipú,S12,App,0,0,1,20000,0,1,6,4,Se cambió de gimnasio,1
VF103504,Full,10,27,M,Temuco,S09,Campaña RRSS,3,1,0,30880,0,1,8,0,,0
VF103505,Full,8,16,M,Puente Alto,S05,Campaña RRSS,7,3,0,31000,1,0,8,0,,0
VF103506,Full,26,30,F,Viña del Mar,S05,Sucursal,10,2,0,29280,0,0,6,0,,0
VF103507,Premium,17,45,M,Santiago,S09,Referido,9,6,0,46900,0,0,9,1,,0
VF103508,Basico,5,56,M,San Miguel,S11,Referido,1,0,3,20600,0,0,9,1,,0
VF103509,Premium,6,29,F,Viña del Mar,S05,Web,9,4,0,44140,1,0,9,0,Mala atención,1
VF103510,Full,19,37,F,Maipú,S10,Sucursal,5,2,2,30270,1,1,6,0,Se mudó,1
VF103511,Basico,33,44,F,Providencia,S07,App,4,2,1,20020,0,0,8,0,,0
VF103512,Basico,31,28,F,Puente Alto,S11,Referido,2,1,0,20070,0,1,7,0,,0
VF103513,Basico,17,21,M,Ñuñoa,S02,Campaña RRSS,7,2,1,18820,1,0,9,0,,0
VF103514,Full,14,37,F,Temuco,S01,Web,14,5,2,29120,1,0,8,1,,0
VF103515,Basico,20,26,F,La Florida,S02,Web,4,1,0,20410,1,0,7,1,,0
VF103516,Basico,29,20,F,Santiago,S07,Web,5,1,0,19510,1,1,8,1,,0
VF103517,Full,18,35,M,La Florida,S12,App,5,2,1,29360,1,2,7,0,,0
VF103518,Full,25,30,F,Puente Alto,S08,Referido,6,1,0,28640,1,1,9,0,,0
VF103519,Basico,25,37,M,Maipú,S08,Sucursal,3,1,1,19610,1,0,10,1,,0
VF103520,Basico,23,35,F,Maipú,S08,Sucursal,0,0,0,20540,1,1,9,2,,0
VF103521,Basico,5,39,F,San Miguel,S09,Web,6,4,1,21180,0,1,7,1,Mala atención,1
VF103522,Basico,9,31,M,Santiago,S03,Web,2,0,0,20400,0,0,7,0,,0
VF103523,Basico,38,22,F,La Florida,S11,Sucursal,5,1,0,19970,0,0,10,0,,0
VF103524,Basico,25,34,M,Maipú,S02,App,3,1,0,19810,0,0,7,0,,0
VF103525,Full,13,39,M,Vitacura,S07,Referido,7,3,0,29560,0,0,7,0,Se cambió de gimnasio,1
VF103526,Basico,23,20,M,Las Condes,S11,Web,3,0,0,19870,0,0,8,0,,0
VF103527,Premium,20,44,F,Viña del Mar,S11,Web,12,7,0,45730,0,2,6,0,,0
VF103528,Basico,46,35,M,Viña del Mar,S08,Web,3,0,0,18850,0,0,8,0,,0
VF103529,Basico,9,37,M,San Miguel,S02,Web,4,1,0,19390,0,0,9,0,,0
VF103530,Basico,24,17,F,Viña del Mar,S09,Web,1,0,0,18660,0,2,10,1,,0
VF103531,Premium,5,47,F,Maipú,S11,Referido,10,2,0,49250,1,0,9,1,,0
VF103532,Full,30,45,F,Ñuñoa,S02,Web,1,0,0,30250,1,1,8,1,,0
VF103533,Basico,7,37,F,Maipú,S05,Sucursal,2,0,0,20000,1,3,8,0,Mala atención,1
VF103534,Basico,1,48,Otro,Temuco,S03,Campaña RRSS,0,0,0,19900,1,0,10,7,Se cambió de gimnasio,1
VF103535,Premium,8,32,M,Providencia,S12,Campaña RRSS,11,5,1,45920,0,0,7,1,,0
VF103536,Basico,23,16,F,Las Condes,S06,App,0,0,0,20950,0,0,7,5,Se mudó,1
VF103537,Full,4,26,M,Providencia,S04,Web,6,3,0,28030,0,1,7,1,,0
VF103538,Full,2,19,M,Puente Alto,S08,Sucursal,5,1,0,29260,1,0,10,1,,0
VF103539,Basico,19,48,M,Ñuñoa,S09,Web,2,0,0,19640,0,1,3,0,,0
VF103540,Basico,3,45,M,Concepción,S03,Sucursal,11,2,1,19500,0,2,7,1,,0
VF103541,Basico,4,39,M,Vitacura,S08,Campaña RRSS,11,3,3,20010,1,0,8,1,,0
VF103542,Full,6,32,M,Las Condes,S05,Web,6,3,0,28880,0,1,8,1,,0
VF103543,Full,12,28,M,Concepción,S04,Referido,15,9,1,29680,1,0,9,1,,0
VF103544,Full,5,37,M,Viña del Mar,S03,Sucursal,15,3,2,29420,1,0,6,0,,0
VF103545,Basico,18,46,M,Providencia,S04,Web,4,2,1,20330,1,0,10,0,,0
VF103546,Basico,11,35,F,San Miguel,S09,Web,3,2,0,19290,1,0,7,0,,0
VF103547,Basico,17,23,F,Ñuñoa,S02,Campaña RRSS,4,1,0,20880,0,0,7,0,,0
VF103548,Basico,22,31,M,Temuco,S05,Referido,10,4,0,19620,0,0,10,0,,0
VF103549,Basico,14,22,F,Temuco,S01,App,4,2,0,21330,1,0,9,0,,0
VF103550,Basico,8,42,M,Concepción,S09,App,0,0,0,19040,1,2,5,2,Poco uso,1
VF103551,Basico,7,28,M,La Florida,S12,App,4,2,0,21320,0,0,4,0,,0
VF103552,Basico,18,24,F,Viña del Mar,S12,Web,4,0,0,20230,0,1,7,1,Mala atención,1
VF103553,Basico,25,58,F,Temuco,S05,Web,4,2,0,20220,1,0,7,0,,0
VF103554,Full,42,21,M,Ñuñoa,S06,Referido,6,1,0,31700,1,0,9,0,,0
VF103555,Basico,31,16,M,San Miguel,S12,Sucursal,1,0,1,20100,1,2,5,0,,0
VF103556,Basico,23,38,M,La Florida,S08,Web,8,2,2,19790,1,0,7,1,,0
VF103557,Basico,51,30,F,Santiago,S08,Referido,1,0,0,19370,0,0,7,0,,0
VF103558,Premium,10,39,M,Las Condes,S12,App,11,7,2,46810,1,2,8,0,Mala atención,1
VF103559,Full,10,41,F,Vitacura,S07,Web,4,2,1,28380,1,2,6,0,Mala atención,1
VF103560,Premium,33,34,F,La Florida,S02,App,10,3,0,44950,0,0,9,0,,0
VF103561,Premium,12,33,F,Viña del Mar,S06,App,9,3,0,46730,1,1,9,0,,0
VF103562,Basico,26,43,M,Concepción,S06,Sucursal,4,2,0,20550,0,0,5,0,,0
VF103563,Basico,16,41,F,Ñuñoa,S06,Campaña RRSS,5,2,0,19900,0,0,9,1,,0
VF103564,Basico,10,29,M,Maipú,S02,App,2,0,0,19480,1,0,8,0,,0
VF103565,Full,25,29,M,Providencia,S07,App,8,3,0,29130,1,0,8,0,,0
VF103566,Full,15,34,F,Concepción,S01,Campaña RRSS,9,4,0,27670,1,0,5,1,,0
VF103567,Full,17,29,M,Ñuñoa,S03,App,2,0,1,29350,1,0,7,1,Mala atención,1
VF103568,Full,13,24,M,Providencia,S03,App,3,0,0,29580,0,2,7,0,Poco uso,1
VF103569,Full,5,26,M,Temuco,S05,Sucursal,7,4,3,29580,1,0,10,1,,0
VF103570,Basico,15,45,M,Concepción,S08,Referido,0,0,0,20300,1,1,6,5,Se cambió de gimnasio,1
VF103571,Full,19,45,M,Vitacura,S05,Web,4,2,0,31260,0,1,5,1,,0
VF103572,Basico,34,38,M,La Florida,S06,Web,4,1,0,20060,1,0,8,0,,0
VF103573,Premium,49,26,M,La Florida,S01,Campaña RRSS,9,3,1,47230,1,0,9,0,,0
VF103574,Full,14,22,F,Temuco,S05,Sucursal,9,5,1,29130,1,1,9,0,,0
VF103575,Premium,20,34,M,Puente Alto,S10,Web,6,1,1,46130,1,1,8,1,,0
VF103576,Basico,30,51,F,Viña del Mar,S07,Web,4,2,0,19450,0,1,5,1,,0
VF103577,Basico,13,27,F,La Florida,S03,Campaña RRSS,7,3,1,20100,1,0,7,1,,0
VF103578,Basico,32,35,F,Ñuñoa,S08,Referido,3,0,0,19180,1,0,6,0,,0
VF103579,Full,26,44,F,San Miguel,S12,Referido,10,3,0,28460,1,0,10,0,,0
VF103580,Basico,13,36,F,La Florida,S09,App,0,0,2,19410,0,1,4,3,,0
VF103581,Premium,7,31,M,San Miguel,S03,App,6,1,0,47480,1,0,10,0,,0
VF103582,Full,24,18,F,Las Condes,S06,App,2,0,2,29740,1,1,8,1,,0
VF103583,Full,32,36,M,Vitacura,S02,Web,5,1,1,31480,1,1,9,1,,0
VF103584,Full,20,49,F,Providencia,S04,App,6,4,0,28350,1,0,9,1,,0
VF103585,Basico,8,39,M,Temuco,S08,Referido,7,2,1,19400,1,0,10,0,,0
VF103586,Basico,37,29,F,Vitacura,S12,Web,3,0,0,20260,1,1,7,0,,0
VF103587,Basico,35,30,M,Temuco,S02,Sucursal,5,1,0,19310,0,0,5,0,,0
VF103588,Full,8,36,F,Temuco,S12,App,10,3,0,29150,1,0,5,1,Salud,1
VF103589,Full,10,48,F,Temuco,S06,Sucursal,10,6,1,28750,1,0,8,0,,0
VF103590,Basico,28,53,F,San Miguel,S08,Campaña RRSS,3,0,0,21320,1,0,7,1,,0
VF103591,Basico,13,34,M,San Miguel,S02,App,5,1,0,19500,0,0,5,0,Poco uso,1
VF103592,Basico,45,22,M,Viña del Mar,S02,Web,9,4,0,20780,0,0,7,0,,0
VF103593,Full,29,40,F,Las Condes,S10,Referido,9,5,1,29970,0,0,10,0,,0
VF103594,Basico,12,25,M,Puente Alto,S11,Sucursal,6,3,0,20000,1,0,10,0,,0
VF103595,Full,63,30,F,Santiago,S10,Campaña RRSS,6,3,1,29370,0,0,7,0,,0
VF103596,Full,20,37,M,Santiago,S12,App,7,2,1,31650,1,1,6,0,,0
VF103597,Full,6,38,F,San Miguel,S10,Campaña RRSS,8,3,3,30750,0,0,9,0,,0
VF103598,Basico,20,32,F,Puente Alto,S09,App,6,2,1,19050,1,0,9,0,,0
VF103599,Basico,15,26,F,San Miguel,S12,Campaña RRSS,3,1,0,20420,0,0,9,0,,0
VF103600,Basico,20,34,F,Ñuñoa,S10,Web,0,0,0,20130,1,1,9,2,Se cambió de gimnasio,1
VF103601,Full,10,39,F,Vitacura,S05,Web,2,1,0,29100,1,1,8,0,Mala atención,1
VF103602,Premium,6,41,M,Puente Alto,S06,Sucursal,15,5,0,43010,1,0,9,1,,0
VF103603,Full,33,32,M,La Florida,S03,Sucursal,4,1,0,30670,1,0,6,1,,0
VF103604,Basico,6,41,F,Maipú,S08,Web,9,2,0,20340,0,0,10,1,,0
VF103605,Basico,28,16,F,Maipú,S01,Sucursal,5,1,1,20070,1,2,5,1,Se cambió de gimnasio,1
VF103606,Full,10,29,M,Providencia,S07,App,7,3,0,30160,1,0,5,1,Precio,1
VF103607,Full,17,61,M,Puente Alto,S09,Web,11,3,0,31320,1,0,7,1,,0
VF103608,Premium,34,32,M,Viña del Mar,S01,Web,9,4,0,45630,0,0,9,0,,0
VF103609,Full,14,32,M,Santiago,S06,Sucursal,2,1,1,30050,1,0,6,1,,0
VF103610,Basico,26,39,M,La Florida,S02,Referido,6,2,0,20470,0,0,5,1,,0
VF103611,Full,27,37,F,Concepción,S09,App,6,4,1,30100,1,0,6,1,,0
VF103612,Premium,20,50,M,Las Condes,S11,Web,13,3,0,44930,1,0,9,0,,0
VF103613,Premium,18,51,M,Puente Alto,S04,Campaña RRSS,7,3,2,46270,0,0,10,0,,0
VF103614,Basico,19,37,F,Vitacura,S02,App,5,1,1,19910,0,0,7,1,,0
VF103615,Full,4,40,F,Puente Alto,S06,Campaña RRSS,6,1,0,32360,1,0,10,1,,0
VF103616,Full,8,42,M,Ñuñoa,S08,App,4,0,1,30300,1,0,9,0,,0
VF103617,Basico,9,38,F,Santiago,S04,App,1,0,0,20490,0,1,8,0,,0
VF103618,Full,14,35,F,Maipú,S11,App,10,3,1,30830,0,0,9,0,,0
VF103619,Basico,38,30,M,Concepción,S04,App,3,2,0,20120,1,1,8,1,,0
VF103620,Basico,17,35,F,Viña del Mar,S02,Referido,0,0,1,20680,0,1,7,2,Salud,1
VF103621,Full,19,43,F,Vitacura,S11,Referido,3,0,1,29080,1,0,6,1,,0
VF103622,Basico,2,46,F,Viña del Mar,S06,Web,0,0,1,20490,1,1,9,5,Se mudó,1
VF103623,Full,38,24,M,San Miguel,S01,Campaña RRSS,1,0,0,30380,1,0,10,0,,0
VF103624,Basico,9,28,F,San Miguel,S12,Web,2,0,0,19470,1,0,6,1,,0
VF103625,Full,19,34,M,Puente Alto,S07,Web,8,3,1,30460,1,0,10,0,,0
VF103626,Full,25,20,F,Concepción,S10,Campaña RRSS,3,0,0,29250,1,1,7,0,,0
VF103627,Full,10,34,M,La Florida,S03,Referido,10,5,0,28170,1,0,7,1,,0
VF103628,Basico,42,27,M,Concepción,S04,Sucursal,4,2,0,19860,1,0,7,1,,0
VF103629,Full,42,31,F,Temuco,S03,Web,8,5,1,30630,0,0,9,1,,0
VF103630,Basico,12,26,M,Concepción,S11,Sucursal,3,1,1,19690,1,0,7,0,,0
VF103631,Full,13,19,F,La Florida,S09,Campaña RRSS,9,2,0,31150,0,0,9,0,,0
VF103632,Premium,56,25,F,Viña del Mar,S12,Sucursal,11,5,0,46530,1,0,5,0,,0
VF103633,Full,39,20,F,Maipú,S04,Sucursal,6,3,0,29450,1,1,5,0,Salud,1
VF103634,Basico,12,27,F,Las Condes,S01,App,0,0,0,19420,1,1,9,5,Precio,1
VF103635,Premium,33,34,F,Maipú,S06,Sucursal,7,1,1,46910,1,0,10,1,,0
VF103636,Full,41,36,F,Viña del Mar,S09,App,12,4,1,29150,1,1,5,1,,0
VF103637,Full,28,30,M,Temuco,S12,Campaña RRSS,9,3,1,29160,1,0,10,0,,0
VF103638,Premium,40,53,M,Viña del Mar,S04,Sucursal,10,6,0,45950,1,0,7,0,,0
VF103639,Premium,8,35,M,Vitacura,S02,Web,4,2,0,44680,1,1,10,1,,0
VF103640,Basico,17,23,M,La Florida,S03,Campaña RRSS,7,1,0,21450,1,1,6,0,,0
VF103641,Full,13,35,F,Puente Alto,S12,Campaña RRSS,9,4,0,28640,1,0,5,0,Se cambió de gimnasio,1
VF103642,Basico,32,32,M,Viña del Mar,S02,App,2,0,0,19360,0,0,6,0,,0
VF103643,Basico,22,20,M,Viña del Mar,S02,App,2,0,1,19650,1,1,9,1,,0
VF103644,Full,17,20,M,Puente Alto,S11,Sucursal,7,4,1,30810,1,0,9,1,Mala atención,1
VF103645,Premium,11,26,M,Ñuñoa,S12,Sucursal,15,10,1,45650,1,0,10,0,,0
VF103646,Premium,30,42,F,Temuco,S07,Web,12,2,1,44540,0,0,10,0,,0
VF103647,Basico,20,25,F,Providencia,S07,Sucursal,8,2,1,19770,0,0,7,1,,0
VF103648,Full,33,27,F,Santiago,S03,Web,10,3,1,31790,1,0,5,1,,0
VF103649,Premium,32,16,M,Maipú,S04,Web,10,5,1,44500,1,0,6,0,,0
VF103650,Full,15,39,M,Vitacura,S01,Sucursal,9,2,0,29830,1,0,6,1,,0
VF103651,Basico,14,46,F,Las Condes,S11,Web,5,1,0,19420,0,1,10,1,,0
VF103652,Basico,15,37,F,Santiago,S01,Web,6,3,1,20340,0,0,5,1,,0
VF103653,Basico,8,40,M,Viña del Mar,S04,Sucursal,3,1,2,20120,0,1,7,0,,0
VF103654,Basico,22,19,M,Vitacura,S11,Referido,7,2,1,19720,0,2,5,1,,0
VF103655,Full,14,16,F,Viña del Mar,S02,Sucursal,6,3,1,30000,1,1,8,1,,0
VF103656,Basico,14,39,M,La Florida,S09,Web,2,1,2,19900,0,1,7,1,,0
VF103657,Basico,11,24,F,San Miguel,S05,App,7,2,0,19290,1,1,8,1,Poco uso,1
VF103658,Full,44,30,M,Ñuñoa,S10,Sucursal,11,5,0,30520,0,0,5,0,,0
VF103659,Basico,6,29,F,Vitacura,S07,Web,3,0,1,20020,1,1,9,0,,0
VF103660,Basico,26,21,F,Ñuñoa,S06,Sucursal,0,0,1,19160,1,1,9,5,Mala atención,1
VF103661,Premium,15,43,M,Puente Alto,S03,Sucursal,9,4,0,45170,1,1,4,0,,0
VF103662,Basico,28,30,M,San Miguel,S11,Web,1,0,0,20350,0,2,3,1,Precio,1
VF103663,Basico,10,25,M,Puente Alto,S05,Referido,2,0,0,19150,1,1,6,0,,0
VF103664,Full,31,56,F,La Florida,S10,Sucursal,3,1,1,30230,1,0,8,0,,0
VF103665,Basico,40,35,F,Providencia,S09,Campaña RRSS,2,0,1,19570,1,1,9,1,,0
VF103666,Full,10,16,M,San Miguel,S05,Referido,6,4,0,28990,0,0,5,0,,0
VF103667,Full,13,31,M,Temuco,S11,Referido,8,1,0,29890,1,1,9,0,,0
VF103668,Basico,24,36,M,Temuco,S11,Web,3,1,1,19420,0,0,10,1,,0
VF103669,Full,29,36,F,Providencia,S12,App,7,2,0,29440,1,0,8,1,,0
VF103670,Basico,34,31,M,Las Condes,S05,Campaña RRSS,6,1,0,20080,0,0,9,1,,0
VF103671,Basico,6,36,M,Ñuñoa,S06,Web,0,0,1,19590,1,0,5,7,,0
VF103672,Basico,9,42,F,Concepción,S02,Web,8,4,1,19860,1,0,9,0,,0
VF103673,Basico,34,35,M,Santiago,S11,Sucursal,0,0,0,19560,1,2,7,1,Poco uso,1
VF103674,Basico,22,17,M,Viña del Mar,S10,Web,7,4,1,19510,0,0,7,0,,0
VF103675,Basico,27,45,M,Puente Alto,S09,Referido,4,2,0,20490,1,0,7,0,Se cambió de gimnasio,1
VF103676,Basico,48,37,M,La Florida,S03,Sucursal,0,0,1,19150,0,0,10,4,Poco uso,1
VF103677,Basico,8,40,F,Temuco,S11,Web,6,1,1,19850,1,0,8,1,,0
VF103678,Basico,22,40,F,Providencia,S04,Sucursal,3,1,1,18470,0,0,8,0,,0
VF103679,Full,9,37,M,Santiago,S02,Campaña RRSS,8,2,0,32030,0,0,6,1,,0
VF103680,Full,39,29,M,Santiago,S01,Web,4,1,0,30050,1,0,5,0,,0
VF103681,Basico,19,16,M,Puente Alto,S11,Web,0,0,0,21200,1,1,7,1,Mala atención,1
VF103682,Basico,8,19,F,Ñuñoa,S12,Campaña RRSS,2,1,0,20160,1,1,6,1,,0
VF103683,Basico,15,20,M,Temuco,S07,Referido,2,1,0,20380,1,1,9,1,Se cambió de gimnasio,1
VF103684,Full,11,16,F,Puente Alto,S07,Sucursal,11,3,1,31970,1,2,4,1,,0
VF103685,Premium,22,33,F,Ñuñoa,S12,Web,9,4,1,46670,1,0,4,0,,0
VF103686,Basico,53,32,M,Vitacura,S08,Referido,1,0,1,19840,0,2,7,1,,0
VF103687,Full,31,49,F,Vitacura,S03,Sucursal,9,2,0,29050,0,0,7,1,Se mudó,1
VF103688,Full,9,44,F,Concepción,S08,Web,5,2,0,29700,1,0,7,0,,0
VF103689,Full,12,45,F,Las Condes,S11,Web,3,1,0,29780,1,0,7,0,,0
VF103690,Full,24,34,M,Temuco,S01,Campaña RRSS,9,6,0,29060,0,0,10,0,,0
VF103691,Full,15,16,M,Providencia,S06,Web,2,0,0,28810,1,2,3,0,,0
VF103692,Basico,25,44,M,San Miguel,S10,Sucursal,0,0,0,20590,1,0,5,7,Se mudó,1
VF103693,Premium,17,32,F,Viña del Mar,S06,App,6,3,1,46870,1,1,5,0,Precio,1
VF103694,Full,21,34,F,Vitacura,S11,Campaña RRSS,13,8,1,31080,0,0,7,1,,0
VF103695,Full,8,24,F,Concepción,S03,App,1,0,0,30070,1,1,5,0,,0
VF103696,Basico,8,43,M,Puente Alto,S02,App,5,3,0,19750,1,0,10,0,,0
VF103697,Basico,11,39,F,Puente Alto,S09,Sucursal,2,0,0,20360,1,0,8,1,,0
VF103698,Basico,17,31,F,Vitacura,S09,App,2,1,0,19380,1,0,10,0,,0
VF103699,Full,16,25,F,Temuco,S09,Web,6,3,2,29110,0,2,2,0,Se mudó,1
VF103700,Premium,34,23,M,Las Condes,S02,App,14,5,1,48370,1,0,10,1,,0
VF103701,Basico,19,16,M,Providencia,S12,Campaña RRSS,6,2,1,18700,1,0,10,1,,0
VF103702,Premium,23,19,F,Ñuñoa,S01,App,7,2,0,47110,1,0,4,1,,0
VF103703,Basico,6,40,M,Providencia,S08,Campaña RRSS,3,0,1,20320,0,0,10,0,,0
VF103704,Full,12,23,M,San Miguel,S12,Web,6,2,1,30040,1,0,9,1,,0
VF103705,Basico,12,45,M,Maipú,S01,Sucursal,1,0,0,20880,0,0,7,1,,0
VF103706,Basico,21,41,M,Maipú,S01,Web,4,1,1,19140,1,0,8,0,,0
VF103707,Full,21,42,F,Ñuñoa,S12,Campaña RRSS,7,2,0,29840,1,0,8,0,,0
VF103708,Full,13,19,F,Providencia,S08,App,5,1,2,30720,1,1,7,1,,0
VF103709,Basico,12,35,M,La Florida,S02,Web,4,0,0,20170,0,0,8,1,,0
VF103710,Basico,11,36,F,San Miguel,S03,Sucursal,5,1,0,19380,1,0,6,0,,0
VF103711,Basico,9,51,M,San Miguel,S03,Sucursal,2,0,0,19610,0,0,9,0,,0
VF103712,Basico,37,46,F,Temuco,S06,Web,1,0,0,20010,1,1,7,0,,0
VF103713,Full,9,38,F,Puente Alto,S09,Web,6,1,0,29980,1,0,5,1,,0
VF103714,Full,4,31,F,Ñuñoa,S09,Web,10,2,1,30680,1,0,8,1,,0
VF103715,Basico,8,16,M,Las Condes,S10,Campaña RRSS,2,0,0,20260,0,0,6,1,Precio,1
VF103716,Premium,50,36,M,San Miguel,S04,Sucursal,12,6,1,48600,1,0,10,1,Se mudó,1
VF103717,Basico,16,41,F,Puente Alto,S10,Sucursal,1,0,0,19760,1,2,7,0,Salud,1
VF103718,Basico,50,34,F,Concepción,S12,App,5,2,0,21100,0,0,10,1,,0
VF103719,Basico,18,19,F,La Florida,S03,Campaña RRSS,3,1,0,20090,0,1,7,1,,0
VF103720,Basico,21,49,M,San Miguel,S10,Referido,2,1,0,20330,0,0,10,1,,0
VF103721,Premium,30,44,M,San Miguel,S07,Web,17,10,2,46310,1,0,7,1,Mala atención,1
VF103722,Basico,14,28,F,Concepción,S08,Referido,3,2,1,19690,0,0,9,1,,0
VF103723,Full,14,37,M,Providencia,S05,Web,5,1,0,30490,0,1,10,0,,0
VF103724,Basico,23,34,F,Maipú,S06,Referido,6,3,2,19160,0,0,7,0,,0
VF103725,Full,11,16,M,Concepción,S03,Sucursal,4,1,0,29850,1,1,1,0,,0
VF103726,Basico,9,20,M,La Florida,S09,Sucursal,5,1,1,19990,0,0,8,1,,0
VF103727,Basico,29,19,F,Viña del Mar,S07,Sucursal,3,1,0,18990,1,0,10,0,Poco uso,1
VF103728,Basico,9,22,M,Puente Alto,S03,App,2,0,0,20040,1,0,7,1,Se mudó,1
VF103729,Basico,9,27,F,La Florida,S06,Web,3,1,1,19480,0,0,8,1,Precio,1
VF103730,Full,16,43,M,Temuco,S03,Campaña RRSS,7,1,1,27880,0,2,6,0,,0
VF103731,Full,61,34,F,La Florida,S06,App,6,4,0,30340,0,0,7,1,,0
VF103732,Premium,27,23,F,Concepción,S11,Sucursal,6,2,1,47110,1,1,9,0,,0
VF103733,Full,23,29,F,La Florida,S10,App,2,1,1,30070,1,1,8,0,,0
VF103734,Full,14,27,F,Concepción,S03,App,9,2,1,29920,1,1,8,1,,0
VF103735,Basico,23,41,F,San Miguel,S03,Referido,2,1,1,20430,0,2,9,1,Salud,1
VF103736,Premium,4,35,F,Vitacura,S06,Web,8,3,0,45230,0,0,10,0,,0
VF103737,Full,6,35,F,Providencia,S04,Referido,5,2,0,30340,1,0,8,1,,0
VF103738,Full,8,62,F,Maipú,S08,Sucursal,3,1,0,28830,0,0,8,0,,0
VF103739,Basico,7,42,M,Concepción,S06,Sucursal,8,2,1,20960,0,0,7,1,,0
VF103740,Premium,20,39,M,Puente Alto,S03,Web,9,2,0,46910,1,0,7,0,,0
VF103741,Premium,25,34,F,Providencia,S10,App,4,1,1,48060,1,0,6,1,,0
VF103742,Basico,11,24,F,Concepción,S05,App,1,0,1,18770,0,1,7,1,,0
VF103743,Basico,15,34,M,Temuco,S08,Referido,4,2,1,19600,1,0,9,0,,0
VF103744,Premium,9,26,M,Viña del Mar,S04,Web,10,6,0,48190,1,1,6,0,,0
VF103745,Full,10,37,F,San Miguel,S05,Campaña RRSS,10,2,0,29290,1,0,8,1,Se mudó,1
VF103746,Basico,31,26,F,Maipú,S03,Referido,3,1,0,20410,1,0,5,0,,0
VF103747,Basico,9,24,F,Puente Alto,S11,Web,3,1,0,21350,1,0,7,0,,0
VF103748,Full,14,55,F,Vitacura,S01,App,3,1,0,30480,1,0,10,1,,0
VF103749,Full,19,32,F,Santiago,S09,Web,4,0,1,30250,0,1,4,0,,0
VF103750,Basico,16,56,M,Puente Alto,S06,Web,3,0,1,19840,0,0,9,1,Se cambió de gimnasio,1
VF103751,Basico,11,57,M,Concepción,S02,Web,3,0,0,19580,0,0,8,0,,0
VF103752,Basico,45,24,M,La Florida,S05,Web,0,0,1,19830,0,0,7,7,,0
VF103753,Basico,8,64,M,Maipú,S10,Campaña RRSS,6,2,1,20590,0,0,10,1,,0
VF103754,Full,13,28,M,Puente Alto,S05,App,9,5,0,31290,1,1,10,0,,0
VF103755,Basico,39,16,Otro,Concepción,S05,Referido,2,1,0,20300,1,0,7,1,,0
VF103756,Full,6,33,M,Concepción,S09,Web,12,6,0,31180,1,0,9,1,,0
VF103757,Full,39,38,F,San Miguel,S08,Sucursal,7,4,0,29890,0,0,8,1,,0
VF103758,Basico,22,29,M,Las Condes,S11,Web,5,3,0,20320,1,1,6,0,,0
VF103759,Full,27,43,F,Concepción,S07,Sucursal,7,2,0,30120,0,2,8,0,Precio,1
VF103760,Full,9,36,M,Las Condes,S06,Sucursal,8,2,1,29470,1,0,8,1,,0
VF103761,Premium,27,41,M,Ñuñoa,S11,App,12,4,1,42680,1,0,4,1,,0
VF103762,Full,18,39,F,Viña del Mar,S05,Campaña RRSS,3,1,0,29470,1,0,5,1,,0
VF103763,Full,33,34,F,Temuco,S04,Web,12,3,1,29380,1,0,10,0,,0
VF103764,Basico,7,32,Otro,Maipú,S07,Web,3,1,1,20320,0,0,5,0,,0
VF103765,Full,42,41,M,Vitacura,S10,Campaña RRSS,12,3,0,31280,1,0,6,0,,0
VF103766,Basico,19,36,F,Temuco,S12,Campaña RRSS,6,1,1,20380,0,0,8,1,,0
VF103767,Full,11,39,M,Concepción,S10,Sucursal,8,4,1,30470,1,1,7,0,Precio,1
VF103768,Basico,13,39,F,Temuco,S05,Campaña RRSS,1,0,1,19470,1,2,4,1,,0
VF103769,Full,12,43,F,Vitacura,S06,Web,12,2,0,31220,1,0,10,1,,0
VF103770,Basico,17,33,F,Puente Alto,S03,App,1,0,0,21290,1,1,7,0,Se mudó,1
VF103771,Basico,14,22,F,Ñuñoa,S03,Web,6,1,0,18700,1,0,10,1,,0
VF103772,Premium,19,67,M,San Miguel,S04,Web,11,2,0,46820,1,0,9,1,,0
VF103773,Premium,18,40,F,Vitacura,S12,Referido,16,8,2,43100,1,0,9,0,,0
VF103774,Premium,12,33,F,Concepción,S07,Sucursal,5,2,1,44140,1,0,10,1,Se cambió de gimnasio,1
VF103775,Full,21,29,F,Maipú,S02,Sucursal,5,2,0,29630,1,1,6,1,,0
VF103776,Basico,26,44,F,Vitacura,S03,Campaña RRSS,3,1,0,19830,1,0,9,0,,0
VF103777,Full,8,33,M,Vitacura,S11,Sucursal,5,3,0,27870,1,0,10,1,,0
VF103778,Full,4,32,M,Puente Alto,S06,Campaña RRSS,3,0,0,30060,1,0,9,0,,0
VF103779,Basico,21,33,M,Providencia,S03,Sucursal,3,1,1,20830,1,0,8,1,,0
VF103780,Basico,15,39,M,Santiago,S06,App,4,1,0,19350,1,0,7,1,,0
VF103781,Full,8,52,F,Providencia,S08,App,4,1,0,29710,1,1,10,1,,0
VF103782,Basico,24,30,F,Puente Alto,S01,Web,7,3,1,20180,0,0,7,0,,0
VF103783,Basico,15,26,Otro,San Miguel,S04,Web,6,4,0,19810,0,0,10,0,,0
VF103784,Basico,19,48,M,Puente Alto,S09,Campaña RRSS,5,2,0,20780,0,0,7,1,,0
VF103785,Full,8,36,F,La Florida,S03,Referido,8,4,0,29490,1,1,10,0,Mala atención,1
VF103786,Full,15,38,M,Santiago,S03,App,8,3,0,29910,1,1,6,1,,0
VF103787,Basico,4,43,F,La Florida,S10,Referido,3,0,0,21060,1,0,10,0,,0
VF103788,Full,33,31,M,Viña del Mar,S04,Sucursal,4,1,0,29600,1,0,10,0,,0
VF103789,Full,15,16,F,Viña del Mar,S03,App,6,2,0,30540,1,0,2,0,,0
VF103790,Basico,33,48,F,Concepción,S09,App,2,1,0,19460,0,0,4,0,,0
VF103791,Full,5,32,M,Vitacura,S01,Web,5,1,1,30380,1,0,6,0,Mala atención,1
VF103792,Basico,10,23,Otro,Providencia,S04,Sucursal,1,0,0,19730,1,1,10,0,,0
VF103793,Basico,31,26,F,Providencia,S01,Campaña RRSS,3,2,0,20910,0,0,8,1,,0
VF103794,Basico,6,16,M,La Florida,S01,Sucursal,1,0,0,21180,1,0,8,0,Mala atención,1
VF103795,Basico,22,33,M,Viña del Mar,S01,Web,7,1,0,20610,1,0,10,1,,0
VF103796,Basico,13,36,M,Maipú,S05,App,8,2,0,20110,1,0,4,1,,0
VF103797,Basico,44,16,M,Temuco,S07,Web,8,4,1,19480,0,0,9,1,,0
VF103798,Basico,8,21,M,Santiago,S02,Referido,1,0,0,21080,1,2,8,0,,0
VF103799,Full,6,29,M,Ñuñoa,S07,Sucursal,3,1,0,30520,1,0,10,1,,0
VF103800,Full,20,26,F,Vitacura,S06,Web,7,3,1,30050,0,0,7,0,,0
VF103801,Basico,54,37,F,Puente Alto,S12,Campaña RRSS,3,1,0,19990,0,0,6,1,,0
VF103802,Full,12,36,F,Maipú,S10,Web,11,5,0,30110,1,1,8,1,,0
VF103803,Full,9,24,F,Puente Alto,S06,Sucursal,2,1,1,29780,1,1,9,1,,0
VF103804,Basico,5,36,F,Las Condes,S06,Web,4,1,0,19600,1,0,5,1,,0
VF103805,Full,17,25,M,Puente Alto,S12,App,2,0,1,30920,1,1,4,1,Se mudó,1
VF103806,Premium,10,56,M,Puente Alto,S09,Web,8,2,2,45800,1,0,9,1,,0
VF103807,Full,17,44,F,Santiago,S01,Web,0,0,0,29590,1,4,7,4,Salud,1
VF103808,Basico,2,32,F,Viña del Mar,S03,Sucursal,0,0,1,21200,0,2,8,2,Salud,1
VF103809,Basico,7,30,F,Concepción,S03,Sucursal,5,2,0,19550,1,0,8,1,,0
VF103810,Basico,12,32,F,Puente Alto,S10,Web,3,0,0,19120,0,0,8,1,Se cambió de gimnasio,1
VF103811,Basico,20,31,F,Viña del Mar,S09,App,0,0,0,19330,0,1,9,5,Se cambió de gimnasio,1
VF103812,Basico,23,43,M,Las Condes,S05,Sucursal,3,1,0,20330,1,0,10,0,,0
VF103813,Full,7,33,F,Viña del Mar,S08,App,7,2,0,29850,1,0,5,0,Precio,1
VF103814,Full,32,57,F,Providencia,S03,Sucursal,3,1,0,28330,1,0,10,0,,0
VF103815,Basico,24,18,F,La Florida,S08,App,1,0,0,20190,1,1,5,1,,0
VF103816,Premium,23,27,M,Vitacura,S04,Sucursal,11,4,0,43710,1,0,7,0,Salud,1
VF103817,Basico,31,48,F,Puente Alto,S01,Referido,6,4,1,19270,1,0,8,1,,0
VF103818,Premium,20,62,F,La Florida,S12,Campaña RRSS,6,4,1,48120,1,2,2,1,,0
VF103819,Premium,4,39,F,Concepción,S11,Sucursal,11,4,0,47100,0,0,10,0,,0
VF103820,Basico,5,32,F,Vitacura,S11,Web,9,5,0,20270,1,0,9,1,,0
VF103821,Full,16,44,M,San Miguel,S07,Sucursal,6,1,0,29410,1,1,8,1,,0
VF103822,Full,14,16,F,Vitacura,S09,Web,11,2,0,29600,1,0,6,0,,0
VF103823,Premium,23,37,F,Vitacura,S02,App,15,4,0,48010,1,0,9,1,,0
VF103824,Full,10,36,F,Providencia,S11,Campaña RRSS,4,1,0,28700,0,1,5,0,,0
VF103825,Premium,29,16,F,Concepción,S02,App,13,2,0,47700,0,0,7,0,,0
VF103826,Full,18,40,M,Puente Alto,S12,Sucursal,8,3,0,29220,0,0,8,0,,0
VF103827,Full,8,35,M,Ñuñoa,S06,Sucursal,5,2,2,30890,1,0,6,1,,0
VF103828,Full,21,29,F,La Florida,S08,Web,5,2,0,28260,1,0,10,1,,0
VF103829,Basico,28,56,F,Santiago,S04,App,4,1,0,21100,1,0,10,0,,0
VF103830,Full,15,47,M,Vitacura,S04,Referido,8,2,0,30370,0,1,5,0,Se cambió de gimnasio,1
VF103831,Full,55,25,F,Providencia,S10,Campaña RRSS,7,2,0,31510,1,1,8,1,Se mudó,1
VF103832,Basico,10,45,F,Viña del Mar,S01,Referido,0,0,1,19490,0,2,4,7,Se cambió de gimnasio,1
VF103833,Basico,5,22,F,La Florida,S01,Sucursal,6,1,0,21000,1,0,7,0,,0
VF103834,Full,14,40,M,Temuco,S10,Campaña RRSS,4,2,2,29000,1,0,9,1,Se mudó,1
VF103835,Premium,7,41,F,La Florida,S05,Referido,10,2,0,48010,1,0,8,0,,0
VF103836,Basico,17,21,F,Vitacura,S04,Sucursal,2,0,1,20500,0,2,6,1,Precio,1
VF103837,Premium,16,32,F,Santiago,S08,App,6,1,0,47190,1,0,4,1,,0
VF103838,Full,12,40,M,Providencia,S07,Referido,6,3,0,31250,1,0,6,0,,0
VF103839,Basico,14,18,M,Puente Alto,S10,Referido,5,2,0,19610,1,0,5,1,,0
VF103840,Basico,10,25,M,Concepción,S09,App,5,1,0,19430,0,1,6,1,,0
VF103841,Basico,34,22,F,Concepción,S09,Web,3,1,0,21050,1,0,7,1,,0
VF103842,Full,11,41,M,Vitacura,S01,Referido,10,6,0,30020,1,0,6,0,,0
VF103843,Premium,24,18,M,Santiago,S07,Web,11,5,0,44430,1,0,6,0,,0
VF103844,Basico,39,23,M,San Miguel,S07,Web,1,0,1,19920,0,1,7,1,,0
VF103845,Full,4,47,F,Puente Alto,S11,Campaña RRSS,4,1,2,30330,1,0,8,1,,0
VF103846,Basico,11,43,M,Maipú,S07,App,4,1,0,19010,0,0,6,0,,0
VF103847,Premium,21,45,M,Viña del Mar,S08,App,4,2,0,44000,1,0,10,1,,0
VF103848,Basico,69,47,F,Vitacura,S06,Web,4,1,0,19720,0,0,6,0,,0
VF103849,Basico,14,45,F,Maipú,S12,Sucursal,0,0,0,19910,0,1,6,4,,0
VF103850,Basico,56,59,F,San Miguel,S11,Sucursal,2,0,0,19200,0,0,7,1,,0
VF103851,Basico,55,45,M,Santiago,S04,Referido,8,5,0,20000,0,0,5,0,,0
VF103852,Basico,14,31,M,San Miguel,S08,Referido,3,1,2,20530,1,1,10,1,,0
VF103853,Full,10,44,M,Viña del Mar,S01,Web,10,5,1,29950,1,0,10,0,Poco uso,1
VF103854,Basico,13,20,F,Vitacura,S09,Sucursal,8,3,1,20090,1,1,10,0,,0
VF103855,Full,12,16,F,Maipú,S07,App,13,7,0,30100,0,0,8,1,,0
VF103856,Basico,11,44,F,Temuco,S12,Web,2,0,0,20290,1,0,6,0,,0
VF103857,Basico,15,54,F,Maipú,S11,Web,3,0,0,20560,0,1,5,1,,0
VF103858,Basico,24,31,M,Las Condes,S03,App,6,1,0,19920,0,0,6,1,,0
VF103859,Basico,12,16,F,Temuco,S08,App,1,0,0,20170,1,1,7,1,,0
VF103860,Basico,29,46,F,Las Condes,S12,Web,2,0,0,19130,0,1,7,1,,0
VF103861,Full,20,31,F,Vitacura,S10,Referido,10,2,1,29840,0,1,8,0,Precio,1
VF103862,Basico,27,45,M,Concepción,S04,Web,0,0,0,20190,0,1,6,3,,0
VF103863,Basico,5,57,F,Puente Alto,S06,Sucursal,4,0,0,21030,0,2,6,0,,0
VF103864,Basico,16,41,F,Las Condes,S04,Web,10,6,0,20150,1,0,7,0,,0
VF103865,Full,45,52,F,Vitacura,S12,Sucursal,9,4,1,29250,1,0,9,0,,0
VF103866,Basico,25,40,M,Ñuñoa,S07,Sucursal,6,2,0,19350,1,0,9,0,,0
VF103867,Full,8,37,M,Vitacura,S09,Web,11,3,0,30380,1,1,8,1,,0
VF103868,Full,25,32,F,Temuco,S05,Campaña RRSS,4,2,1,32530,1,1,10,1,Se mudó,1
VF103869,Full,36,25,M,Ñuñoa,S03,Campaña RRSS,4,2,0,30870,0,0,10,0,,0
VF103870,Basico,13,22,M,San Miguel,S12,App,4,2,0,20360,1,1,7,0,Se mudó,1
VF103871,Basico,11,43,M,Temuco,S12,App,1,0,1,19940,1,0,6,0,,0
VF103872,Premium,12,41,F,Las Condes,S04,Sucursal,8,5,1,46050,0,0,6,0,,0
VF103873,Basico,22,28,M,Providencia,S03,Web,3,1,0,20550,0,1,5,0,,0
VF103874,Full,17,40,M,Providencia,S01,Campaña RRSS,7,2,0,29010,1,0,8,1,,0
VF103875,Full,19,18,F,Ñuñoa,S02,Sucursal,8,3,0,31730,1,0,5,1,,0
VF103876,Basico,15,23,M,Concepción,S07,Referido,6,1,0,20820,0,0,6,1,,0
VF103877,Basico,21,33,M,Viña del Mar,S01,Sucursal,3,2,0,19790,1,0,5,0,,0
VF103878,Basico,7,22,M,Concepción,S08,Web,6,2,0,21370,0,1,7,0,,0
VF103879,Full,10,35,M,Ñuñoa,S05,Web,5,3,1,31140,1,0,9,0,,0
VF103880,Basico,2,35,M,Viña del Mar,S04,App,2,1,2,19820,1,1,8,1,,0
VF103881,Premium,25,46,F,Maipú,S04,Campaña RRSS,10,4,0,46570,1,0,9,1,,0
VF103882,Full,14,41,M,Ñuñoa,S11,Referido,6,1,0,29140,0,1,8,1,Poco uso,1
VF103883,Basico,20,21,M,Viña del Mar,S11,App,7,2,0,19730,1,1,10,1,,0
VF103884,Full,43,49,F,Providencia,S02,Web,7,4,0,30020,1,0,10,0,,0
VF103885,Full,36,48,M,Temuco,S11,Sucursal,2,0,0,29570,1,1,9,0,Precio,1
VF103886,Basico,27,16,F,Maipú,S03,Referido,1,0,2,19780,1,0,10,0,Se cambió de gimnasio,1
VF103887,Basico,8,24,F,Temuco,S04,Campaña RRSS,6,3,0,20410,1,2,2,0,,0
VF103888,Basico,27,17,F,Ñuñoa,S11,Web,2,0,1,19580,1,1,9,1,,0
VF103889,Basico,8,30,M,Concepción,S10,Sucursal,1,0,1,21390,1,2,8,0,Precio,1
VF103890,Full,28,28,F,Santiago,S08,Web,4,1,0,29450,1,0,7,0,,0
VF103891,Full,14,34,Otro,La Florida,S08,Web,4,2,1,29870,0,0,8,1,,0
VF103892,Premium,19,41,Otro,Puente Alto,S10,Referido,8,5,0,47680,1,0,8,1,,0
VF103893,Full,13,28,M,Puente Alto,S10,Sucursal,10,5,1,30200,1,0,6,1,,0
VF103894,Full,37,28,F,Santiago,S03,Web,9,4,2,30360,1,0,8,1,,0
VF103895,Full,11,55,F,Vitacura,S02,Campaña RRSS,7,2,0,30090,0,0,10,1,,0
VF103896,Basico,25,44,F,San Miguel,S09,Sucursal,6,3,1,21040,0,0,10,0,,0
VF103897,Full,11,23,M,Viña del Mar,S02,App,6,3,1,29470,1,0,10,1,,0
VF103898,Full,20,22,F,Ñuñoa,S01,Sucursal,8,1,0,30410,0,0,7,1,,0
VF103899,Basico,25,16,M,Concepción,S09,App,6,2,1,19170,0,0,9,1,,0
VF103900,Basico,45,38,M,Providencia,S04,App,1,0,0,19710,0,0,8,0,Se mudó,1
VF103901,Full,28,44,F,Ñuñoa,S08,Web,8,5,0,30140,1,1,5,0,Se mudó,1
VF103902,Premium,69,24,F,Vitacura,S02,Web,12,6,0,45820,1,0,10,0,,0
VF103903,Basico,15,16,F,Providencia,S07,Sucursal,6,3,0,20090,0,0,7,1,,0
VF103904,Full,28,22,F,Ñuñoa,S07,App,9,3,0,30260,1,1,7,0,,0
VF103905,Full,45,23,F,La Florida,S07,Referido,8,3,1,30910,0,0,6,1,,0
VF103906,Basico,19,40,F,Temuco,S06,Sucursal,0,0,0,20720,1,1,7,6,,0
VF103907,Basico,12,44,F,Concepción,S07,App,5,2,0,18970,1,0,7,1,,0
VF103908,Full,16,23,F,Santiago,S12,Web,4,2,0,30500,1,0,8,0,,0
VF103909,Basico,18,32,F,Vitacura,S06,Web,0,0,0,20040,0,0,6,7,Mala atención,1
VF103910,Full,31,50,M,Ñuñoa,S09,App,3,1,0,30350,1,0,9,1,,0
VF103911,Basico,22,42,F,Vitacura,S09,App,4,2,0,19740,1,0,10,1,,0
VF103912,Basico,15,44,F,Puente Alto,S02,Sucursal,2,1,0,19620,1,0,9,0,,0
VF103913,Basico,15,43,F,San Miguel,S08,Sucursal,7,1,0,20420,0,1,8,1,,0
VF103914,Full,29,44,F,Providencia,S09,App,4,2,0,30080,1,0,6,1,,0
VF103915,Basico,9,49,F,Santiago,S06,Sucursal,3,1,0,19440,1,0,6,1,,0
VF103916,Basico,8,48,M,Concepción,S01,Referido,4,2,0,20190,1,0,9,0,,0
VF103917,Full,18,50,M,Providencia,S07,Sucursal,10,2,0,30050,1,0,9,1,,0
VF103918,Full,18,24,M,Ñuñoa,S07,Sucursal,7,1,0,30740,1,0,9,1,Se mudó,1
VF103919,Full,29,43,F,Ñuñoa,S10,Campaña RRSS,5,2,1,28220,1,1,10,1,,0
VF103920,Premium,17,44,F,Las Condes,S05,Web,13,6,0,45720,1,1,7,0,,0
VF103921,Basico,3,32,F,La Florida,S10,Referido,0,0,1,19220,1,3,6,4,Precio,1
VF103922,Premium,18,39,F,Maipú,S08,Referido,8,5,0,48590,1,0,8,0,,0
VF103923,Full,14,30,F,Providencia,S04,Web,2,0,0,29550,1,1,5,0,Precio,1
VF103924,Basico,4,48,F,Concepción,S11,Referido,2,1,0,19780,0,2,10,1,,0
VF103925,Basico,5,22,M,Puente Alto,S08,Web,4,2,0,19890,1,2,8,0,Mala atención,1
VF103926,Full,36,26,M,La Florida,S12,Sucursal,7,4,1,29720,1,0,7,0,,0
VF103927,Basico,11,36,F,Puente Alto,S12,Sucursal,1,0,0,20900,1,2,7,0,,0
VF103928,Full,29,43,F,La Florida,S02,Sucursal,9,1,0,29170,0,0,9,1,,0
VF103929,Premium,6,46,F,Ñuñoa,S08,Web,3,1,0,46050,1,0,10,1,,0
VF103930,Full,27,32,M,Santiago,S05,App,5,3,1,29720,1,0,7,0,,0
VF103931,Full,19,49,M,Temuco,S12,Sucursal,8,2,0,29580,0,0,6,1,Precio,1
VF103932,Basico,43,32,F,Ñuñoa,S08,Referido,4,2,0,20560,0,0,8,1,,0
VF103933,Basico,14,33,F,Vitacura,S11,Web,2,1,0,21250,0,0,9,1,,0
VF103934,Basico,4,47,M,Concepción,S12,Web,6,3,3,20650,0,0,7,1,,0
VF103935,Basico,8,36,M,Vitacura,S10,Web,7,1,1,20660,1,0,10,1,,0
VF103936,Basico,17,33,F,Concepción,S09,Web,0,0,0,20230,1,1,7,5,Se cambió de gimnasio,1
VF103937,Basico,25,39,F,Las Condes,S10,Sucursal,1,0,0,19450,0,0,7,1,,0
VF103938,Full,35,36,Otro,Viña del Mar,S03,App,1,0,0,29790,0,1,6,1,,0
VF103939,Full,17,44,M,Santiago,S03,App,5,1,0,31030,1,0,10,1,,0
VF103940,Basico,9,41,F,Providencia,S07,Web,0,0,0,20170,0,4,3,5,,0
VF103941,Basico,10,16,M,La Florida,S05,Sucursal,3,0,4,19660,1,0,6,0,,0
VF103942,Premium,11,44,F,Puente Alto,S09,Web,12,4,0,43790,0,0,9,0,,0
VF103943,Premium,32,45,M,Maipú,S01,App,4,0,0,46150,1,1,9,0,,0
VF103944,Basico,15,30,F,Maipú,S10,App,7,2,0,19780,0,1,4,1,,0
VF103945,Basico,49,35,F,Santiago,S12,Web,5,1,0,20460,1,1,3,1,,0
VF103946,Premium,28,20,F,Viña del Mar,S09,Web,7,2,1,44700,1,0,7,0,,0
VF103947,Basico,7,39,M,San Miguel,S09,Web,3,1,0,20090,1,1,9,1,,0
VF103948,Full,8,37,F,Viña del Mar,S02,Campaña RRSS,7,3,0,29330,0,1,5,0,Precio,1
VF103949,Premium,1,33,M,Santiago,S09,Campaña RRSS,13,3,0,46170,1,0,10,1,,0
VF103950,Premium,16,31,F,La Florida,S09,Web,9,2,0,46460,1,1,9,0,,0
VF103951,Basico,34,42,M,Vitacura,S12,Campaña RRSS,3,1,1,20300,0,1,9,1,,0
VF103952,Full,26,27,M,Viña del Mar,S03,Sucursal,9,5,2,31470,1,1,7,0,,0
VF103953,Full,26,43,F,Providencia,S04,App,7,3,0,30210,1,0,10,0,,0
VF103954,Full,5,29,M,Concepción,S09,Campaña RRSS,9,3,1,30910,1,2,7,1,Se mudó,1
VF103955,Full,17,27,M,Puente Alto,S03,Web,10,2,0,31850,1,0,9,1,,0
VF103956,Full,4,35,M,Viña del Mar,S03,Sucursal,6,1,0,29750,1,0,3,1,,0
VF103957,Basico,10,45,Otro,Viña del Mar,S10,Web,3,0,0,20480,0,0,10,1,Poco uso,1
VF103958,Full,55,38,F,Concepción,S07,App,11,3,0,29580,1,0,7,0,,0
VF103959,Full,12,27,F,Santiago,S09,Sucursal,7,3,1,30800,1,0,7,1,,0
VF103960,Full,29,35,F,Temuco,S11,Campaña RRSS,11,4,0,28440,0,0,7,0,,0
VF103961,Basico,19,35,F,Temuco,S04,Sucursal,4,2,0,19600,1,0,10,0,,0
VF103962,Full,16,20,F,Providencia,S10,Campaña RRSS,7,1,0,30740,1,0,10,0,,0
VF103963,Basico,16,56,F,Las Condes,S12,App,7,3,1,20460,0,1,7,1,,0
VF103964,Full,16,26,F,Vitacura,S09,App,10,3,1,29550,1,0,9,1,,0
VF103965,Full,16,19,M,Santiago,S01,Web,7,2,1,30220,1,0,9,1,,0
VF103966,Premium,9,36,F,Puente Alto,S01,Web,5,3,2,46100,1,0,5,0,,0
VF103967,Full,19,40,F,Maipú,S03,Sucursal,2,1,0,30570,1,1,4,1,Precio,1
VF103968,Full,9,16,F,Temuco,S07,Campaña RRSS,5,2,0,29740,1,0,7,0,,0
VF103969,Premium,7,38,M,Maipú,S09,Web,13,7,0,46810,0,0,9,0,,0
VF103970,Basico,21,43,F,La Florida,S07,Referido,4,0,1,19400,1,1,9,0,,0
VF103971,Basico,17,28,M,Providencia,S04,Web,3,0,1,18950,1,0,7,1,,0
VF103972,Basico,32,35,M,Concepción,S12,Web,6,3,0,20660,0,2,8,1,,0
VF103973,Full,8,40,M,Concepción,S01,Web,4,2,0,31080,1,0,9,0,,0
VF103974,Basico,11,36,F,Providencia,S02,Campaña RRSS,1,0,1,19810,1,0,10,0,,0
VF103975,Full,18,40,F,Viña del Mar,S03,Referido,9,5,0,31310,1,1,10,0,Se mudó,1
VF103976,Full,15,38,M,Viña del Mar,S04,App,10,6,0,29360,0,0,7,0,,0
VF103977,Basico,27,30,F,Vitacura,S10,Sucursal,1,0,0,19490,0,0,9,1,,0
VF103978,Full,37,41,M,Las Condes,S07,Referido,8,3,1,30310,1,0,10,1,,0
VF103979,Basico,13,29,M,Vitacura,S06,Web,5,3,0,20070,1,0,8,0,,0
VF103980,Full,25,32,F,Concepción,S04,Referido,6,2,0,28130,1,0,6,0,,0
VF103981,Full,10,32,F,San Miguel,S02,Sucursal,5,1,0,30550,1,0,9,1,,0
VF103982,Full,33,36,F,Viña del Mar,S11,Web,5,2,0,30100,0,1,6,1,,0
VF103983,Full,24,22,Otro,La Florida,S02,Web,6,1,0,28850,0,0,7,0,,0
VF103984,Full,8,44,F,Las Condes,S06,Campaña RRSS,8,5,0,29950,1,1,9,1,,0
VF103985,Basico,39,16,F,Viña del Mar,S08,Sucursal,1,0,0,20250,0,2,6,0,,0
VF103986,Full,20,28,M,San Miguel,S08,Referido,7,1,0,30410,1,0,7,1,,0
VF103987,Basico,37,42,F,Vitacura,S07,Web,5,2,0,21020,1,0,7,0,,0
VF103988,Basico,20,22,F,Temuco,S06,Campaña RRSS,3,1,0,20700,1,0,9,1,,0
VF103989,Full,39,16,F,Viña del Mar,S12,Sucursal,9,1,0,30820,0,0,10,0,,0
VF103990,Basico,20,16,M,Las Condes,S03,Sucursal,8,3,0,20130,1,0,6,1,Se cambió de gimnasio,1
VF103991,Full,40,20,M,Las Condes,S09,Referido,13,6,0,30670,1,1,6,0,,0
VF103992,Full,12,43,M,Vitacura,S10,App,2,0,0,30070,0,1,10,1,,0
VF103993,Full,23,37,M,Concepción,S02,Referido,9,6,1,30830,1,2,6,1,,0
VF103994,Basico,11,24,F,Vitacura,S01,Sucursal,4,1,1,19750,0,0,6,1,,0
VF103995,Basico,15,27,F,Providencia,S12,Sucursal,4,1,0,19100,0,0,10,0,,0
VF103996,Basico,20,39,M,Viña del Mar,S08,Sucursal,0,0,1,20020,0,2,1,6,Se mudó,1
VF103997,Basico,26,16,F,Vitacura,S08,Web,3,0,0,20090,1,0,6,1,,0
VF103998,Basico,32,21,M,Maipú,S12,App,2,1,1,20610,1,0,8,0,,0
VF103999,Basico,36,38,F,Ñuñoa,S07,Web,2,0,0,20650,0,0,10,0,,0
VF104000,Premium,19,30,M,Temuco,S06,Referido,10,6,0,46200,1,0,7,0,,0
VF104001,Basico,8,32,M,Ñuñoa,S05,Referido,3,1,1,19380,0,0,8,0,,0
VF104002,Full,3,37,M,Santiago,S10,Web,10,3,0,29500,1,0,8,0,,0
VF104003,Full,3,52,M,Vitacura,S01,App,6,1,1,29150,1,0,7,0,,0
VF104004,Basico,58,52,F,Temuco,S04,Referido,0,0,2,19980,0,2,7,7,Se cambió de gimnasio,1
VF104005,Premium,49,40,F,Ñuñoa,S11,Web,16,6,1,46700,1,0,8,0,,0
VF104006,Premium,7,37,M,Providencia,S11,Web,12,7,1,45990,0,0,6,1,,0
VF104007,Basico,8,51,M,Santiago,S02,Referido,2,0,0,19530,1,0,10,0,,0
VF104008,Basico,30,20,M,Providencia,S11,Web,5,1,1,20430,0,0,7,0,,0
VF104009,Full,54,35,F,Ñuñoa,S11,Referido,10,5,0,29860,1,1,8,0,,0
VF104010,Basico,29,27,M,Temuco,S07,Referido,7,2,0,20790,0,0,2,0,,0
VF104011,Basico,17,50,M,Providencia,S08,Campaña RRSS,4,2,0,20520,1,0,8,0,,0
VF104012,Basico,39,44,M,Puente Alto,S03,App,3,1,0,19290,0,0,6,0,,0
VF104013,Premium,21,16,M,Santiago,S11,Web,6,3,0,44580,1,1,10,0,Mala atención,1
VF104014,Basico,29,52,F,Temuco,S02,Campaña RRSS,0,0,0,19500,0,0,6,2,Se mudó,1
VF104015,Basico,31,39,M,Las Condes,S05,Sucursal,3,1,1,19960,1,1,9,1,Mala atención,1
VF104016,Full,28,29,F,Las Condes,S09,Web,4,1,0,29270,1,0,8,0,,0
VF104017,Full,17,40,M,Las Condes,S01,Web,5,2,0,30450,1,0,10,1,,0
VF104018,Premium,28,16,F,Las Condes,S08,Web,6,4,0,49270,1,0,8,1,,0
VF104019,Basico,18,32,F,Providencia,S04,Referido,5,2,0,19050,1,0,5,1,,0
VF104020,Basico,6,25,F,Maipú,S08,Sucursal,4,1,0,19810,1,0,8,0,,0
VF104021,Premium,5,48,F,Ñuñoa,S04,App,9,1,2,46410,0,0,8,1,Se mudó,1
VF104022,Full,16,37,F,Puente Alto,S09,Web,6,2,0,30450,1,1,7,0,,0
VF104023,Full,31,54,F,Providencia,S04,App,13,3,0,30120,1,0,6,1,,0
VF104024,Basico,17,40,F,La Florida,S05,Sucursal,1,0,0,20560,0,1,8,0,,0
VF104025,Basico,9,29,M,Viña del Mar,S09,Web,2,0,0,19240,0,1,2,1,,0
VF104026,Basico,22,40,M,Concepción,S02,App,3,1,1,18940,0,0,9,0,,0
VF104027,Full,3,55,F,Providencia,S04,Referido,3,1,0,30920,0,0,7,1,Se cambió de gimnasio,1
VF104028,Basico,18,21,M,La Florida,S05,Web,2,1,0,18970,1,3,5,1,Se mudó,1
VF104029,Basico,22,32,F,Santiago,S04,Web,0,0,0,19460,1,1,7,7,Se cambió de gimnasio,1
VF104030,Premium,18,46,M,Concepción,S04,Web,4,1,1,46370,1,1,9,1,,0
VF104031,Full,14,37,M,Puente Alto,S12,App,10,6,1,29520,1,0,9,1,Se cambió de gimnasio,1
VF104032,Basico,59,50,F,Santiago,S01,Referido,4,1,0,21010,1,0,10,0,,0
VF104033,Basico,12,37,Otro,Concepción,S07,Web,10,4,0,19490,0,1,9,0,,0
VF104034,Full,13,50,F,Ñuñoa,S06,Referido,6,3,1,31250,0,1,4,0,,0
VF104035,Premium,45,30,M,Viña del Mar,S12,Web,18,7,0,46320,1,0,6,1,,0
VF104036,Basico,29,24,M,Maipú,S09,App,2,1,1,20430,0,2,8,1,,0
VF104037,Basico,18,27,M,San Miguel,S08,App,4,1,1,19930,0,1,8,1,Poco uso,1
VF104038,Basico,24,23,F,Temuco,S04,App,4,2,0,19590,1,0,7,1,,0
VF104039,Basico,2,44,M,San Miguel,S06,Referido,0,0,0,20590,0,2,3,5,Salud,1
VF104040,Basico,19,38,F,Las Condes,S09,App,6,3,0,20250,1,0,10,0,,0
VF104041,Full,9,28,F,Temuco,S08,Campaña RRSS,4,1,2,29420,0,0,10,1,,0
VF104042,Full,23,19,F,Puente Alto,S11,App,10,2,1,30140,1,0,8,0,,0
VF104043,Basico,13,42,M,Temuco,S10,Referido,3,1,0,19750,1,0,10,1,,0
VF104044,Basico,21,44,F,San Miguel,S11,Sucursal,5,2,0,20470,0,1,7,1,,0
VF104045,Premium,34,34,F,Concepción,S08,Web,8,3,0,47640,0,0,6,0,,0
VF104046,Full,25,19,F,Las Condes,S05,App,8,2,0,30800,0,0,6,0,,0
VF104047,Full,38,32,M,Concepción,S08,Campaña RRSS,3,1,1,29350,1,0,7,0,,0
VF104048,Full,13,26,F,Concepción,S01,Sucursal,1,0,0,32220,0,1,8,0,,0
VF104049,Basico,28,31,F,Providencia,S03,Web,8,3,0,19860,0,0,4,0,,0
VF104050,Premium,22,37,M,Vitacura,S09,Web,6,1,1,46530,0,0,7,0,Precio,1
VF104051,Basico,27,48,F,Puente Alto,S08,Web,0,0,0,19400,1,1,6,6,Se cambió de gimnasio,1
VF104052,Full,12,21,M,Santiago,S02,App,15,10,0,31170,1,1,6,0,Salud,1
VF104053,Basico,38,35,F,La Florida,S12,Referido,3,1,0,19180,0,0,7,0,,0
VF104054,Full,12,29,M,Concepción,S10,Sucursal,3,2,0,27940,1,0,8,1,,0
VF104055,Basico,8,44,M,Santiago,S09,Web,8,4,0,20200,0,0,8,1,Mala atención,1
VF104056,Basico,24,27,M,San Miguel,S11,Referido,4,1,0,19540,0,1,10,0,,0
VF104057,Basico,11,34,M,Las Condes,S10,App,6,2,1,19800,1,0,7,0,,0
VF104058,Basico,6,29,M,Viña del Mar,S05,Sucursal,2,1,0,20650,1,2,3,1,,0
VF104059,Basico,25,42,F,Puente Alto,S06,Sucursal,2,0,1,19850,1,0,8,0,,0
VF104060,Full,22,24,F,Puente Alto,S08,Web,0,0,1,31130,1,0,7,3,,0
VF104061,Full,33,33,M,Providencia,S08,Referido,14,3,0,30750,1,0,9,1,,0
VF104062,Full,12,22,M,La Florida,S05,Campaña RRSS,8,4,0,30650,1,0,10,1,,0
VF104063,Basico,47,30,F,Viña del Mar,S04,Campaña RRSS,3,1,1,19270,0,0,10,1,,0
VF104064,Full,7,31,F,La Florida,S09,Web,4,2,1,30060,1,1,7,1,,0
VF104065,Full,10,43,F,Puente Alto,S01,Sucursal,8,3,0,30160,1,1,6,1,,0
VF104066,Basico,5,38,F,La Florida,S05,App,3,1,0,19120,0,0,8,0,,0
VF104067,Basico,16,23,F,Temuco,S11,Web,5,2,0,19830,1,0,10,1,,0
VF104068,Full,17,27,M,Puente Alto,S09,Sucursal,0,0,3,29020,1,3,3,5,,0
VF104069,Basico,18,40,F,San Miguel,S05,Sucursal,3,1,0,19200,0,0,10,1,Poco uso,1
VF104070,Full,5,46,M,Vitacura,S02,Referido,0,0,2,27680,1,3,3,1,,0
VF104071,Full,18,35,M,Maipú,S05,Referido,3,1,0,29660,1,0,10,1,Se cambió de gimnasio,1
VF104072,Basico,8,20,F,Santiago,S09,Web,1,0,0,19710,0,5,4,1,,0
VF104073,Full,5,16,F,La Florida,S09,Sucursal,4,1,0,30600,1,0,8,0,Se cambió de gimnasio,1
VF104074,Basico,19,45,M,Puente Alto,S04,App,9,4,0,19570,1,0,4,0,,0
VF104075,Full,14,16,F,Concepción,S04,Sucursal,7,2,0,29990,1,0,10,0,,0
VF104076,Premium,13,35,F,Vitacura,S04,Web,6,1,0,45020,0,1,6,0,,0
VF104077,Basico,7,20,Otro,Las Condes,S02,Campaña RRSS,8,5,1,19300,0,0,6,0,,0
VF104078,Basico,2,32,F,San Miguel,S12,Web,0,0,0,18140,1,1,8,2,,0
VF104079,Basico,7,16,F,Concepción,S09,Sucursal,4,2,2,19800,0,1,7,0,,0
VF104080,Premium,4,38,M,Las Condes,S03,App,13,8,0,47130,1,0,10,1,,0
VF104081,Premium,15,40,F,La Florida,S04,Referido,12,2,2,44000,1,0,7,0,,0
VF104082,Full,20,39,F,Santiago,S07,App,7,2,0,29890,1,1,4,0,Mala atención,1
VF104083,Basico,16,39,M,Las Condes,S06,Referido,2,0,0,20020,1,2,9,0,,0
VF104084,Full,8,54,F,Temuco,S02,Referido,4,1,0,29110,0,0,7,0,Salud,1
VF104085,Basico,11,29,F,La Florida,S05,Referido,0,0,0,20110,0,0,5,2,Se cambió de gimnasio,1
VF104086,Basico,12,32,M,Providencia,S05,Campaña RRSS,6,2,0,20940,1,0,8,0,,0
VF104087,Basico,6,16,M,Maipú,S04,App,6,1,1,20170,0,0,7,0,Mala atención,1
VF104088,Full,28,53,F,Temuco,S04,Referido,5,1,0,30480,0,0,6,0,,0
VF104089,Basico,15,46,F,La Florida,S04,Campaña RRSS,3,0,1,19680,1,0,9,1,,0
VF104090,Basico,20,37,F,Puente Alto,S11,Web,6,3,0,20300,1,0,7,1,,0
VF104091,Premium,48,31,F,Las Condes,S05,App,6,3,1,46080,0,0,7,0,,0
VF104092,Basico,8,46,M,Maipú,S12,Sucursal,1,0,0,19990,0,0,9,1,,0
VF104093,Full,38,24,M,Vitacura,S02,Sucursal,11,7,0,29560,1,0,5,0,,0
VF104094,Premium,2,51,F,Ñuñoa,S11,Web,14,6,0,48020,1,1,9,1,Se mudó,1
VF104095,Basico,10,34,F,Providencia,S04,App,1,0,0,19260,1,2,4,1,,0
VF104096,Premium,27,38,F,Providencia,S03,Web,21,8,0,45730,1,0,4,0,,0
VF104097,Basico,23,45,M,Las Condes,S06,Campaña RRSS,3,1,1,19730,1,0,8,0,Mala atención,1
VF104098,Premium,22,31,M,Viña del Mar,S05,Referido,8,5,1,44050,1,0,8,0,,0
VF104099,Basico,20,29,M,Puente Alto,S06,Web,0,0,0,19010,1,0,10,1,,0
VF104100,Full,5,36,F,Providencia,S07,Referido,6,2,1,28250,1,0,5,0,,0
VF104101,Basico,7,19,M,Concepción,S02,Web,8,5,0,20500,0,0,7,0,,0
VF104102,Basico,15,38,M,Las Condes,S02,Sucursal,8,3,0,20220,0,0,7,0,,0
VF104103,Premium,6,38,M,La Florida,S06,Sucursal,10,5,0,43780,1,0,10,1,,0
VF104104,Premium,24,45,M,La Florida,S07,App,3,1,0,46220,1,1,5,1,,0
VF104105,Basico,15,31,F,Temuco,S12,Web,5,1,1,20140,1,1,10,1,Se cambió de gimnasio,1
VF104106,Basico,25,41,F,Concepción,S07,Referido,3,1,0,19720,0,0,9,1,Poco uso,1
VF104107,Full,53,30,M,Las Condes,S04,Web,10,5,0,29730,1,0,8,0,,0
VF104108,Full,9,55,F,Ñuñoa,S02,App,4,1,0,29860,1,0,10,1,,0
VF104109,Basico,19,21,M,Ñuñoa,S03,App,3,1,1,20480,1,0,7,1,,0
VF104110,Basico,19,40,F,Viña del Mar,S10,Referido,7,1,0,19550,1,0,9,0,,0
VF104111,Full,13,28,M,Vitacura,S05,Web,3,2,0,29310,1,0,7,1,,0
VF104112,Premium,34,33,F,Temuco,S05,App,8,1,0,45850,1,0,6,1,Se cambió de gimnasio,1
VF104113,Basico,15,32,F,Santiago,S11,App,2,1,1,19460,0,2,3,1,,0
VF104114,Basico,10,44,M,Temuco,S12,Web,6,1,1,20090,0,0,6,1,,0
VF104115,Basico,8,35,F,Concepción,S05,Referido,6,1,1,20460,1,0,9,0,,0
VF104116,Basico,24,31,M,San Miguel,S01,Web,3,1,0,19340,0,1,3,1,,0
VF104117,Basico,3,16,F,San Miguel,S01,Web,1,0,1,19610,0,4,5,1,Salud,1
VF104118,Full,28,36,F,Las Condes,S11,Sucursal,6,2,0,31140,0,0,9,1,,0
VF104119,Basico,13,16,M,Las Condes,S10,Web,1,0,0,19930,0,1,10,1,Se cambió de gimnasio,1
VF104120,Basico,22,16,M,Temuco,S12,Web,0,0,0,19830,1,0,8,6,Se mudó,1
VF104121,Basico,37,44,M,Puente Alto,S02,Web,0,0,1,19870,1,3,9,3,Poco uso,1
VF104122,Full,20,41,F,Puente Alto,S03,Web,7,3,0,28670,1,0,8,1,,0
VF104123,Premium,14,18,M,Puente Alto,S03,Campaña RRSS,11,4,0,48690,1,1,7,1,,0
VF104124,Basico,29,16,M,Maipú,S06,Web,2,0,1,19810,0,0,7,1,Precio,1
VF104125,Basico,10,29,M,Maipú,S05,App,3,2,1,19750,1,0,6,0,,0
VF104126,Full,15,16,M,Maipú,S08,App,10,4,0,29370,1,0,9,0,,0
VF104127,Basico,30,53,F,Santiago,S11,Referido,6,2,0,21130,0,1,4,0,,0
VF104128,Premium,17,19,M,Las Condes,S12,Sucursal,11,7,0,48600,1,0,8,1,,0
VF104129,Basico,23,46,F,San Miguel,S09,Web,1,0,0,19920,1,2,7,1,,0
VF104130,Premium,22,39,M,Providencia,S07,App,9,6,1,44250,0,0,9,1,,0
VF104131,Basico,11,40,F,Ñuñoa,S01,App,2,0,0,20950,0,0,9,1,,0
VF104132,Basico,50,47,F,La Florida,S01,Campaña RRSS,4,1,0,19730,1,0,9,1,,0
VF104133,Basico,10,21,M,Las Condes,S11,Web,3,0,0,20390,0,0,5,0,,0
VF104134,Basico,23,33,F,Concepción,S12,App,1,0,1,20450,1,2,7,0,,0
VF104135,Premium,44,30,M,La Florida,S08,Campaña RRSS,7,1,0,45670,1,0,7,1,,0
VF104136,Basico,56,35,F,La Florida,S12,Web,3,1,1,20970,0,0,5,0,,0
VF104137,Basico,15,20,M,Temuco,S01,Web,3,1,0,18290,0,0,10,0,,0
VF104138,Full,15,56,M,Temuco,S06,Web,6,4,1,29560,1,0,7,0,,0
VF104139,Full,11,56,F,Viña del Mar,S10,Web,5,1,0,30350,1,0,5,1,Se mudó,1
VF104140,Basico,23,29,F,Maipú,S05,App,2,1,1,18950,1,1,4,0,,0
VF104141,Premium,45,38,F,Santiago,S05,Web,7,4,3,46710,1,0,8,1,,0
VF104142,Full,27,63,F,Puente Alto,S10,Web,9,3,0,29160,1,0,6,1,Poco uso,1
VF104143,Basico,12,29,M,La Florida,S06,Referido,3,1,0,21360,1,1,6,0,,0
VF104144,Basico,3,26,F,San Miguel,S05,Web,2,0,1,19280,0,1,6,1,Poco uso,1
VF104145,Premium,27,31,M,Ñuñoa,S04,Referido,8,5,0,46000,1,0,10,1,,0
VF104146,Basico,2,16,M,Ñuñoa,S06,Campaña RRSS,4,1,0,20010,0,0,5,0,,0
VF104147,Full,21,29,M,San Miguel,S08,Referido,5,2,0,29830,1,0,7,1,Mala atención,1
VF104148,Premium,5,17,M,Las Condes,S03,Referido,5,3,0,47730,1,0,8,1,Se mudó,1
VF104149,Premium,32,32,M,Vitacura,S04,Campaña RRSS,10,6,2,49520,1,1,8,0,Poco uso,1
VF104150,Full,11,43,M,Ñuñoa,S05,Web,9,5,0,30290,0,0,9,1,,0
VF104151,Basico,10,42,M,Ñuñoa,S11,Referido,4,1,0,19980,1,0,8,0,Precio,1
VF104152,Basico,13,16,F,Viña del Mar,S04,App,1,0,0,20240,0,1,8,0,,0
VF104153,Full,27,42,F,Las Condes,S07,Campaña RRSS,6,2,1,30470,1,0,6,0,,0
VF104154,Premium,26,35,F,Viña del Mar,S06,Sucursal,7,3,0,43410,1,0,10,0,,0
VF104155,Basico,3,34,M,Santiago,S06,Web,0,0,0,19950,1,1,8,6,Precio,1
VF104156,Full,11,52,F,Santiago,S07,App,2,0,0,30990,1,2,5,1,Se mudó,1
VF104157,Full,18,38,M,Temuco,S02,Sucursal,10,5,1,30590,1,0,9,0,,0
VF104158,Full,19,38,M,Vitacura,S02,Sucursal,8,3,0,28620,1,0,9,1,,0
VF104159,Basico,39,66,F,Las Condes,S10,App,5,1,2,19630,1,0,9,0,,0
VF104160,Full,45,41,M,Puente Alto,S07,App,9,3,0,28900,1,0,5,1,Salud,1
VF104161,Premium,35,25,F,Concepción,S12,Sucursal,19,3,0,45270,1,1,9,1,,0
VF104162,Basico,6,25,M,La Florida,S08,App,2,0,1,20720,1,2,4,1,Salud,1
VF104163,Basico,3,29,M,Puente Alto,S06,Campaña RRSS,1,0,0,20850,0,1,7,0,,0
VF104164,Basico,15,29,M,San Miguel,S11,Web,1,0,1,20400,0,1,6,1,Salud,1
VF104165,Basico,23,26,M,Puente Alto,S01,Campaña RRSS,6,3,0,20650,1,1,8,1,,0
VF104166,Basico,20,33,F,Puente Alto,S05,App,2,0,0,20010,0,2,8,0,Se cambió de gimnasio,1
VF104167,Full,22,49,F,Vitacura,S08,App,6,1,0,30470,1,0,6,0,,0
VF104168,Basico,20,39,M,Vitacura,S05,Sucursal,0,0,1,20110,0,1,8,6,Precio,1
VF104169,Full,5,43,M,Providencia,S10,Web,7,3,0,29330,1,1,7,0,,0
VF104170,Full,15,30,M,Puente Alto,S09,Sucursal,7,1,0,30830,1,0,7,0,,0
VF104171,Basico,46,61,F,Vitacura,S03,Web,4,1,0,20060,1,0,8,0,,0
VF104172,Basico,19,27,F,Las Condes,S11,Web,0,0,0,19990,0,0,8,7,Mala atención,1
VF104173,Full,19,53,Otro,Maipú,S12,Sucursal,11,6,0,31400,1,0,9,1,,0
VF104174,Premium,15,35,F,Providencia,S10,Web,6,2,1,46190,1,0,10,0,,0
VF104175,Basico,13,28,F,Viña del Mar,S01,Campaña RRSS,8,1,2,20340,0,0,6,0,,0
VF104176,Full,38,26,M,San Miguel,S12,App,5,1,1,29670,0,1,5,0,,0
VF104177,Premium,8,52,M,Maipú,S01,Campaña RRSS,6,3,0,45940,1,0,10,0,Precio,1
VF104178,Basico,11,16,F,Puente Alto,S11,Campaña RRSS,1,0,0,20100,0,1,5,0,,0
VF104179,Full,7,43,M,Puente Alto,S08,Campaña RRSS,6,3,0,29320,1,0,6,1,Salud,1
VF104180,Full,8,28,F,Ñuñoa,S06,Web,8,4,2,30370,0,0,6,1,Salud,1
VF104181,Basico,6,20,F,Maipú,S04,Referido,3,1,0,20920,1,0,8,0,,0
VF104182,Premium,11,43,F,Concepción,S04,Sucursal,6,1,0,47450,1,1,8,1,,0
VF104183,Full,11,50,F,Santiago,S12,Referido,9,5,0,29960,1,0,8,1,,0
VF104184,Full,24,41,M,Santiago,S03,Web,8,1,0,30970,1,0,10,1,Se cambió de gimnasio,1
VF104185,Basico,10,51,F,Santiago,S03,Campaña RRSS,0,0,0,19990,1,2,7,7,Mala atención,1
VF104186,Basico,30,25,F,Santiago,S05,Web,5,1,0,20530,1,0,8,1,,0
VF104187,Full,14,18,M,Concepción,S12,App,5,3,0,30580,0,1,8,1,,0
VF104188,Basico,14,26,M,Santiago,S06,Web,2,0,0,20340,0,0,7,1,,0
VF104189,Basico,9,24,F,Santiago,S08,Sucursal,2,0,0,19170,0,1,10,1,,0
VF104190,Basico,11,22,F,Las Condes,S05,Sucursal,0,0,0,21200,0,0,8,3,,0
VF104191,Premium,60,46,F,Temuco,S05,Sucursal,11,2,1,47980,1,0,3,0,,0
VF104192,Full,13,41,F,Santiago,S04,App,3,1,1,29670,1,0,10,1,,0
VF104193,Full,8,44,Otro,Temuco,S10,App,2,1,0,29480,1,1,6,1,Precio,1
VF104194,Full,16,59,M,Concepción,S10,Referido,9,5,1,29400,1,1,5,1,Se cambió de gimnasio,1
VF104195,Full,33,30,M,Viña del Mar,S01,App,5,2,1,29290,1,0,7,0,,0
VF104196,Full,14,22,F,Vitacura,S06,Campaña RRSS,7,2,0,29740,0,0,6,0,,0
VF104197,Full,18,26,F,Maipú,S07,App,12,5,1,30530,1,0,10,0,,0
VF104198,Full,12,36,F,San Miguel,S03,App,4,1,0,30400,1,0,9,0,,0
VF104199,Full,12,47,M,Las Condes,S02,Campaña RRSS,4,2,0,30300,1,0,7,0,,0
VF104200,Basico,19,37,F,Ñuñoa,S09,Web,1,0,2,20840,1,1,4,1,Se cambió de gimnasio,1
VF104201,Basico,13,38,M,San Miguel,S12,App,2,1,0,19890,0,2,8,1,,0
VF104202,Basico,27,19,M,Santiago,S08,Referido,5,1,0,20530,1,1,9,0,,0
VF104203,Full,19,47,F,Las Condes,S08,Sucursal,8,2,0,29830,1,0,8,0,,0
VF104204,Full,21,36,M,Temuco,S07,Sucursal,8,1,1,30080,0,2,8,0,Se mudó,1
VF104205,Full,19,23,M,Ñuñoa,S08,Campaña RRSS,8,5,0,32060,0,2,8,0,,0
VF104206,Basico,8,34,M,Viña del Mar,S12,Web,5,1,0,20220,1,1,10,0,,0
VF104207,Full,43,43,F,Providencia,S12,Web,2,1,0,30400,1,1,10,0,,0
VF104208,Full,4,35,M,Las Condes,S12,Sucursal,3,0,1,27860,1,0,5,0,Salud,1
VF104209,Basico,7,24,F,Santiago,S08,App,0,0,0,19440,1,0,5,2,,0
VF104210,Basico,24,33,M,Providencia,S08,Referido,4,1,0,19990,0,0,9,0,,0
VF104211,Full,8,52,F,Maipú,S02,Campaña RRSS,4,1,0,28360,1,0,8,0,,0
VF104212,Basico,18,20,F,Vitacura,S06,Web,5,2,0,20040,1,1,7,1,Se cambió de gimnasio,1
VF104213,Basico,23,41,F,Providencia,S10,App,4,1,0,19420,0,0,5,0,,0
VF104214,Premium,31,18,M,Concepción,S07,Campaña RRSS,10,2,0,45020,1,0,8,1,,0
VF104215,Basico,5,29,F,Santiago,S04,Web,7,2,2,20040,0,2,6,0,Poco uso,1
VF104216,Premium,18,44,F,Temuco,S06,Referido,4,2,0,46850,1,0,8,1,,0
VF104217,Basico,16,43,M,Ñuñoa,S10,Sucursal,1,0,0,18620,0,1,5,1,Precio,1
VF104218,Full,31,35,M,Concepción,S02,Sucursal,7,1,1,32250,1,0,8,1,,0
VF104219,Full,21,28,M,Las Condes,S04,App,5,2,0,31550,1,2,3,1,Se mudó,1
VF104220,Basico,23,41,F,Temuco,S05,Web,4,0,0,19240,1,0,8,1,,0
VF104221,Full,10,49,F,Viña del Mar,S11,Campaña RRSS,9,5,0,29870,1,0,10,1,,0
VF104222,Premium,17,42,M,Vitacura,S10,Web,12,3,0,45660,1,0,6,1,,0
VF104223,Premium,9,33,F,Viña del Mar,S12,Web,8,5,0,44750,1,0,5,1,,0
VF104224,Full,46,38,F,San Miguel,S04,App,4,0,0,30230,1,0,9,0,,0
VF104225,Full,8,46,M,Maipú,S09,Campaña RRSS,9,4,0,29630,1,0,9,0,,0
VF104226,Basico,17,45,M,San Miguel,S05,App,2,0,0,18620,1,0,7,1,,0
VF104227,Basico,10,16,M,Temuco,S10,Web,2,1,0,19970,0,2,6,1,,0
VF104228,Basico,27,16,M,Temuco,S10,Web,2,1,0,19400,0,0,6,0,,0
VF104229,Basico,21,38,F,Temuco,S01,App,4,1,0,19920,0,1,8,0,,0
VF104230,Basico,17,44,M,Vitacura,S10,Referido,6,1,3,19580,0,1,7,1,,0
VF104231,Basico,17,31,F,Concepción,S08,App,4,1,0,19940,0,0,6,1,Salud,1
VF104232,Full,10,52,M,Temuco,S01,Referido,13,2,1,29210,1,0,6,1,,0
VF104233,Full,8,22,M,Puente Alto,S12,Web,0,0,0,28930,1,3,4,3,Salud,1
VF104234,Basico,41,30,M,Ñuñoa,S05,Campaña RRSS,3,1,0,20610,1,0,9,1,,0
VF104235,Basico,8,34,F,Vitacura,S06,App,4,1,1,20410,1,1,7,1,,0
VF104236,Basico,49,34,F,Temuco,S07,Web,0,0,0,19430,1,0,8,4,,0
VF104237,Full,41,32,M,Ñuñoa,S07,App,2,1,0,32520,0,3,10,1,,0
VF104238,Basico,27,36,M,Concepción,S04,Sucursal,2,1,1,21030,0,1,10,0,,0
VF104239,Full,16,30,F,Santiago,S09,Referido,7,1,1,28920,1,2,9,1,Salud,1
VF104240,Premium,20,28,F,Maipú,S06,Web,14,5,1,46470,1,0,8,1,Se cambió de gimnasio,1
VF104241,Full,17,37,M,San Miguel,S05,Web,11,4,1,29220,0,2,3,1,,0
VF104242,Full,5,21,M,Ñuñoa,S04,App,9,5,0,30810,1,0,9,1,,0
VF104243,Basico,24,31,M,Vitacura,S11,Web,1,0,0,19400,1,1,9,0,Salud,1
VF104244,Full,40,45,Otro,Providencia,S02,App,8,3,0,29840,1,1,7,0,,0
VF104245,Basico,24,27,M,Temuco,S10,App,4,1,1,20260,0,0,6,1,Mala atención,1
VF104246,Full,16,36,Otro,Vitacura,S04,Web,2,0,1,28790,1,0,7,0,Mala atención,1
VF104247,Basico,15,48,F,Concepción,S02,Sucursal,5,2,0,20170,0,0,10,1,,0
VF104248,Full,75,42,M,La Florida,S06,Referido,4,1,0,28800,1,1,5,1,Salud,1
VF104249,Full,18,34,F,San Miguel,S03,Sucursal,4,1,0,29780,1,0,6,0,,0
VF104250,Full,24,53,F,Concepción,S05,Web,6,3,0,30290,1,0,8,0,,0
VF104251,Basico,23,19,F,Las Condes,S02,Referido,0,0,1,20560,0,0,5,2,,0
VF104252,Full,21,38,M,Maipú,S05,Web,6,3,1,31290,0,0,10,0,,0
VF104253,Full,48,39,F,Viña del Mar,S03,Referido,6,1,1,31080,0,0,6,1,,0
VF104254,Full,10,26,F,La Florida,S02,Web,4,1,0,29020,1,0,7,0,,0
VF104255,Basico,13,45,F,Temuco,S06,Web,6,2,0,19780,0,0,8,0,,0
VF104256,Full,40,37,F,Ñuñoa,S11,App,5,2,0,30000,0,0,7,1,Se cambió de gimnasio,1
VF104257,Basico,47,16,M,La Florida,S05,Sucursal,2,0,2,19580,1,1,5,0,,0
VF104258,Premium,49,20,Otro,La Florida,S01,Sucursal,8,3,0,46780,1,1,6,0,Mala atención,1
VF104259,Full,19,22,M,San Miguel,S05,App,8,3,0,29400,1,0,8,1,,0
VF104260,Premium,11,25,F,Santiago,S08,Web,12,3,1,45520,1,0,8,1,,0
VF104261,Basico,31,38,F,Ñuñoa,S09,App,0,0,0,21400,0,2,8,6,Salud,1
VF104262,Full,21,54,F,Vitacura,S02,Campaña RRSS,2,0,1,30350,1,1,8,1,Mala atención,1
VF104263,Premium,32,37,M,Las Condes,S06,App,7,1,0,47360,1,0,9,1,,0
VF104264,Premium,18,25,F,Las Condes,S09,Referido,4,1,0,45300,1,0,8,1,,0
VF104265,Full,22,31,F,Ñuñoa,S03,App,8,3,1,28840,0,1,2,0,,0
VF104266,Full,17,50,M,Viña del Mar,S11,App,8,4,0,28530,1,0,6,0,,0
VF104267,Full,17,26,F,La Florida,S02,Web,7,2,1,31200,1,1,5,0,Mala atención,1
VF104268,Premium,83,45,F,Santiago,S01,Web,15,5,1,44680,1,0,6,0,,0
VF104269,Basico,10,32,F,Maipú,S01,Campaña RRSS,2,0,0,18910,1,5,3,0,Poco uso,1
VF104270,Full,20,23,M,Santiago,S06,Web,8,2,1,29610,1,1,7,1,,0
VF104271,Basico,11,31,M,Viña del Mar,S02,Web,4,2,1,20300,0,0,3,1,,0
VF104272,Full,4,16,F,Las Condes,S03,Sucursal,8,3,0,30090,1,0,9,0,,0
VF104273,Basico,2,38,M,Viña del Mar,S08,App,1,0,1,19660,1,1,9,0,Salud,1
VF104274,Premium,14,29,M,San Miguel,S06,Campaña RRSS,4,1,1,46790,1,1,9,0,,0
VF104275,Premium,54,29,F,Vitacura,S08,Web,7,2,0,46400,1,0,6,1,,0
VF104276,Basico,11,29,F,Puente Alto,S01,Sucursal,7,4,1,19500,0,1,7,1,,0
VF104277,Basico,7,47,F,Maipú,S12,Web,5,1,0,20170,1,0,5,0,,0
VF104278,Full,7,40,M,Las Condes,S02,Campaña RRSS,1,0,0,28070,1,1,7,0,Se mudó,1
VF104279,Full,10,24,F,Puente Alto,S05,Web,0,0,0,30630,1,1,10,7,Salud,1
VF104280,Full,28,18,F,Vitacura,S06,Web,6,1,0,29810,0,0,7,0,,0
VF104281,Full,32,24,F,Temuco,S09,App,7,4,0,31560,1,0,8,0,,0
VF104282,Basico,4,34,M,La Florida,S10,Web,0,0,2,20040,0,0,9,5,,0
VF104283,Full,7,25,M,Ñuñoa,S11,Web,9,4,1,30120,1,1,7,0,,0
VF104284,Full,41,30,M,Concepción,S02,Sucursal,9,3,1,31580,1,0,9,1,,0
VF104285,Basico,14,34,M,Vitacura,S05,Referido,9,4,0,19940,1,0,10,0,,0
VF104286,Basico,11,31,M,Santiago,S10,Campaña RRSS,2,0,1,19920,1,3,7,0,Se cambió de gimnasio,1
VF104287,Premium,35,33,F,Santiago,S08,Web,3,1,1,47210,1,0,8,1,,0
VF104288,Basico,22,23,F,Ñuñoa,S11,Web,4,2,0,20590,0,0,8,1,Se cambió de gimnasio,1
VF104289,Full,21,34,F,Vitacura,S08,Sucursal,5,3,0,29180,1,0,3,0,,0
VF104290,Premium,6,59,F,Santiago,S01,App,14,6,0,46410,1,0,8,1,,0
VF104291,Basico,40,37,M,Vitacura,S08,Campaña RRSS,2,1,0,20860,1,3,4,1,Mala atención,1
VF104292,Basico,15,27,F,Maipú,S09,Campaña RRSS,2,0,2,19830,1,2,6,1,,0
VF104293,Premium,18,36,F,Maipú,S12,Sucursal,12,3,0,47180,1,1,8,1,,0
VF104294,Full,45,16,M,La Florida,S07,Sucursal,3,0,0,29250,1,0,8,1,,0
VF104295,Basico,29,46,M,La Florida,S05,App,2,1,0,18510,0,1,3,0,,0
VF104296,Full,36,32,M,Concepción,S01,Sucursal,5,3,0,30980,1,0,10,1,,0
VF104297,Premium,16,35,M,Ñuñoa,S12,Referido,12,3,0,43460,1,0,5,0,Salud,1
VF104298,Full,4,23,M,La Florida,S01,Web,12,7,0,29480,1,0,5,0,,0
VF104299,Basico,7,42,M,Vitacura,S09,App,3,1,1,19790,1,0,5,1,Poco uso,1
VF104300,Basico,5,38,F,La Florida,S04,Referido,8,3,0,19780,1,1,10,1,,0
VF104301,Full,6,40,M,Concepción,S01,Web,7,4,0,28700,0,0,8,1,,0
VF104302,Basico,5,54,F,Concepción,S01,Web,4,1,0,18980,1,0,8,0,,0
VF104303,Full,19,42,M,Las Condes,S10,Web,11,3,0,28040,1,0,10,0,,0
VF104304,Full,21,44,M,Ñuñoa,S02,Sucursal,9,5,0,32520,1,0,5,1,,0
VF104305,Basico,1,50,F,Puente Alto,S10,Referido,5,1,0,19550,0,0,10,0,,0
VF104306,Premium,46,45,M,Temuco,S07,Sucursal,2,0,1,44760,1,1,7,0,,0
VF104307,Basico,34,26,M,Vitacura,S07,App,0,0,0,20410,0,1,7,5,Se cambió de gimnasio,1
VF104308,Basico,11,28,M,Las Condes,S03,Referido,4,1,1,20850,1,2,5,1,,0
VF104309,Basico,15,50,M,Temuco,S10,Referido,7,3,0,21160,1,0,10,1,,0
VF104310,Full,9,23,M,Santiago,S10,Referido,4,2,1,30270,1,0,6,1,Precio,1
VF104311,Basico,42,22,M,La Florida,S04,App,1,0,1,20570,0,0,8,0,,0
VF104312,Basico,41,24,M,Temuco,S07,App,4,2,0,20260,0,0,8,0,,0
VF104313,Premium,13,37,F,Las Condes,S07,Web,7,3,0,46170,1,0,10,1,,0
VF104314,Basico,29,38,M,Vitacura,S02,Web,2,0,0,19590,1,2,7,0,,0
VF104315,Full,20,19,F,Maipú,S11,Web,7,2,0,28920,0,0,9,0,,0
VF104316,Full,14,16,F,Las Condes,S12,Web,3,1,0,30060,1,0,9,0,,0
VF104317,Premium,34,49,F,Puente Alto,S02,Referido,12,8,0,45880,0,0,8,0,,0
VF104318,Basico,14,44,M,Maipú,S10,Sucursal,1,0,1,19910,1,0,3,0,,0
VF104319,Full,28,28,M,Providencia,S04,Web,0,0,0,29570,1,0,8,1,,0
VF104320,Full,4,26,M,Santiago,S08,Campaña RRSS,13,8,0,31390,0,1,8,1,,0
VF104321,Basico,21,33,M,Concepción,S06,Web,0,0,0,19910,1,0,9,2,Poco uso,1
VF104322,Full,16,40,F,Concepción,S02,Web,12,4,1,27190,1,1,5,0,Poco uso,1
VF104323,Basico,29,52,F,Viña del Mar,S05,App,1,0,1,19490,1,0,6,0,,0
VF104324,Full,6,25,F,Temuco,S09,Sucursal,11,3,0,28210,0,0,6,0,,0
VF104325,Premium,15,47,M,Las Condes,S08,Campaña RRSS,7,3,0,45020,0,0,10,0,,0
VF104326,Premium,18,48,F,Puente Alto,S05,App,11,5,0,46210,0,0,6,1,,0
VF104327,Premium,10,33,F,San Miguel,S04,App,14,4,0,44070,1,1,6,0,,0
VF104328,Basico,14,32,M,La Florida,S05,Sucursal,7,3,0,19240,0,0,8,1,,0
VF104329,Basico,23,22,F,Temuco,S08,Referido,6,2,2,19250,0,0,3,1,,0
VF104330,Full,7,37,F,Temuco,S07,Sucursal,9,2,1,29320,1,0,8,0,,0
VF104331,Full,42,55,M,Temuco,S04,Web,4,2,0,30800,1,0,6,1,,0
VF104332,Full,15,48,M,Maipú,S10,Web,1,0,0,31060,1,0,7,1,,0
VF104333,Full,37,19,M,Vitacura,S07,App,5,3,1,30510,1,0,9,1,,0
VF104334,Basico,40,30,M,Puente Alto,S09,App,5,3,0,19440,1,0,7,1,,0
VF104335,Full,20,35,F,Vitacura,S11,Sucursal,10,5,1,30460,1,1,8,0,,0
VF104336,Premium,20,29,F,Viña del Mar,S08,Sucursal,7,3,0,44530,0,0,7,0,,0
VF104337,Basico,26,39,Otro,Providencia,S06,App,3,1,0,19500,1,1,8,1,Se mudó,1
VF104338,Premium,6,34,F,Las Condes,S10,Sucursal,12,5,0,45460,1,0,9,0,,0
VF104339,Basico,27,24,M,Las Condes,S10,Campaña RRSS,4,1,0,20880,0,0,8,1,,0
VF104340,Basico,31,31,F,Temuco,S10,Web,3,1,0,19680,1,0,8,1,Se mudó,1
VF104341,Full,20,40,F,Providencia,S05,Sucursal,6,2,0,30370,1,0,8,0,Mala atención,1
VF104342,Full,32,38,M,La Florida,S04,Referido,8,2,0,30850,0,0,7,0,Precio,1
VF104343,Basico,27,41,M,Santiago,S01,App,2,1,0,19770,1,2,6,1,Poco uso,1
VF104344,Full,38,16,F,Concepción,S06,Referido,4,1,0,29260,1,0,6,1,Precio,1
VF104345,Premium,16,37,F,Viña del Mar,S02,Web,7,4,1,46040,1,0,7,1,,0
VF104346,Full,9,48,M,Puente Alto,S04,Web,10,4,0,28530,1,0,7,0,,0
VF104347,Basico,48,50,M,Concepción,S07,Web,0,0,0,20140,1,3,8,6,Mala atención,1
VF104348,Full,16,61,F,Temuco,S11,Sucursal,7,4,1,30250,1,0,10,1,Precio,1
VF104349,Full,10,48,F,Concepción,S09,Referido,4,2,0,30560,0,0,6,1,,0
VF104350,Basico,31,36,M,Maipú,S11,Web,5,2,0,19620,0,0,9,1,,0
VF104351,Basico,28,34,M,Maipú,S08,Sucursal,3,1,1,19350,0,0,8,1,,0
VF104352,Basico,22,45,M,Las Condes,S03,App,2,1,1,19810,0,3,10,1,,0
VF104353,Basico,34,37,M,San Miguel,S08,App,2,0,0,20960,1,2,8,1,,0
VF104354,Full,15,39,M,Temuco,S09,App,7,3,0,30290,1,0,4,0,,0
VF104355,Full,18,24,M,Viña del Mar,S08,Web,14,3,1,30950,0,0,9,0,,0
VF104356,Basico,14,24,F,Ñuñoa,S02,Sucursal,1,0,0,19000,1,2,6,0,Se mudó,1
VF104357,Basico,14,36,F,Concepción,S06,Web,6,3,1,21110,1,0,7,0,,0
VF104358,Full,27,34,M,Santiago,S03,App,2,0,1,30740,1,2,8,0,,0
VF104359,Basico,14,21,M,Las Condes,S09,App,1,0,1,20170,0,2,4,1,Salud,1
VF104360,Basico,27,34,F,Las Condes,S10,App,3,0,0,19730,0,0,9,0,,0
VF104361,Full,5,27,F,Ñuñoa,S10,App,4,2,1,28130,1,1,8,0,,0
VF104362,Full,5,27,M,Providencia,S01,Sucursal,5,3,0,30260,1,0,8,1,,0
VF104363,Basico,14,18,M,Temuco,S05,Referido,7,3,1,19290,0,0,8,1,Se mudó,1
VF104364,Full,15,53,M,San Miguel,S02,Sucursal,1,0,1,29960,1,1,8,0,,0
VF104365,Premium,12,20,F,San Miguel,S01,Web,9,4,0,46890,1,1,7,1,,0
VF104366,Full,12,31,F,Las Condes,S12,Sucursal,8,3,1,30290,1,0,9,1,,0
VF104367,Basico,25,48,M,Vitacura,S07,Campaña RRSS,4,2,1,20150,1,0,5,0,,0
VF104368,Full,15,30,M,Viña del Mar,S03,Sucursal,3,1,0,29900,1,0,5,0,,0
VF104369,Basico,10,34,M,Concepción,S11,Web,5,3,1,19650,0,1,8,0,,0
VF104370,Full,10,49,M,San Miguel,S01,Campaña RRSS,4,2,0,30870,1,0,9,0,,0
VF104371,Full,14,42,M,Ñuñoa,S05,App,7,1,1,30710,1,0,8,0,,0
VF104372,Full,19,35,F,Temuco,S02,Web,9,1,1,30820,1,0,9,0,,0
VF104373,Full,38,46,M,Maipú,S09,Web,11,5,0,28840,1,0,9,0,,0
VF104374,Basico,21,21,F,Maipú,S08,Web,0,0,0,19470,1,1,7,5,Se cambió de gimnasio,1
VF104375,Full,28,20,F,Vitacura,S11,App,6,1,0,28640,1,0,5,0,,0
VF104376,Basico,56,20,M,Vitacura,S05,Web,3,0,0,20860,0,0,8,0,,0
VF104377,Basico,24,19,M,Concepción,S10,Sucursal,4,2,1,20280,1,1,10,0,,0
VF104378,Basico,19,50,Otro,Ñuñoa,S01,Web,8,1,1,19560,0,0,8,0,,0
VF104379,Full,20,32,F,La Florida,S10,Web,9,2,0,29800,0,0,9,1,,0
VF104380,Full,32,16,M,Santiago,S01,Sucursal,4,2,0,29750,1,0,8,1,,0
VF104381,Basico,15,26,M,Santiago,S01,Campaña RRSS,0,0,0,19030,0,0,7,4,,0
VF104382,Premium,19,36,F,Maipú,S08,Campaña RRSS,13,5,1,48830,1,0,6,1,,0
VF104383,Full,35,16,M,Temuco,S09,Sucursal,6,3,0,29050,1,0,7,1,,0
VF104384,Full,40,32,F,Santiago,S09,Sucursal,7,2,0,30510,1,0,7,0,,0
VF104385,Basico,6,17,M,Viña del Mar,S08,Web,0,0,0,20320,1,1,4,5,Poco uso,1
VF104386,Basico,3,28,M,Concepción,S10,App,4,1,0,19810,0,0,6,0,,0
VF104387,Basico,12,46,F,La Florida,S10,Sucursal,5,2,1,20250,1,0,10,1,,0
VF104388,Full,9,30,F,Maipú,S05,App,8,4,0,28970,0,0,5,0,,0
VF104389,Full,2,42,M,Providencia,S08,App,9,4,0,31230,1,1,7,1,,0
VF104390,Full,9,42,M,San Miguel,S06,Sucursal,4,1,0,29230,0,0,8,0,,0
VF104391,Basico,6,31,M,Viña del Mar,S04,Web,4,1,0,19750,1,0,7,1,,0
VF104392,Full,11,31,F,Maipú,S03,App,4,2,0,31020,1,0,9,1,,0
VF104393,Basico,22,56,F,Viña del Mar,S06,App,3,0,0,19270,0,0,10,0,,0
VF104394,Premium,8,46,M,Las Condes,S09,Referido,14,6,0,46470,1,0,7,0,,0
VF104395,Basico,28,21,F,Temuco,S10,Referido,4,1,0,19730,1,0,9,1,,0
VF104396,Full,10,27,F,Ñuñoa,S07,Sucursal,0,0,0,31150,0,1,7,3,,0
VF104397,Full,15,56,F,Maipú,S01,Campaña RRSS,0,0,0,28920,1,1,7,5,Precio,1
VF104398,Full,5,48,F,Maipú,S05,Web,3,1,0,30940,1,0,9,1,,0
VF104399,Full,27,24,M,Concepción,S06,Web,9,3,1,30400,0,1,5,0,,0
VF104400,Full,42,16,M,Vitacura,S06,App,4,1,2,30150,0,0,10,1,,0
VF104401,Full,21,39,M,Maipú,S11,Referido,8,2,2,29680,1,0,9,1,,0
VF104402,Full,18,44,F,Concepción,S07,App,6,1,0,28420,1,0,10,1,Se mudó,1
VF104403,Full,12,33,M,La Florida,S10,Web,7,3,0,30390,1,0,6,1,,0
VF104404,Basico,10,33,M,Concepción,S03,Web,0,0,0,20210,0,1,9,3,,0
VF104405,Full,9,53,F,Puente Alto,S04,Web,9,2,0,27910,1,1,3,0,,0
VF104406,Full,30,26,F,Concepción,S03,Campaña RRSS,8,5,0,31370,0,1,5,1,Se cambió de gimnasio,1
VF104407,Full,5,31,F,Temuco,S02,Web,5,2,2,28830,0,0,5,1,,0
VF104408,Basico,42,40,F,La Florida,S12,Referido,4,2,0,19740,0,0,7,0,,0
VF104409,Basico,24,46,F,Viña del Mar,S10,Web,10,5,1,20720,1,0,8,1,,0
VF104410,Full,18,25,F,Viña del Mar,S08,Web,6,2,0,29880,0,1,7,0,,0
VF104411,Full,23,25,F,Viña del Mar,S05,Web,6,3,0,28670,1,0,10,1,,0
VF104412,Premium,8,36,F,Temuco,S04,Referido,9,2,0,44670,1,0,7,1,,0
VF104413,Basico,46,37,M,Temuco,S10,App,7,2,1,20630,1,0,7,0,Se mudó,1
VF104414,Premium,21,36,M,Providencia,S03,Referido,13,7,0,47790,1,0,8,0,,0
VF104415,Full,11,40,F,Ñuñoa,S12,App,8,4,0,29430,1,0,6,0,,0
VF104416,Basico,13,41,M,Temuco,S08,Referido,3,1,1,18760,0,0,7,0,,0
VF104417,Full,42,49,M,Providencia,S06,Sucursal,10,4,1,29180,1,0,7,0,,0
VF104418,Premium,10,21,M,Viña del Mar,S07,Sucursal,11,2,0,45990,1,0,5,1,,0
VF104419,Premium,12,37,F,Concepción,S06,Referido,8,3,0,43560,1,0,8,1,Mala atención,1
VF104420,Basico,26,30,F,Vitacura,S06,Web,4,2,0,20310,0,0,10,1,,0
VF104421,Basico,17,44,F,Las Condes,S08,App,7,3,1,19930,1,2,10,0,,0
VF104422,Full,27,28,F,Viña del Mar,S01,Web,6,3,0,31040,0,0,9,1,,0
VF104423,Basico,16,30,F,Concepción,S12,Sucursal,2,0,1,19530,1,0,8,1,Se cambió de gimnasio,1
VF104424,Basico,12,33,F,Las Condes,S01,Sucursal,5,1,1,19960,1,1,7,1,,0
VF104425,Premium,25,28,F,Vitacura,S06,Web,7,2,0,46840,1,2,7,1,,0
VF104426,Basico,25,26,M,Maipú,S06,Campaña RRSS,4,2,0,20630,0,1,8,0,,0
VF104427,Full,8,44,F,Viña del Mar,S08,Campaña RRSS,6,3,1,29600,0,0,7,0,,0
VF104428,Premium,19,33,F,Temuco,S09,Sucursal,10,6,0,44490,0,0,6,1,,0
VF104429,Basico,22,60,M,La Florida,S01,App,1,0,0,19620,1,1,10,0,,0
VF104430,Basico,2,47,F,Santiago,S02,Web,5,2,1,20150,1,0,10,0,,0
VF104431,Basico,30,42,M,Puente Alto,S09,Campaña RRSS,5,2,1,19220,0,0,10,1,Se cambió de gimnasio,1
VF104432,Full,15,40,F,Ñuñoa,S07,Referido,6,1,0,30060,0,0,5,1,,0
VF104433,Full,18,35,M,Viña del Mar,S05,Sucursal,2,0,0,30200,1,1,7,0,,0
VF104434,Full,24,48,M,Santiago,S08,Referido,4,2,0,30780,1,0,10,0,,0
VF104435,Basico,13,18,Otro,Puente Alto,S09,App,2,1,0,20100,0,0,7,1,,0
VF104436,Basico,26,30,M,Santiago,S12,Campaña RRSS,3,0,1,19940,1,0,5,0,,0
VF104437,Full,19,39,F,La Florida,S12,Web,6,3,0,29990,1,0,8,0,,0
VF104438,Basico,13,19,F,San Miguel,S08,Referido,7,4,0,19790,0,2,4,0,Se mudó,1
VF104439,Full,6,16,F,Vitacura,S12,Sucursal,11,4,1,30270,1,0,9,0,,0
VF104440,Basico,12,54,M,Vitacura,S08,Web,3,0,0,20640,0,0,6,0,,0
VF104441,Full,18,40,F,Concepción,S07,Web,6,1,0,29020,0,3,6,0,,0
VF104442,Full,16,32,M,Maipú,S08,Sucursal,10,2,0,30100,1,1,7,0,,0
VF104443,Basico,38,16,M,Maipú,S11,Web,1,0,0,19610,0,3,4,1,Precio,1
VF104444,Basico,43,25,F,Puente Alto,S06,Web,5,2,0,19670,0,0,6,1,,0
VF104445,Full,19,31,M,Vitacura,S05,Web,11,6,1,30830,1,0,7,0,,0
VF104446,Premium,16,58,F,San Miguel,S01,Sucursal,8,5,0,45170,1,0,10,0,,0
VF104447,Full,38,54,F,Vitacura,S06,Sucursal,4,1,0,29760,1,0,7,1,,0
VF104448,Full,30,22,M,La Florida,S10,Sucursal,3,1,0,31360,1,0,10,1,,0
VF104449,Full,22,27,M,Las Condes,S10,App,10,6,0,30900,1,0,7,1,Mala atención,1
VF104450,Basico,18,16,F,Maipú,S12,Web,3,2,1,19720,1,0,6,1,,0
VF104451,Full,24,33,M,Ñuñoa,S11,Web,11,3,0,29010,1,0,10,0,,0
VF104452,Basico,34,55,F,Viña del Mar,S12,Campaña RRSS,4,1,0,19780,1,1,9,1,,0
VF104453,Basico,33,38,F,Puente Alto,S05,Sucursal,1,0,1,19270,1,2,0,0,,0
VF104454,Basico,10,43,M,Las Condes,S01,Referido,1,0,2,19460,1,2,6,0,,0
VF104455,Premium,26,31,M,Maipú,S06,Campaña RRSS,13,5,1,47300,0,0,4,0,,0
VF104456,Full,19,29,F,Ñuñoa,S04,Sucursal,11,5,0,28240,0,0,10,1,,0
VF104457,Full,9,38,F,Temuco,S05,Web,2,1,0,29220,1,1,8,0,,0
VF104458,Full,11,26,F,Temuco,S01,Campaña RRSS,8,3,1,30000,1,0,6,1,,0
VF104459,Basico,6,35,F,Viña del Mar,S07,Web,1,0,2,19100,1,1,4,0,Mala atención,1
VF104460,Full,14,31,M,Las Condes,S01,App,3,1,0,31180,1,0,10,0,,0
VF104461,Full,34,20,F,Viña del Mar,S10,Referido,5,1,1,30130,1,0,7,1,,0
VF104462,Basico,12,20,M,Santiago,S05,Sucursal,7,3,1,19300,1,0,6,0,,0
VF104463,Basico,23,43,M,Vitacura,S07,Sucursal,3,1,0,19690,0,0,10,1,Mala atención,1
VF104464,Premium,9,44,F,Ñuñoa,S11,Web,8,4,0,45260,0,0,7,1,,0
VF104465,Full,9,45,M,San Miguel,S07,Referido,8,2,2,29640,1,0,10,0,,0
VF104466,Basico,12,28,M,Maipú,S10,Web,3,2,0,20270,1,0,6,1,,0
VF104467,Full,18,30,M,Las Condes,S02,Web,2,1,0,29560,1,0,7,1,,0
VF104468,Premium,43,53,M,Ñuñoa,S02,App,3,1,0,47270,0,1,1,1,,0
VF104469,Full,30,33,M,Las Condes,S01,Web,4,2,0,30250,1,1,8,0,,0
VF104470,Basico,18,33,M,Viña del Mar,S07,Referido,2,0,1,20240,1,3,3,0,Mala atención,1
VF104471,Full,45,30,M,Providencia,S11,App,6,3,1,30880,0,0,7,1,Mala atención,1
VF104472,Premium,27,32,F,Viña del Mar,S10,Web,6,4,1,49240,1,0,9,1,Precio,1
VF104473,Full,19,32,M,Las Condes,S06,Web,7,4,0,29390,1,0,8,0,Poco uso,1
VF104474,Full,9,50,M,Ñuñoa,S07,App,0,0,1,30550,1,1,4,7,Se mudó,1
VF104475,Premium,18,38,M,Concepción,S10,Web,13,3,1,48920,1,0,8,0,,0
VF104476,Full,13,35,F,Puente Alto,S03,App,5,2,0,31290,0,1,8,0,,0
VF104477,Basico,14,22,F,Puente Alto,S07,Web,7,2,0,19590,1,0,10,0,,0
VF104478,Premium,11,24,F,Viña del Mar,S05,Web,9,4,1,43610,1,0,8,0,,0
VF104479,Basico,4,45,M,San Miguel,S11,Sucursal,3,1,0,19520,1,1,6,0,,0
VF104480,Premium,11,42,F,San Miguel,S07,Referido,7,2,0,45400,1,0,9,1,,0
VF104481,Full,25,25,F,La Florida,S07,Referido,4,1,1,30700,1,0,9,0,,0
VF104482,Full,15,37,M,Viña del Mar,S09,Campaña RRSS,1,0,0,29270,0,0,8,0,Precio,1
VF104483,Basico,7,28,F,La Florida,S06,Web,3,1,1,20350,1,0,4,1,,0
VF104484,Basico,34,35,M,Puente Alto,S07,Referido,4,1,0,19910,0,0,7,0,Poco uso,1
VF104485,Basico,14,50,M,Maipú,S01,Referido,6,2,1,20560,0,0,7,0,,0
VF104486,Premium,27,38,F,San Miguel,S06,App,9,2,0,44160,1,1,10,1,Precio,1
VF104487,Premium,15,34,M,Puente Alto,S02,Campaña RRSS,8,4,0,46950,1,0,10,1,,0
VF104488,Full,41,37,M,San Miguel,S07,Web,5,2,0,29200,1,1,7,0,,0
VF104489,Basico,31,41,M,San Miguel,S05,Web,4,1,0,20490,1,1,5,0,,0
VF104490,Basico,22,44,F,Vitacura,S04,App,2,1,0,20040,0,0,10,1,,0
VF104491,Full,20,39,M,Maipú,S02,App,8,3,1,28220,1,1,7,0,,0
VF104492,Full,40,31,M,Las Condes,S10,App,10,6,0,30310,0,0,9,1,,0
VF104493,Full,34,42,F,Las Condes,S05,Sucursal,8,2,0,29900,1,0,6,0,Se cambió de gimnasio,1
VF104494,Basico,13,50,F,San Miguel,S01,Campaña RRSS,2,0,1,21930,1,0,5,1,Se cambió de gimnasio,1
VF104495,Full,41,35,F,Maipú,S10,Web,3,0,0,29530,0,1,10,0,,0
VF104496,Premium,25,32,F,Temuco,S06,Sucursal,12,5,0,45650,1,0,7,0,,0
VF104497,Basico,8,37,F,Santiago,S01,Sucursal,6,2,0,19900,1,1,8,1,Precio,1
VF104498,Premium,6,35,F,La Florida,S09,Referido,6,4,0,45940,1,0,8,0,,0
VF104499,Basico,27,26,F,Temuco,S03,Sucursal,3,1,0,19430,1,0,10,0,,0
VF104500,Full,36,23,F,Ñuñoa,S09,Web,11,5,1,30810,0,1,6,1,,0
VF104501,Full,23,54,M,San Miguel,S11,Web,5,1,0,30640,1,3,4,0,Se mudó,1
VF104502,Basico,21,44,M,San Miguel,S05,Sucursal,5,1,1,20340,0,0,6,0,,0
VF104503,Basico,38,29,F,Santiago,S10,Referido,4,2,1,20340,1,1,8,0,,0
VF104504,Premium,23,27,F,San Miguel,S06,Sucursal,5,1,0,46040,0,1,8,1,Se mudó,1
VF104505,Full,4,42,F,Providencia,S08,Web,6,2,1,29720,1,0,7,1,,0
VF104506,Basico,19,22,F,La Florida,S01,App,0,0,0,20910,0,2,6,3,,0
VF104507,Full,15,21,M,Vitacura,S12,Sucursal,4,2,0,29390,0,1,7,0,,0
VF104508,Premium,34,36,M,Santiago,S08,Web,11,4,0,44320,0,0,4,0,,0
VF104509,Basico,33,53,F,Providencia,S07,Campaña RRSS,3,1,0,19900,0,0,10,0,,0
VF104510,Basico,36,42,M,Vitacura,S03,Referido,2,1,1,20910,0,1,8,1,,0
VF104511,Full,8,26,F,Temuco,S08,Referido,9,4,0,31250,1,0,7,1,,0
VF104512,Basico,28,40,F,Temuco,S05,Referido,2,1,0,20710,0,0,7,0,,0
VF104513,Basico,11,35,F,Vitacura,S01,Referido,0,0,0,20140,1,2,8,6,,0
VF104514,Full,11,20,F,Santiago,S05,App,8,2,0,30220,1,0,5,0,,0
VF104515,Full,71,30,F,Providencia,S10,Web,8,2,0,28480,0,0,6,1,,0
VF104516,Premium,10,32,M,Concepción,S09,Sucursal,8,2,0,46630,1,0,8,1,,0
VF104517,Full,28,45,M,Vitacura,S10,Sucursal,9,2,0,29900,1,0,5,1,,0
VF104518,Full,6,37,F,Puente Alto,S05,App,7,3,1,29920,1,1,4,0,,0
VF104519,Full,36,36,F,Las Condes,S11,App,4,2,0,29020,0,0,9,1,,0
VF104520,Basico,17,46,F,Ñuñoa,S08,Referido,6,3,1,20000,1,2,6,1,,0
VF104521,Basico,5,53,M,Viña del Mar,S09,App,1,0,0,21130,0,1,7,0,Poco uso,1
VF104522,Basico,19,55,F,Viña del Mar,S10,App,1,0,1,19240,0,1,7,0,,0
VF104523,Full,25,25,F,Maipú,S12,Web,10,4,1,31070,0,0,6,0,,0
VF104524,Basico,11,48,F,San Miguel,S06,Sucursal,4,1,1,19720,0,0,7,0,Se cambió de gimnasio,1
VF104525,Basico,23,35,F,Providencia,S05,Sucursal,3,2,0,19350,0,0,10,0,,0
VF104526,Full,17,29,F,Maipú,S09,App,7,4,1,29800,1,0,3,0,,0
VF104527,Full,40,43,M,Ñuñoa,S11,Web,6,1,0,30230,1,0,7,1,,0
VF104528,Premium,17,39,F,La Florida,S03,Sucursal,8,3,1,45270,0,0,6,0,,0
VF104529,Basico,23,30,M,Ñuñoa,S12,Referido,1,0,0,19050,1,2,8,1,Se cambió de gimnasio,1
VF104530,Basico,27,52,M,San Miguel,S08,App,4,1,0,18770,1,1,5,1,,0
VF104531,Basico,16,29,M,Concepción,S10,Web,3,1,0,19990,0,1,7,0,Se cambió de gimnasio,1
VF104532,Full,18,40,M,Providencia,S06,Sucursal,5,1,0,29820,1,1,9,0,,0
VF104533,Basico,9,29,F,Puente Alto,S05,Web,2,0,1,19550,0,0,10,0,,0
VF104534,Premium,22,44,M,Concepción,S12,Web,11,3,0,45650,1,0,4,0,,0
VF104535,Basico,8,25,M,Temuco,S04,Referido,3,1,2,20720,1,0,7,1,,0
VF104536,Full,33,16,F,Santiago,S07,Referido,4,0,0,29240,1,0,5,0,,0
VF104537,Basico,18,38,F,Puente Alto,S05,Sucursal,0,0,0,20660,1,0,9,1,,0
VF104538,Full,32,25,F,Santiago,S11,Referido,4,1,0,30570,0,0,10,0,,0
VF104539,Basico,30,16,F,Viña del Mar,S10,Sucursal,5,3,0,18190,0,0,9,0,,0
VF104540,Basico,65,16,M,Santiago,S08,Web,5,3,2,19630,1,1,5,0,,0
VF104541,Full,10,30,F,Providencia,S08,Referido,4,1,0,30050,0,0,7,1,Precio,1
VF104542,Basico,17,36,F,Viña del Mar,S11,App,0,0,0,20590,1,1,8,4,Precio,1
VF104543,Full,4,18,F,Santiago,S02,App,5,3,0,29530,1,0,10,0,,0
VF104544,Full,12,40,F,La Florida,S11,Web,7,3,0,30570,1,0,6,0,Poco uso,1
VF104545,Premium,16,28,Otro,Las Condes,S03,Campaña RRSS,11,7,0,49670,1,1,10,0,,0
VF104546,Full,45,29,F,Las Condes,S03,Sucursal,8,2,1,30480,1,0,5,1,,0
VF104547,Basico,36,25,M,Santiago,S08,Sucursal,4,2,1,20490,1,1,9,0,,0
VF104548,Full,8,33,M,Providencia,S01,Referido,5,2,1,28570,0,1,8,1,Poco uso,1
VF104549,Full,13,20,F,Providencia,S02,Web,1,0,1,30300,0,2,7,0,,0
VF104550,Premium,72,39,M,Ñuñoa,S11,Campaña RRSS,8,3,0,47620,1,0,8,1,,0
VF104551,Full,69,43,M,Viña del Mar,S01,Referido,10,4,0,30220,1,0,10,0,,0
VF104552,Full,43,24,M,Concepción,S02,Web,16,5,2,29070,1,0,5,1,,0
VF104553,Basico,8,25,F,San Miguel,S01,Web,1,0,0,19630,1,1,6,0,,0
VF104554,Premium,38,45,M,Viña del Mar,S03,App,11,2,0,45020,1,0,8,0,,0
VF104555,Basico,15,33,F,Providencia,S08,Sucursal,0,0,1,21230,1,0,9,2,,0
VF104556,Full,12,51,F,Providencia,S03,Campaña RRSS,3,1,1,29350,1,0,9,0,,0
VF104557,Full,14,40,M,Concepción,S10,Referido,4,2,2,30230,1,0,8,1,,0
VF104558,Basico,13,24,M,Providencia,S01,Referido,6,2,1,20280,1,0,6,1,,0
VF104559,Basico,14,30,F,Las Condes,S03,Web,9,5,0,18920,1,1,8,0,Se mudó,1
VF104560,Basico,16,29,F,Viña del Mar,S06,Sucursal,0,0,1,20440,0,2,4,4,,0
VF104561,Basico,22,25,M,Maipú,S08,Web,4,0,0,19550,1,1,6,1,,0
VF104562,Premium,13,18,M,Las Condes,S10,Sucursal,6,4,1,44920,0,0,8,1,Poco uso,1
VF104563,Basico,14,53,M,Concepción,S01,App,0,0,1,19470,1,3,10,3,Precio,1
VF104564,Full,12,24,F,Ñuñoa,S05,Web,7,3,1,29720,1,0,8,0,,0
VF104565,Basico,46,41,M,Concepción,S03,Referido,4,1,0,18910,0,0,10,0,,0
VF104566,Full,8,36,F,Puente Alto,S02,Web,7,4,0,28160,1,0,10,0,,0
VF104567,Basico,13,53,F,Ñuñoa,S06,Sucursal,3,0,0,19780,1,0,7,0,,0
VF104568,Full,21,33,F,Concepción,S02,Web,6,3,1,30740,1,1,9,1,Se mudó,1
VF104569,Full,16,40,F,Ñuñoa,S04,Sucursal,9,3,0,30170,1,0,9,1,,0
VF104570,Basico,12,47,M,Providencia,S07,Referido,7,4,0,20180,1,0,9,0,,0
VF104571,Premium,18,47,M,Concepción,S03,Referido,11,2,0,48570,1,0,8,0,,0
VF104572,Basico,19,39,M,Ñuñoa,S09,App,4,1,1,19100,0,0,9,1,,0
VF104573,Full,14,42,F,Maipú,S01,Sucursal,9,5,0,30450,0,0,10,0,,0
VF104574,Full,25,52,M,Maipú,S01,Web,8,2,1,30400,1,0,9,0,,0
VF104575,Full,10,35,F,Concepción,S12,App,8,3,0,31260,0,0,8,1,Poco uso,1
VF104576,Basico,8,23,M,San Miguel,S01,Web,0,0,1,19560,0,2,6,2,,0
VF104577,Basico,16,29,M,Puente Alto,S11,App,7,3,0,20050,1,0,6,0,,0
VF104578,Basico,8,18,M,Viña del Mar,S02,Web,3,1,0,18610,0,1,8,1,,0
VF104579,Full,28,32,M,Las Condes,S07,Referido,9,6,2,29020,1,0,6,1,,0
VF104580,Premium,7,31,F,Temuco,S06,Sucursal,10,5,0,47000,0,0,7,1,,0
VF104581,Basico,1,46,M,Puente Alto,S09,Web,1,0,2,20960,0,0,6,0,,0
VF104582,Basico,13,16,F,Concepción,S06,App,2,0,1,20370,0,1,4,1,Mala atención,1
VF104583,Full,9,32,F,Ñuñoa,S09,Sucursal,11,3,0,29940,1,0,8,1,,0
VF104584,Full,30,31,M,Las Condes,S12,Referido,7,3,2,30630,1,0,9,1,,0
VF104585,Full,8,32,F,Las Condes,S06,App,3,1,0,30350,0,0,7,1,,0
VF104586,Full,15,20,M,Maipú,S02,Referido,9,4,0,31060,1,1,6,1,,0
VF104587,Full,12,16,F,Santiago,S07,App,4,1,0,29170,1,0,10,1,,0
VF104588,Full,8,31,F,Santiago,S01,Campaña RRSS,7,4,0,28640,1,0,5,1,,0
VF104589,Basico,4,28,F,La Florida,S08,Sucursal,3,1,0,21010,0,1,10,0,Se cambió de gimnasio,1
VF104590,Full,9,31,M,Temuco,S12,Web,3,0,2,29370,1,1,5,1,Precio,1
VF104591,Full,7,42,M,Las Condes,S08,Campaña RRSS,7,4,0,28100,1,0,9,0,Salud,1
VF104592,Full,2,38,M,Las Condes,S10,Web,11,6,2,30000,1,0,7,0,Se cambió de gimnasio,1
VF104593,Full,23,32,F,Maipú,S12,App,13,8,0,30740,1,0,7,0,,0
VF104594,Basico,30,37,M,Vitacura,S06,App,0,0,0,19870,1,2,10,7,Precio,1
VF104595,Basico,14,37,M,Las Condes,S08,Referido,3,1,0,19380,0,0,9,0,,0
VF104596,Full,22,16,F,San Miguel,S04,Web,10,4,1,30330,1,0,6,1,,0
VF104597,Basico,3,44,M,Concepción,S08,Campaña RRSS,3,0,0,20250,0,1,6,1,,0
VF104598,Basico,13,34,F,La Florida,S02,Web,4,1,0,19190,0,0,7,1,,0
VF104599,Full,14,29,M,Santiago,S08,Web,7,3,2,29760,1,0,8,0,,0
VF104600,Premium,15,34,F,Maipú,S10,Referido,8,2,1,45270,0,0,4,0,Se cambió de gimnasio,1
VF104601,Basico,54,45,F,Providencia,S05,Referido,5,2,0,20390,0,2,9,0,,0
VF104602,Basico,22,49,F,Providencia,S05,Web,3,0,1,19620,1,0,8,1,,0
VF104603,Full,25,37,F,Temuco,S04,App,8,1,0,30350,1,0,9,0,,0
VF104604,Basico,22,38,M,Temuco,S02,Referido,1,0,1,19860,0,1,9,0,,0
VF104605,Full,25,59,F,La Florida,S06,App,6,3,0,29940,1,0,8,0,,0
VF104606,Basico,22,45,M,Providencia,S07,Campaña RRSS,11,3,0,21080,1,0,9,1,,0
VF104607,Basico,25,38,Otro,La Florida,S07,Referido,5,1,0,20180,0,0,7,0,,0
VF104608,Full,15,30,F,Viña del Mar,S02,Web,12,8,1,29740,0,0,10,0,,0
VF104609,Basico,19,37,M,Puente Alto,S11,Sucursal,4,1,0,20420,0,0,9,1,,0
VF104610,Basico,9,35,F,Providencia,S04,Referido,2,1,2,19540,0,1,5,1,,0
VF104611,Basico,27,22,F,San Miguel,S01,Campaña RRSS,7,2,1,19870,1,1,8,0,Poco uso,1
VF104612,Basico,14,42,F,Ñuñoa,S10,App,4,2,0,19900,1,1,5,1,,0
VF104613,Full,5,37,F,San Miguel,S10,Referido,6,2,0,29030,1,0,9,1,,0
VF104614,Full,10,31,M,Puente Alto,S11,Referido,9,6,1,28890,0,1,8,0,,0
VF104615,Full,10,28,F,Temuco,S04,Sucursal,9,3,0,29690,0,1,8,0,,0
VF104616,Premium,10,20,M,Temuco,S06,App,9,5,0,47300,1,0,8,0,,0
VF104617,Basico,15,42,F,Puente Alto,S12,Referido,8,5,0,20700,1,1,7,1,Mala atención,1
VF104618,Basico,18,38,F,Maipú,S02,Web,1,0,0,20110,0,0,6,1,,0
VF104619,Full,16,36,F,Maipú,S06,Web,6,4,0,30900,1,0,10,0,,0
VF104620,Basico,36,16,M,Temuco,S07,Web,3,0,1,20440,0,1,7,0,,0
VF104621,Basico,13,38,F,Ñuñoa,S05,Web,4,2,1,19710,1,0,10,0,,0
VF104622,Full,21,27,F,Vitacura,S05,App,12,4,0,30230,1,0,10,0,,0
VF104623,Full,13,37,F,Santiago,S09,Referido,7,1,1,30690,0,1,5,0,,0
VF104624,Premium,34,27,M,Santiago,S09,Campaña RRSS,10,4,0,45680,0,0,8,0,,0
VF104625,Premium,36,22,F,Providencia,S11,Sucursal,9,2,0,45870,1,1,6,1,,0
VF104626,Basico,38,37,F,Temuco,S09,Web,5,2,0,20390,0,0,3,0,Mala atención,1
VF104627,Premium,36,28,M,Santiago,S07,Campaña RRSS,11,4,0,45350,1,0,5,0,,0
VF104628,Basico,2,30,M,Concepción,S12,Sucursal,5,3,1,19530,1,0,4,1,Poco uso,1
VF104629,Full,34,31,F,Santiago,S04,Referido,7,1,0,30330,1,0,8,1,,0
VF104630,Full,6,26,F,Temuco,S05,Sucursal,3,0,0,28300,0,0,0,1,,0
VF104631,Full,45,33,M,La Florida,S11,Referido,6,1,0,29870,1,0,9,0,,0
VF104632,Premium,25,16,F,Providencia,S03,Referido,4,1,0,44990,1,0,7,1,,0
VF104633,Full,29,38,F,Vitacura,S12,Sucursal,4,1,0,29230,0,0,4,0,,0
VF104634,Basico,2,21,F,Vitacura,S11,Web,6,1,0,19870,0,0,7,0,,0
VF104635,Basico,6,51,M,Vitacura,S08,Web,11,7,0,20120,1,1,6,0,,0
VF104636,Basico,41,58,M,Providencia,S10,App,8,5,2,19560,0,1,10,0,,0
VF104637,Basico,29,29,M,Vitacura,S12,Sucursal,5,2,1,20000,1,0,6,0,,0
VF104638,Full,15,19,F,Concepción,S10,Web,5,2,0,30920,1,0,8,0,,0
VF104639,Full,4,27,M,Viña del Mar,S02,App,6,4,1,30190,1,0,8,1,,0
VF104640,Basico,44,25,F,San Miguel,S07,Web,4,2,0,21250,1,0,7,1,Poco uso,1
VF104641,Full,15,20,F,Temuco,S06,App,7,1,0,30050,1,0,5,1,Se cambió de gimnasio,1
VF104642,Basico,19,24,F,Viña del Mar,S05,Referido,2,1,0,20910,0,1,8,1,,0
VF104643,Basico,18,25,F,Providencia,S11,Sucursal,2,1,0,19120,1,1,10,0,Se cambió de gimnasio,1
VF104644,Full,26,26,F,La Florida,S10,Web,3,1,1,31590,1,0,7,1,Salud,1
VF104645,Premium,23,28,F,Las Condes,S05,Referido,8,2,1,47500,1,0,10,1,,0
VF104646,Basico,17,28,F,San Miguel,S02,Referido,8,2,0,20810,0,0,5,0,,0
VF104647,Basico,47,16,F,Puente Alto,S08,Referido,5,1,1,21050,0,2,8,1,,0
VF104648,Basico,5,34,M,Viña del Mar,S07,Web,2,0,1,20390,1,1,10,1,,0
VF104649,Premium,27,38,F,Las Condes,S07,Referido,13,8,1,46320,1,0,10,1,,0
VF104650,Premium,53,19,M,Viña del Mar,S07,Sucursal,6,2,0,45020,1,1,7,1,,0
VF104651,Full,15,26,M,Viña del Mar,S12,Web,4,1,0,30320,0,0,10,0,,0
VF104652,Premium,22,39,M,Concepción,S03,App,6,3,0,44290,1,0,6,0,,0
VF104653,Basico,40,16,Otro,Las Condes,S10,Referido,8,1,0,20070,1,0,6,0,,0
VF104654,Basico,10,34,F,Concepción,S02,Sucursal,8,2,1,19180,0,0,7,1,,0
VF104655,Full,24,42,M,Santiago,S08,Sucursal,5,2,1,29620,1,0,6,0,,0
VF104656,Full,17,41,M,La Florida,S03,App,7,4,0,30550,1,0,9,0,,0
VF104657,Basico,26,34,M,San Miguel,S09,Web,3,0,0,19660,1,0,6,0,,0
VF104658,Full,15,42,M,Vitacura,S09,Referido,6,4,0,27010,0,0,6,1,,0
VF104659,Premium,8,24,F,Viña del Mar,S01,Web,9,4,1,43880,1,0,9,0,,0
VF104660,Premium,39,37,F,Santiago,S05,Sucursal,5,1,0,48110,1,0,8,0,,0
VF104661,Full,16,37,M,Ñuñoa,S02,Web,8,3,0,30740,1,1,5,0,Mala atención,1
VF104662,Basico,8,35,M,Maipú,S09,Referido,6,3,0,19440,0,0,7,1,,0
VF104663,Full,6,57,F,Providencia,S06,Campaña RRSS,7,4,0,29370,1,0,10,0,,0
VF104664,Premium,33,25,M,Puente Alto,S04,Sucursal,11,2,0,49030,1,1,8,0,,0
VF104665,Basico,13,16,F,Concepción,S03,Campaña RRSS,0,0,1,19590,1,2,6,2,,0
VF104666,Full,3,41,M,Ñuñoa,S09,App,10,2,1,29830,1,0,9,1,,0
VF104667,Premium,25,31,F,La Florida,S11,Sucursal,5,2,0,45140,0,0,6,0,,0
VF104668,Basico,9,16,M,Las Condes,S06,Referido,5,2,0,20030,0,0,8,1,,0
VF104669,Basico,45,36,F,Concepción,S09,Referido,2,1,0,20750,0,0,5,1,,0
VF104670,Full,16,56,F,Maipú,S05,Referido,7,2,0,31390,1,1,6,1,,0
VF104671,Premium,18,37,M,San Miguel,S03,Referido,6,1,0,45780,1,0,9,1,,0
VF104672,Basico,96,46,F,Concepción,S02,App,2,0,2,19930,0,0,5,0,,0
VF104673,Basico,41,21,F,Vitacura,S09,Web,5,1,0,20210,0,0,4,0,,0
VF104674,Full,7,45,M,Temuco,S03,Campaña RRSS,7,1,1,28840,1,0,4,0,,0
VF104675,Basico,19,29,M,Las Condes,S07,Campaña RRSS,6,2,0,19650,0,1,8,1,,0
VF104676,Basico,25,36,M,Ñuñoa,S12,App,6,1,2,19320,1,0,8,0,,0
VF104677,Basico,34,24,M,Vitacura,S12,App,5,2,0,20030,1,0,10,0,,0
VF104678,Full,32,24,F,Puente Alto,S10,App,10,6,0,27350,1,0,10,1,,0
VF104679,Full,38,35,F,Concepción,S06,App,7,1,0,31500,0,0,7,0,Poco uso,1
VF104680,Basico,25,26,M,Santiago,S11,Web,4,2,0,20370,0,1,9,0,,0
VF104681,Full,8,46,Otro,Concepción,S07,Web,5,1,2,30620,1,0,6,0,,0
VF104682,Full,9,36,F,Concepción,S07,Campaña RRSS,5,1,2,30380,1,0,10,1,,0
VF104683,Basico,25,40,F,Viña del Mar,S09,App,3,1,0,18710,0,0,8,1,,0
VF104684,Full,14,27,M,Temuco,S06,Sucursal,3,0,1,30530,0,1,5,0,Se cambió de gimnasio,1
VF104685,Basico,20,52,M,Vitacura,S06,App,5,2,1,18930,0,0,10,1,,0
VF104686,Basico,26,34,F,Concepción,S10,App,3,2,0,20270,0,1,9,0,Precio,1
VF104687,Premium,21,33,M,Viña del Mar,S03,Referido,9,4,0,45390,1,0,9,1,,0
VF104688,Basico,19,39,M,Concepción,S08,Sucursal,3,2,2,20490,0,0,8,1,,0
VF104689,Basico,19,45,F,Maipú,S06,Sucursal,5,2,1,20240,1,1,5,1,,0
VF104690,Full,89,52,F,Providencia,S02,App,9,5,0,30520,0,0,8,0,,0
VF104691,Full,15,25,M,Maipú,S12,Referido,8,3,1,29810,1,0,6,0,,0
VF104692,Full,28,47,M,Concepción,S11,Campaña RRSS,9,4,1,30660,1,1,4,1,,0
VF104693,Premium,4,16,F,Santiago,S08,Referido,6,2,1,46320,1,0,5,0,,0
VF104694,Basico,13,42,M,Maipú,S12,Campaña RRSS,0,0,1,20430,1,0,10,3,Se mudó,1
VF104695,Basico,64,46,F,San Miguel,S04,Sucursal,7,2,0,19540,0,1,6,0,,0
VF104696,Basico,27,37,F,Ñuñoa,S07,Campaña RRSS,3,1,0,20980,1,0,8,1,,0
VF104697,Full,32,58,F,San Miguel,S09,Web,12,2,0,29780,0,0,7,0,,0
VF104698,Basico,36,44,F,Concepción,S06,Web,1,0,0,19500,0,2,5,0,,0
VF104699,Basico,7,22,F,Maipú,S12,Web,3,1,1,19340,1,1,5,1,,0
VF104700,Full,8,31,F,La Florida,S03,App,13,3,0,29690,1,0,10,1,,0
VF104701,Basico,10,39,M,Vitacura,S04,Sucursal,2,1,0,20470,1,0,5,0,,0
VF104702,Full,18,34,M,Santiago,S02,Web,4,0,1,28640,1,1,8,0,Precio,1
VF104703,Basico,8,42,F,Ñuñoa,S12,Sucursal,6,3,0,19660,0,0,5,0,,0
VF104704,Full,8,27,M,Las Condes,S03,Web,5,2,0,30040,1,0,10,1,,0
VF104705,Full,24,31,M,Vitacura,S04,Web,5,1,1,30180,1,0,6,1,,0
VF104706,Basico,19,30,M,Providencia,S07,Campaña RRSS,2,0,0,18730,0,1,7,1,,0
VF104707,Premium,27,16,F,Santiago,S10,Web,5,2,0,44480,1,0,6,0,,0
VF104708,Full,27,28,F,Ñuñoa,S08,Referido,6,2,2,27410,1,0,9,1,,0
VF104709,Basico,31,30,F,Puente Alto,S10,Web,4,1,1,19840,0,0,7,0,,0
VF104710,Premium,13,16,M,Concepción,S01,App,13,6,1,46020,1,0,5,1,Salud,1
VF104711,Premium,19,25,M,Temuco,S04,Web,15,10,0,44980,1,1,8,1,,0
VF104712,Full,11,37,F,La Florida,S12,Referido,7,2,0,29520,0,2,7,1,,0
VF104713,Basico,15,33,M,Providencia,S03,Sucursal,4,2,0,20380,0,1,7,0,,0
VF104714,Full,12,16,M,San Miguel,S02,Web,8,4,0,31380,1,1,6,1,Precio,1
VF104715,Full,7,59,F,La Florida,S09,Sucursal,9,2,0,29430,0,0,7,0,Poco uso,1
VF104716,Premium,26,28,M,Viña del Mar,S07,Sucursal,9,3,0,44710,0,0,6,1,,0
VF104717,Basico,28,41,M,San Miguel,S04,Referido,6,2,1,20680,0,0,6,0,,0
VF104718,Basico,20,16,F,Temuco,S09,Campaña RRSS,5,1,0,20470,1,0,10,0,,0
VF104719,Full,10,28,M,Concepción,S09,Campaña RRSS,8,1,3,31180,0,0,8,0,,0
VF104720,Full,7,34,F,San Miguel,S07,Web,11,4,1,29780,0,0,9,1,,0
VF104721,Full,17,45,M,Santiago,S10,Web,10,4,0,28780,0,2,3,0,,0
VF104722,Basico,10,21,M,Viña del Mar,S04,Referido,0,0,0,20250,1,1,8,7,Precio,1
VF104723,Full,34,19,F,Puente Alto,S05,Web,12,2,0,30640,1,0,5,1,,0
VF104724,Full,33,42,M,Providencia,S04,Sucursal,7,4,0,29920,1,1,6,1,Mala atención,1
VF104725,Basico,21,29,F,Santiago,S04,Sucursal,5,2,0,19890,0,0,5,1,,0
VF104726,Full,16,41,F,Concepción,S05,Web,5,1,1,29840,1,0,6,1,,0
VF104727,Basico,8,45,M,Ñuñoa,S12,Web,7,3,1,20330,1,0,10,0,,0
VF104728,Basico,4,44,F,Concepción,S08,App,0,0,0,20770,0,1,9,2,,0
VF104729,Basico,18,38,F,Providencia,S11,Sucursal,6,1,0,20070,1,0,7,1,,0
VF104730,Basico,19,32,M,San Miguel,S05,Campaña RRSS,0,0,0,20110,0,1,5,2,Se mudó,1
VF104731,Full,20,29,M,La Florida,S09,Campaña RRSS,9,5,1,29060,0,0,8,1,,0
VF104732,Basico,30,48,M,Temuco,S02,App,4,0,0,19420,0,0,7,0,,0
VF104733,Basico,28,37,M,San Miguel,S03,Web,0,0,1,19100,0,0,7,2,,0
VF104734,Full,16,40,M,Las Condes,S10,Campaña RRSS,6,3,0,30840,1,0,10,0,,0
VF104735,Basico,7,32,M,Temuco,S02,App,2,0,0,20170,0,1,6,1,,0
VF104736,Premium,10,45,M,Las Condes,S10,App,9,3,0,45990,1,0,7,1,Precio,1
VF104737,Full,14,32,M,Temuco,S08,App,8,2,0,29560,1,0,7,1,,0
VF104738,Full,19,49,M,Vitacura,S05,Referido,9,2,0,30060,1,0,10,1,,0
VF104739,Full,19,28,F,Santiago,S01,Web,5,2,0,30370,1,1,9,1,,0
VF104740,Basico,36,42,M,La Florida,S04,App,2,1,0,20480,0,0,8,0,,0
VF104741,Basico,27,28,F,La Florida,S05,Referido,1,0,0,20340,0,0,8,1,Mala atención,1
VF104742,Full,47,29,F,Viña del Mar,S04,Sucursal,9,2,0,30140,1,1,10,1,,0
VF104743,Basico,43,44,M,Santiago,S05,Referido,4,1,0,19910,1,0,10,1,,0
VF104744,Full,8,32,M,Santiago,S08,Sucursal,7,2,1,30680,1,1,6,1,,0
VF104745,Full,8,39,F,Las Condes,S07,Web,8,4,0,29360,1,0,8,0,,0
VF104746,Full,19,42,F,San Miguel,S12,Web,7,2,0,30000,1,0,8,1,,0
VF104747,Basico,30,44,M,Ñuñoa,S07,App,7,2,0,20360,1,0,9,0,,0
VF104748,Basico,7,34,M,Las Condes,S12,Referido,8,4,0,20320,0,0,8,1,,0
VF104749,Full,5,30,F,Viña del Mar,S10,Web,8,4,0,29320,1,0,6,0,,0
VF104750,Basico,31,33,F,Las Condes,S06,Web,7,3,1,20000,0,0,7,1,,0
VF104751,Premium,30,29,M,Viña del Mar,S10,Referido,18,10,0,45740,1,0,10,1,,0
VF104752,Basico,8,53,F,La Florida,S10,Web,4,2,0,19650,0,0,5,0,,0
VF104753,Basico,9,39,F,Vitacura,S11,Sucursal,5,1,0,20400,1,0,10,0,Precio,1
VF104754,Full,35,36,F,Providencia,S01,Campaña RRSS,6,3,1,30500,1,0,6,1,,0
VF104755,Basico,3,27,F,Maipú,S12,Referido,7,2,0,21040,0,0,8,0,,0
VF104756,Basico,10,37,M,Concepción,S02,Campaña RRSS,4,0,0,20540,1,0,10,0,Salud,1
VF104757,Full,17,48,M,Viña del Mar,S09,Web,5,2,0,28280,1,0,10,1,,0
VF104758,Basico,25,32,M,Ñuñoa,S05,Web,3,1,2,20140,1,1,5,0,,0
VF104759,Premium,24,35,F,Temuco,S10,Campaña RRSS,3,2,0,45570,1,0,6,1,Se cambió de gimnasio,1
VF104760,Basico,25,18,M,Santiago,S03,App,8,4,0,20500,1,0,9,1,,0
VF104761,Basico,21,40,M,Ñuñoa,S12,App,1,0,0,18860,0,1,8,0,,0
VF104762,Basico,36,26,F,Providencia,S09,Web,6,3,2,20960,0,0,8,1,,0
VF104763,Basico,19,46,M,La Florida,S07,App,5,3,0,18730,0,1,6,0,,0
VF104764,Full,36,24,M,Las Condes,S03,App,10,4,1,29470,1,0,5,0,,0
VF104765,Basico,30,32,M,Puente Alto,S04,App,4,0,0,19180,0,0,8,1,,0
VF104766,Full,26,43,F,San Miguel,S12,App,7,1,1,29350,1,0,8,0,Mala atención,1
VF104767,Premium,15,46,F,San Miguel,S05,Sucursal,10,6,0,44430,1,1,9,0,Precio,1
VF104768,Full,21,20,M,Providencia,S04,Web,5,2,0,30010,1,0,5,1,Salud,1
VF104769,Basico,11,22,M,Puente Alto,S09,Web,8,5,0,18930,0,0,8,1,,0
VF104770,Premium,16,49,F,Ñuñoa,S10,App,13,4,1,47570,1,0,6,1,Salud,1
VF104771,Basico,22,43,F,Vitacura,S12,Web,0,0,0,19790,1,0,9,7,Se cambió de gimnasio,1
VF104772,Full,16,59,F,Las Condes,S02,Web,6,1,1,31460,1,1,9,1,,0
VF104773,Full,24,27,F,Providencia,S03,Web,7,4,0,31610,0,0,9,1,,0
VF104774,Full,18,35,F,La Florida,S08,Referido,4,2,0,31700,1,2,7,0,,0
VF104775,Basico,3,35,M,Viña del Mar,S11,Sucursal,7,2,0,20070,1,2,7,1,Poco uso,1
VF104776,Full,4,16,M,Las Condes,S05,App,7,3,1,29530,0,0,8,0,,0
VF104777,Basico,6,16,M,Providencia,S01,Campaña RRSS,6,3,0,20390,1,0,9,0,,0
VF104778,Basico,9,53,M,Concepción,S07,App,2,0,0,19650,1,2,10,1,,0
VF104779,Basico,10,24,M,Las Condes,S02,Sucursal,4,1,0,20150,0,0,7,0,,0
VF104780,Full,26,32,M,Providencia,S08,Campaña RRSS,3,1,0,29460,1,1,6,1,,0
VF104781,Full,14,27,M,Concepción,S06,App,8,2,1,29640,1,0,6,0,,0
VF104782,Full,8,38,F,Ñuñoa,S08,Sucursal,7,2,0,30210,1,0,10,0,,0
VF104783,Basico,36,25,M,Maipú,S09,Sucursal,2,0,2,19610,0,2,5,0,,0
VF104784,Basico,40,53,F,Vitacura,S11,App,5,1,1,20860,1,0,10,0,,0
VF104785,Full,16,28,F,Temuco,S05,Sucursal,3,0,0,28340,1,0,8,0,Precio,1
VF104786,Basico,26,41,M,San Miguel,S11,App,0,0,0,19180,1,0,5,6,Se mudó,1
VF104787,Basico,13,30,Otro,Providencia,S09,Sucursal,2,1,0,19800,1,3,3,0,,0
VF104788,Full,32,30,M,Vitacura,S12,Campaña RRSS,8,3,0,30490,1,0,8,0,,0
VF104789,Basico,22,22,F,Providencia,S10,App,0,0,1,19840,0,0,9,3,,0
VF104790,Full,17,44,F,Temuco,S05,Referido,2,1,1,29820,1,0,8,0,,0
VF104791,Basico,21,40,M,Santiago,S11,App,3,1,0,19950,1,1,7,1,,0
VF104792,Full,32,40,F,Vitacura,S03,App,7,2,0,29450,1,0,4,0,,0
VF104793,Basico,21,39,F,Providencia,S02,Campaña RRSS,4,0,1,18700,0,0,9,0,,0
VF104794,Basico,9,47,M,Las Condes,S10,Web,3,1,0,20500,1,0,6,0,,0
VF104795,Basico,21,27,F,Viña del Mar,S12,Sucursal,4,1,0,18200,0,1,7,1,,0
VF104796,Full,12,54,F,Temuco,S06,Sucursal,4,0,0,29460,1,0,5,0,,0
VF104797,Basico,55,33,F,Santiago,S12,Sucursal,9,5,0,19160,1,0,10,0,,0
VF104798,Full,6,28,F,Concepción,S04,Campaña RRSS,9,2,0,30530,1,0,10,0,,0
VF104799,Basico,36,33,F,Vitacura,S04,Web,4,1,0,19690,1,0,9,0,Se mudó,1
VF104800,Basico,12,28,M,Vitacura,S11,Campaña RRSS,2,0,0,19550,1,1,7,1,,0
VF104801,Full,23,22,F,Providencia,S10,Campaña RRSS,9,4,0,28850,1,0,8,1,,0
VF104802,Basico,19,42,F,La Florida,S01,App,0,0,1,20390,1,0,7,3,,0
VF104803,Basico,21,39,F,Las Condes,S07,Web,2,0,0,20580,0,2,8,1,,0
VF104804,Basico,11,40,M,Las Condes,S02,Sucursal,2,0,0,20080,0,1,2,0,Salud,1
VF104805,Basico,58,37,M,Las Condes,S07,App,4,2,1,20700,0,0,7,0,,0
VF104806,Premium,18,17,M,Temuco,S06,Web,9,3,0,45220,1,1,7,1,,0
VF104807,Full,6,43,M,Las Condes,S12,Referido,5,3,0,29200,1,1,6,0,,0
VF104808,Full,19,32,M,San Miguel,S04,Web,2,0,0,28790,1,1,6,0,Se mudó,1
VF104809,Basico,6,28,M,Viña del Mar,S06,Web,2,0,0,20930,0,1,4,1,Mala atención,1
VF104810,Full,8,32,M,San Miguel,S02,Campaña RRSS,5,2,0,29640,1,0,6,0,Se cambió de gimnasio,1
VF104811,Full,16,37,Otro,Puente Alto,S03,Web,6,2,0,30600,0,0,9,1,,0
VF104812,Full,12,16,F,Concepción,S07,Referido,7,2,1,30730,1,1,10,1,,0
VF104813,Basico,22,31,M,Ñuñoa,S04,App,3,1,1,19470,1,0,4,1,,0
VF104814,Full,16,36,M,La Florida,S02,Web,7,1,1,30790,1,0,10,1,,0
VF104815,Premium,16,27,F,Puente Alto,S04,App,4,0,0,46570,1,0,5,0,,0
VF104816,Basico,17,32,M,Vitacura,S09,Web,0,0,0,19450,1,2,6,6,,0
VF104817,Full,7,27,M,San Miguel,S12,Web,6,4,0,31340,0,0,10,0,,0
VF104818,Basico,28,44,M,Puente Alto,S03,Campaña RRSS,4,1,0,20260,1,0,7,1,,0
VF104819,Basico,26,29,F,Las Condes,S11,Referido,3,1,0,20140,0,0,9,1,,0
VF104820,Basico,32,34,M,Providencia,S07,Sucursal,8,3,3,19680,1,1,10,1,,0
VF104821,Full,23,49,F,Maipú,S08,Sucursal,5,1,1,28820,1,0,5,1,Salud,1
VF104822,Basico,18,37,M,Puente Alto,S03,Referido,5,1,0,19990,1,0,6,1,,0
VF104823,Premium,30,39,F,Temuco,S09,App,9,6,1,45580,1,1,6,1,,0
VF104824,Full,11,45,M,Vitacura,S08,Web,2,1,1,29180,1,1,8,0,,0
VF104825,Basico,42,41,M,Viña del Mar,S12,Web,1,0,0,18940,0,2,4,0,,0
VF104826,Basico,25,27,M,Temuco,S02,Sucursal,6,2,1,19850,0,0,7,0,,0
VF104827,Full,18,44,M,San Miguel,S10,Sucursal,3,0,0,29320,1,0,8,1,,0
VF104828,Premium,14,41,F,Las Condes,S01,Web,9,4,1,46550,1,0,5,0,,0
VF104829,Full,52,40,M,Vitacura,S05,Referido,9,2,0,30080,0,0,8,1,,0
VF104830,Basico,19,25,M,Santiago,S11,Sucursal,1,0,0,20660,0,1,7,0,,0
VF104831,Full,6,17,F,Viña del Mar,S10,Sucursal,8,3,0,29370,1,0,7,1,,0
VF104832,Basico,23,44,F,Puente Alto,S12,Web,11,6,1,20500,0,1,7,1,,0
VF104833,Premium,16,31,F,Puente Alto,S07,Sucursal,13,6,0,46890,1,0,4,0,Poco uso,1
VF104834,Basico,11,25,F,La Florida,S03,Sucursal,4,1,0,19920,0,0,8,0,,0
VF104835,Premium,38,35,M,Maipú,S01,Web,14,9,1,45830,1,0,7,0,,0
VF104836,Premium,18,37,F,Vitacura,S01,Web,12,6,0,46840,1,1,6,0,,0
VF104837,Basico,11,31,F,Providencia,S10,App,5,1,0,20080,1,2,3,1,Se cambió de gimnasio,1
VF104838,Basico,17,25,F,Las Condes,S03,App,6,3,1,20260,1,0,6,0,Precio,1
VF104839,Full,22,17,M,San Miguel,S06,Campaña RRSS,10,2,0,28880,0,0,7,1,,0
VF104840,Basico,9,44,M,Ñuñoa,S10,Sucursal,4,1,0,20690,1,0,10,1,,0
VF104841,Basico,16,41,F,Las Condes,S11,Campaña RRSS,1,0,0,20050,1,1,9,0,Mala atención,1
VF104842,Full,14,36,M,Viña del Mar,S12,Referido,13,8,1,29070,1,0,10,0,,0
VF104843,Premium,8,37,F,Temuco,S02,Sucursal,12,2,0,48310,1,0,8,1,Se cambió de gimnasio,1
VF104844,Premium,47,40,F,La Florida,S04,Referido,10,2,0,43520,1,1,10,0,,0
VF104845,Full,5,47,F,Viña del Mar,S05,Referido,9,5,1,29880,0,2,6,1,,0
VF104846,Full,23,38,M,Concepción,S03,Web,11,5,0,30970,0,0,7,0,,0
VF104847,Premium,7,28,F,Vitacura,S08,Web,7,2,0,43840,1,1,7,0,Poco uso,1
VF104848,Premium,3,22,M,Ñuñoa,S10,Sucursal,7,3,0,46350,0,0,4,1,Se cambió de gimnasio,1
VF104849,Full,27,59,F,San Miguel,S06,Sucursal,10,4,0,29430,1,0,7,0,,0
VF104850,Basico,4,21,F,Viña del Mar,S08,Sucursal,1,0,1,20480,1,0,9,1,,0
VF104851,Full,50,48,M,Concepción,S11,App,5,2,0,29340,1,1,8,1,,0
VF104852,Basico,25,44,F,Ñuñoa,S04,Referido,1,0,0,19820,0,1,5,1,,0
VF104853,Premium,1,39,M,Santiago,S12,Sucursal,9,2,1,45730,1,0,9,0,,0
VF104854,Premium,23,64,M,Providencia,S03,Web,10,6,0,46350,1,0,10,1,,0
VF104855,Full,26,36,F,Providencia,S12,Sucursal,9,6,1,28800,0,1,10,0,,0
VF104856,Full,35,46,M,Maipú,S07,Web,6,2,0,29280,1,1,7,1,,0
VF104857,Full,13,42,F,Ñuñoa,S12,Web,3,0,0,29470,0,0,9,0,,0
VF104858,Full,27,16,F,Viña del Mar,S02,Web,13,7,0,31090,1,0,8,0,,0
VF104859,Basico,27,34,F,Temuco,S09,Web,8,2,0,19900,0,0,8,0,,0
VF104860,Full,14,42,F,Vitacura,S01,Sucursal,0,0,1,30520,1,0,10,3,,0
VF104861,Full,17,24,M,Puente Alto,S10,Campaña RRSS,6,2,0,30840,1,1,3,1,,0
VF104862,Premium,7,43,F,La Florida,S02,Sucursal,10,2,0,47640,0,0,6,0,,0
VF104863,Basico,48,22,F,Vitacura,S07,Referido,5,1,1,19130,1,0,6,1,,0
VF104864,Basico,5,49,F,San Miguel,S01,Sucursal,2,0,1,20640,0,0,5,0,,0
VF104865,Basico,12,32,F,Ñuñoa,S10,App,6,2,1,19360,0,0,9,0,,0
VF104866,Full,16,56,M,Vitacura,S06,Referido,13,3,0,30250,1,0,8,1,,0
VF104867,Basico,9,32,F,Concepción,S01,Sucursal,2,1,1,19950,0,1,9,0,,0
VF104868,Full,23,41,F,Santiago,S01,Web,9,5,1,30120,1,1,7,0,Mala atención,1
VF104869,Full,7,40,F,Viña del Mar,S03,App,10,2,0,30450,1,0,8,1,Se mudó,1
VF104870,Premium,27,36,M,Maipú,S01,Sucursal,10,3,0,47170,0,0,5,0,,0
VF104871,Full,5,56,M,Viña del Mar,S10,Campaña RRSS,15,9,0,29560,1,0,5,1,,0
VF104872,Premium,17,53,M,Las Condes,S11,Sucursal,6,1,0,47420,1,0,8,1,,0
VF104873,Basico,24,51,F,Santiago,S11,Web,2,0,0,19290,0,3,5,0,,0
VF104874,Basico,7,44,F,Santiago,S02,Sucursal,3,0,0,18900,1,0,5,1,,0
VF104875,Premium,11,24,F,La Florida,S04,Campaña RRSS,5,1,1,46530,1,0,8,0,,0
VF104876,Full,20,28,M,Santiago,S01,Campaña RRSS,5,2,1,30530,1,0,10,1,,0
VF104877,Full,27,24,M,La Florida,S12,App,2,1,0,31090,1,1,10,1,,0
VF104878,Basico,11,21,F,Ñuñoa,S03,Web,2,1,1,20400,0,1,3,0,,0
VF104879,Premium,5,40,M,Las Condes,S12,App,6,3,0,45070,0,1,9,0,,0
VF104880,Basico,6,24,M,La Florida,S08,Sucursal,0,0,0,21150,0,0,10,6,,0
VF104881,Basico,28,36,F,Santiago,S03,Referido,2,0,0,19740,1,0,7,1,,0
VF104882,Basico,24,29,M,Vitacura,S05,Campaña RRSS,2,0,0,19620,1,0,7,1,Poco uso,1
VF104883,Premium,12,50,F,Concepción,S07,App,7,1,2,46050,1,0,7,0,Precio,1
VF104884,Basico,17,37,F,Temuco,S12,Referido,3,1,0,19810,1,1,8,0,,0
VF104885,Basico,28,52,M,Santiago,S06,Web,2,0,0,20490,0,2,5,0,Se cambió de gimnasio,1
VF104886,Full,33,40,M,Viña del Mar,S06,Referido,8,4,0,30520,0,1,8,0,,0
VF104887,Basico,17,36,M,Puente Alto,S04,Web,5,1,0,19940,0,1,8,1,Se mudó,1
VF104888,Full,6,71,F,San Miguel,S12,App,9,5,0,28850,1,0,8,0,,0
VF104889,Full,19,32,F,Santiago,S10,App,7,4,0,29460,1,1,6,1,,0
VF104890,Full,26,45,M,Vitacura,S11,App,5,3,0,30590,1,0,10,0,,0
VF104891,Basico,19,17,M,Puente Alto,S01,Referido,0,0,1,20420,1,0,10,7,Se cambió de gimnasio,1
VF104892,Premium,11,22,F,Ñuñoa,S01,Web,10,3,2,45870,0,0,7,0,,0
VF104893,Full,10,17,F,Providencia,S10,Sucursal,4,2,0,30750,1,0,7,0,,0
VF104894,Basico,27,29,F,Maipú,S09,Sucursal,4,1,0,19270,1,0,10,0,,0
VF104895,Basico,23,46,M,Maipú,S03,Referido,3,0,0,20360,1,0,5,1,,0
VF104896,Basico,20,47,F,Viña del Mar,S01,Sucursal,4,2,1,19600,1,0,7,1,,0
VF104897,Basico,11,40,F,Providencia,S07,Sucursal,7,4,0,20130,1,0,10,1,,0
VF104898,Basico,4,34,M,Maipú,S08,Sucursal,2,0,0,20790,1,0,7,1,,0
VF104899,Premium,6,37,M,Vitacura,S10,Campaña RRSS,9,4,1,43100,1,1,7,1,,0
VF104900,Full,30,39,Otro,Vitacura,S12,Campaña RRSS,4,0,0,29650,1,0,7,0,,0
VF104901,Basico,48,46,M,Temuco,S10,Web,4,2,0,19970,0,1,7,1,,0
VF104902,Full,39,40,M,San Miguel,S05,Web,8,2,0,28590,1,0,5,0,,0
VF104903,Basico,18,27,F,Ñuñoa,S11,Web,1,0,0,20110,0,1,7,1,,0
VF104904,Full,3,27,F,Providencia,S02,Web,4,2,0,29540,1,0,10,0,,0
VF104905,Premium,5,16,F,Ñuñoa,S02,Referido,11,3,0,46070,1,1,7,1,,0
VF104906,Full,21,32,M,Temuco,S05,App,11,2,0,28900,1,0,9,1,,0
VF104907,Basico,32,45,M,Concepción,S06,Web,6,2,0,18440,1,0,7,1,,0
VF104908,Basico,10,37,M,Maipú,S01,Sucursal,3,1,0,20070,0,0,8,1,,0
VF104909,Full,33,45,F,Santiago,S09,App,5,1,1,30010,1,0,7,0,,0
VF104910,Full,38,43,F,Ñuñoa,S12,Sucursal,6,1,0,29420,1,0,6,1,,0
VF104911,Basico,23,49,M,San Miguel,S04,App,5,1,0,19650,0,0,8,1,,0
VF104912,Basico,20,34,F,Vitacura,S03,Referido,6,2,1,21020,0,0,8,0,,0
VF104913,Basico,45,23,F,Las Condes,S12,Sucursal,2,1,1,20490,0,0,8,1,,0
VF104914,Full,28,35,F,San Miguel,S03,Web,3,1,0,29710,1,0,7,1,,0
VF104915,Full,24,37,F,Vitacura,S06,Sucursal,4,2,1,30330,1,0,10,1,,0
VF104916,Premium,11,30,F,Las Condes,S04,Campaña RRSS,10,5,1,45390,0,0,9,0,,0
VF104917,Basico,13,33,F,Puente Alto,S01,App,6,3,1,19740,1,0,9,1,,0
VF104918,Full,42,41,M,Viña del Mar,S10,Campaña RRSS,5,1,2,30210,1,0,9,0,,0
VF104919,Full,26,26,F,Las Condes,S03,Sucursal,11,5,0,30130,1,0,6,0,,0
VF104920,Basico,39,38,F,Ñuñoa,S10,Web,3,1,1,19850,1,0,10,0,,0
VF104921,Basico,18,44,F,Providencia,S06,Referido,4,1,0,19350,1,0,7,1,,0
VF104922,Basico,7,44,M,Ñuñoa,S08,Referido,9,4,0,19340,1,0,9,1,,0
VF104923,Full,18,32,F,Viña del Mar,S04,Referido,4,1,0,28750,1,0,5,1,,0
VF104924,Basico,8,16,F,San Miguel,S12,Web,4,0,0,19800,1,2,9,0,Se mudó,1
VF104925,Basico,5,38,F,Providencia,S02,Web,4,2,1,20440,1,0,6,1,,0
VF104926,Full,12,25,F,Las Condes,S08,Campaña RRSS,10,2,0,30940,0,0,5,1,,0
VF104927,Basico,22,32,M,Ñuñoa,S02,Campaña RRSS,4,2,0,20180,0,0,8,1,,0
VF104928,Full,18,37,F,Providencia,S10,Referido,6,3,1,29230,1,0,7,0,,0
VF104929,Premium,12,25,M,Temuco,S03,Campaña RRSS,17,6,1,44240,1,0,7,0,,0
VF104930,Basico,8,31,F,Maipú,S11,Referido,5,2,0,19560,0,0,5,0,,0
VF104931,Basico,7,39,M,Temuco,S06,Referido,5,1,0,20310,0,0,6,1,,0
VF104932,Basico,43,31,F,Santiago,S07,Referido,4,1,0,19740,0,0,7,0,,0
VF104933,Full,7,29,F,Ñuñoa,S03,Sucursal,0,0,1,29770,1,1,7,7,Poco uso,1
VF104934,Basico,26,52,M,Viña del Mar,S03,Web,10,2,0,20030,1,1,5,1,,0
VF104935,Full,10,16,F,Viña del Mar,S04,App,9,2,1,29850,0,0,9,1,,0
VF104936,Basico,8,22,F,Vitacura,S06,App,4,1,0,20600,1,0,4,0,,0
VF104937,Full,6,50,F,Maipú,S01,Campaña RRSS,6,2,0,32220,1,1,8,0,,0
VF104938,Basico,9,57,F,Maipú,S06,App,0,0,1,19790,1,0,6,6,Poco uso,1
VF104939,Full,5,22,F,Maipú,S02,Sucursal,1,0,0,29810,0,0,4,0,,0
VF104940,Full,8,32,F,Viña del Mar,S04,Web,9,2,0,29690,0,1,5,0,,0
VF104941,Full,36,23,F,Las Condes,S03,Sucursal,7,2,0,28940,1,1,6,1,,0
VF104942,Premium,50,44,F,Ñuñoa,S08,App,9,2,0,45390,1,0,10,1,,0
VF104943,Full,10,43,F,Puente Alto,S06,App,11,5,1,29580,0,0,7,0,Se mudó,1
VF104944,Full,35,28,Otro,Providencia,S04,Referido,1,0,0,31490,0,2,4,0,Precio,1
VF104945,Basico,9,27,M,Vitacura,S01,Referido,4,2,2,20260,1,1,8,0,,0
VF104946,Basico,22,44,M,Viña del Mar,S12,App,6,4,0,19060,0,0,7,0,,0
VF104947,Full,4,44,F,Las Condes,S01,Sucursal,10,5,0,29070,0,0,9,1,,0
VF104948,Full,39,16,M,Concepción,S01,Referido,0,0,0,31080,1,2,8,3,Se cambió de gimnasio,1
VF104949,Full,9,32,F,La Florida,S02,Web,1,0,1,29550,1,1,4,0,Salud,1
VF104950,Basico,9,17,F,Ñuñoa,S06,Sucursal,1,0,1,19820,0,1,6,0,,0
VF104951,Full,6,29,F,Vitacura,S09,Sucursal,8,4,0,30540,0,0,6,1,,0
VF104952,Premium,28,21,M,Santiago,S01,Sucursal,11,4,2,46950,1,0,10,0,,0
VF104953,Full,16,38,F,Maipú,S10,App,9,2,0,29640,1,0,10,1,,0
VF104954,Basico,17,48,M,Viña del Mar,S03,Referido,4,0,0,19020,1,1,7,0,,0
VF104955,Basico,15,42,M,Maipú,S07,Sucursal,2,0,0,20220,0,3,4,1,Salud,1
VF104956,Basico,15,24,M,Ñuñoa,S05,Web,4,2,1,20700,0,1,5,0,,0
VF104957,Basico,35,23,M,Concepción,S08,Sucursal,5,1,1,19820,0,0,10,1,,0
VF104958,Full,5,44,F,Maipú,S03,Campaña RRSS,7,2,0,29730,1,2,7,0,,0
VF104959,Full,31,29,F,Vitacura,S08,Web,4,0,0,29350,0,0,7,0,Se mudó,1
VF104960,Full,20,32,F,Vitacura,S03,Campaña RRSS,5,2,1,29820,0,0,6,1,,0
VF104961,Basico,25,23,F,Temuco,S09,App,1,0,0,19230,1,0,7,1,,0
VF104962,Full,23,38,F,Santiago,S04,Web,14,9,1,29470,0,0,9,0,,0
VF104963,Basico,26,39,M,Ñuñoa,S12,App,1,0,1,19650,0,2,7,1,Se cambió de gimnasio,1
VF104964,Full,10,17,F,Temuco,S03,App,10,2,1,29050,0,0,8,1,,0
VF104965,Basico,18,25,F,Las Condes,S09,Campaña RRSS,4,1,0,20780,1,1,10,0,,0
VF104966,Full,9,20,F,Viña del Mar,S02,Web,8,4,0,29410,0,1,7,1,,0
VF104967,Basico,34,23,Otro,Ñuñoa,S04,Sucursal,0,0,0,19460,0,0,8,6,,0
VF104968,Basico,29,30,F,Concepción,S04,Web,2,0,1,20150,1,2,7,1,,0
VF104969,Basico,18,41,F,Ñuñoa,S04,Referido,0,0,0,20860,1,1,10,2,,0
VF104970,Full,12,30,F,Puente Alto,S04,Sucursal,5,2,1,30480,1,0,10,0,,0
VF104971,Basico,21,30,M,Providencia,S10,Referido,1,0,0,20140,1,0,10,1,,0
VF104972,Premium,6,23,M,La Florida,S01,App,7,2,0,48310,0,0,6,1,Salud,1
VF104973,Full,13,27,Otro,Maipú,S03,Web,6,2,1,29900,1,1,6,1,,0
VF104974,Basico,50,26,Otro,Viña del Mar,S06,Campaña RRSS,6,2,1,20380,0,0,8,0,,0
VF104975,Basico,13,35,M,Santiago,S01,Web,8,1,2,20370,1,0,8,1,,0
VF104976,Full,7,34,M,Puente Alto,S01,Sucursal,7,1,0,29470,0,1,5,1,Poco uso,1
VF104977,Premium,37,31,F,Viña del Mar,S04,Web,16,9,0,43050,1,0,10,1,,0
VF104978,Full,21,28,F,Maipú,S01,Campaña RRSS,3,1,0,30740,1,0,10,1,,0
VF104979,Basico,9,27,F,Vitacura,S08,Sucursal,5,1,1,19630,0,0,4,1,,0
VF104980,Basico,22,30,M,Vitacura,S10,Campaña RRSS,3,1,0,20090,0,0,6,0,,0
VF104981,Full,16,29,M,Viña del Mar,S01,App,5,2,0,29590,0,0,8,0,,0
VF104982,Full,27,17,M,Santiago,S06,Web,11,7,0,30260,1,0,10,0,,0
VF104983,Basico,4,48,M,Maipú,S10,Web,11,3,1,19630,1,0,7,1,,0
VF104984,Basico,3,45,F,Las Condes,S10,Web,4,1,1,20340,0,1,6,0,,0
VF104985,Full,20,33,M,Temuco,S12,Referido,6,3,0,29490,1,2,3,1,Mala atención,1
VF104986,Full,9,32,F,Concepción,S10,App,3,0,1,28830,0,0,10,1,,0
VF104987,Premium,12,34,M,La Florida,S05,App,10,2,1,45020,1,0,6,1,,0
VF104988,Basico,5,24,M,Viña del Mar,S02,Referido,3,1,0,20720,0,0,7,1,,0
VF104989,Full,17,16,M,Ñuñoa,S07,Web,9,5,0,29130,1,0,8,0,,0
VF104990,Basico,16,28,F,Puente Alto,S08,Referido,5,1,0,20580,1,0,8,1,,0
VF104991,Full,56,55,F,Concepción,S11,Web,5,1,1,32410,1,1,6,0,,0
VF104992,Basico,20,45,F,Las Condes,S01,Web,6,3,1,19680,1,0,7,0,,0
VF104993,Basico,18,33,M,Viña del Mar,S03,Sucursal,0,0,1,19110,0,0,10,5,,0
VF104994,Basico,13,37,F,Viña del Mar,S04,App,3,2,0,19210,0,2,6,0,Mala atención,1
VF104995,Premium,9,32,M,Vitacura,S01,App,12,7,0,47560,1,0,10,0,,0
VF104996,Premium,14,36,M,La Florida,S01,App,7,2,0,48220,1,0,5,1,Mala atención,1
VF104997,Basico,45,16,Otro,Ñuñoa,S05,Campaña RRSS,6,1,0,19740,1,0,7,0,,0
VF104998,Premium,6,51,M,Santiago,S05,Campaña RRSS,12,3,1,46780,0,0,9,0,,0
VF104999,Basico,24,41,F,San Miguel,S02,Sucursal,7,4,0,20190,0,0,10,1,,0
VF105000,Full,12,43,M,Santiago,S01,Web,8,2,0,30660,1,0,7,0,,0
VF105001,Basico,10,40,M,Providencia,S02,Web,5,1,0,19580,0,1,10,0,,0
VF105002,Full,24,55,Otro,Temuco,S09,Campaña RRSS,4,2,0,32250,1,0,8,1,,0
VF105003,Full,20,21,F,Las Condes,S08,App,15,4,0,28630,1,0,10,1,,0
VF105004,Basico,8,25,M,Viña del Mar,S04,App,2,0,0,20460,0,0,6,0,,0
VF105005,Basico,8,33,M,Viña del Mar,S01,App,4,2,0,19460,0,0,6,0,,0
VF105006,Premium,13,32,M,Santiago,S01,Campaña RRSS,14,4,0,47320,0,0,9,0,,0
VF105007,Full,21,20,Otro,Concepción,S05,Web,16,10,1,29470,1,2,9,1,,0
VF105008,Basico,26,53,M,Temuco,S08,Sucursal,4,2,0,20850,0,1,7,0,,0
VF105009,Premium,18,44,M,Ñuñoa,S08,App,8,4,1,46640,0,1,8,1,,0
VF105010,Premium,10,30,M,Las Condes,S10,App,6,2,1,45880,1,0,9,1,,0
VF105011,Full,16,41,M,Viña del Mar,S11,Referido,3,1,1,29800,1,0,10,0,,0
VF105012,Basico,7,47,F,La Florida,S05,Sucursal,0,0,0,20740,1,1,7,6,Se cambió de gimnasio,1
VF105013,Basico,48,26,F,Vitacura,S12,Sucursal,1,0,0,19700,0,1,6,1,,0
VF105014,Basico,13,28,F,Maipú,S04,App,7,1,0,20690,0,1,8,0,,0
VF105015,Full,12,36,F,Puente Alto,S01,Sucursal,4,1,0,30960,1,0,10,0,,0
VF105016,Full,19,29,F,Puente Alto,S12,Sucursal,6,1,0,27700,1,1,9,1,,0
VF105017,Premium,21,24,M,Concepción,S04,Campaña RRSS,9,6,1,46410,0,1,4,1,,0
VF105018,Full,8,29,M,Santiago,S08,App,6,3,3,31150,1,0,5,0,,0
VF105019,Full,7,27,M,San Miguel,S09,Web,7,2,0,29130,1,0,10,0,,0
VF105020,Basico,19,20,M,Providencia,S01,Campaña RRSS,7,4,0,21390,0,0,9,1,,0
VF105021,Basico,9,22,F,Las Condes,S08,Web,7,2,0,20320,1,1,5,0,,0
VF105022,Full,11,39,M,Temuco,S11,Web,4,0,0,30520,1,0,8,0,,0
VF105023,Basico,12,39,F,Maipú,S01,Web,3,0,0,19270,0,0,8,1,,0
VF105024,Basico,35,39,M,Las Condes,S04,Referido,4,2,1,19660,1,0,8,0,,0
VF105025,Basico,15,44,F,Puente Alto,S07,Web,4,1,0,20010,0,0,7,1,,0
VF105026,Full,88,16,F,Las Condes,S11,Referido,8,3,0,28660,1,0,9,1,,0
VF105027,Premium,37,26,M,Providencia,S08,App,9,4,2,44740,0,0,5,1,,0
VF105028,Premium,17,16,F,Vitacura,S08,Referido,12,7,0,45050,1,1,7,1,,0
VF105029,Basico,5,26,F,Puente Alto,S06,Sucursal,0,0,0,20590,0,1,7,7,Mala atención,1
VF105030,Full,20,46,Otro,La Florida,S09,Web,10,3,0,29170,1,0,10,0,,0
VF105031,Basico,24,16,F,Providencia,S09,App,3,1,0,19640,1,0,9,0,,0
VF105032,Full,42,44,F,Vitacura,S12,App,2,1,0,30260,1,0,8,1,,0
VF105033,Basico,15,29,F,Viña del Mar,S05,Web,5,1,0,19590,0,0,6,0,,0
VF105034,Full,19,25,M,Puente Alto,S10,Web,8,3,0,30940,0,0,7,0,,0
VF105035,Basico,45,32,F,Las Condes,S07,Web,7,2,1,19780,0,2,6,1,,0
VF105036,Premium,38,27,M,Temuco,S05,Sucursal,5,3,0,45410,1,0,10,0,,0
VF105037,Full,4,44,F,Puente Alto,S10,App,0,0,2,29400,1,4,8,1,Mala atención,1
VF105038,Basico,13,44,F,Ñuñoa,S12,Web,0,0,0,19810,1,3,6,4,Precio,1
VF105039,Basico,31,42,M,Santiago,S07,Sucursal,8,5,0,20620,1,0,7,0,,0
VF105040,Basico,8,52,F,Vitacura,S04,Web,2,1,0,18930,0,0,7,1,,0
VF105041,Full,20,34,F,Santiago,S11,Sucursal,6,2,0,31260,1,0,9,1,,0
VF105042,Full,12,58,M,La Florida,S02,Referido,3,2,0,31590,0,1,8,1,Se cambió de gimnasio,1
VF105043,Basico,12,43,F,Santiago,S02,Sucursal,3,1,0,20330,0,0,4,0,,0
VF105044,Full,60,45,M,San Miguel,S04,Web,1,0,0,30950,1,0,10,0,,0
VF105045,Basico,11,38,M,San Miguel,S08,Web,0,0,0,20060,0,2,6,7,Se mudó,1
VF105046,Basico,20,41,F,Temuco,S07,Web,3,1,0,20610,0,0,8,1,Poco uso,1
VF105047,Basico,20,32,F,San Miguel,S11,Sucursal,2,1,0,19740,0,2,5,1,,0
VF105048,Premium,9,48,M,Vitacura,S08,App,8,3,0,45630,1,0,7,1,,0
VF105049,Full,10,47,M,Concepción,S10,Referido,6,4,0,31110,1,0,10,1,,0
VF105050,Basico,44,20,M,Las Condes,S10,Campaña RRSS,4,1,0,19830,1,0,8,0,,0
VF105051,Basico,10,53,M,Concepción,S02,App,2,0,0,19800,0,1,8,0,,0
VF105052,Basico,33,24,F,Concepción,S11,Web,3,1,2,19040,1,1,9,0,,0
VF105053,Premium,17,40,M,Concepción,S03,App,11,4,2,45360,0,0,10,0,,0
VF105054,Premium,36,35,F,La Florida,S12,App,3,1,0,45670,1,0,9,1,,0
VF105055,Basico,38,34,M,San Miguel,S12,Referido,0,0,0,19750,0,2,7,7,Salud,1
VF105056,Full,29,42,F,Maipú,S04,Campaña RRSS,8,1,0,29350,0,0,10,1,,0
VF105057,Basico,22,16,F,Vitacura,S11,App,2,1,0,19740,0,0,6,1,,0
VF105058,Full,24,42,F,Temuco,S10,Sucursal,5,1,0,30560,1,1,4,0,,0
VF105059,Full,29,44,M,Viña del Mar,S10,Campaña RRSS,5,1,0,29390,0,1,8,0,,0
VF105060,Basico,32,31,M,Puente Alto,S09,App,7,4,1,20360,1,0,8,1,,0
VF105061,Full,37,32,M,Santiago,S09,Campaña RRSS,7,2,0,28920,1,0,7,0,,0
VF105062,Basico,18,39,M,Vitacura,S01,App,5,1,1,19910,1,0,10,0,,0
VF105063,Basico,6,31,M,Providencia,S01,Referido,5,3,0,20640,0,0,7,1,,0
VF105064,Basico,14,28,F,Las Condes,S09,Campaña RRSS,4,2,0,19620,1,0,8,1,,0
VF105065,Basico,31,31,M,Las Condes,S09,App,0,0,0,20110,1,1,8,7,Mala atención,1
VF105066,Basico,42,20,M,Maipú,S09,App,0,0,1,19960,1,0,10,1,Poco uso,1
VF105067,Full,21,51,F,Concepción,S01,App,7,4,0,28580,1,1,6,1,Poco uso,1
VF105068,Basico,12,40,F,Concepción,S07,Referido,3,2,0,19740,1,0,10,0,,0
VF105069,Full,14,28,F,San Miguel,S07,Campaña RRSS,6,1,0,30560,0,0,6,1,,0
VF105070,Basico,19,33,F,Maipú,S06,Referido,0,0,0,20320,0,1,8,1,,0
VF105071,Basico,4,57,F,Temuco,S10,Referido,2,0,0,20290,0,1,9,1,Se mudó,1
VF105072,Basico,17,35,F,La Florida,S01,Web,7,4,0,20840,0,0,10,1,Se cambió de gimnasio,1
VF105073,Full,49,36,M,Providencia,S04,Web,8,4,0,29950,0,0,8,1,,0
VF105074,Full,13,32,M,Concepción,S01,App,4,2,0,28680,1,0,8,1,,0
VF105075,Premium,13,51,F,Maipú,S11,Sucursal,12,6,1,46510,0,1,7,1,,0
VF105076,Basico,50,26,M,La Florida,S02,Sucursal,2,0,2,20970,0,2,4,1,,0
VF105077,Basico,10,24,F,Ñuñoa,S05,App,8,2,1,19830,0,1,4,1,Mala atención,1
VF105078,Basico,12,28,F,Ñuñoa,S07,App,7,3,0,19450,1,0,8,1,,0
VF105079,Full,6,29,F,Santiago,S10,Sucursal,8,4,0,29350,1,0,9,0,,0
VF105080,Full,11,27,M,Concepción,S07,Web,6,3,0,29340,1,1,6,0,,0
VF105081,Full,30,38,M,San Miguel,S08,Web,5,3,1,29580,1,1,8,1,Precio,1
VF105082,Full,16,49,M,Concepción,S05,App,10,3,0,29150,1,2,8,0,,0
VF105083,Basico,28,39,F,Providencia,S06,App,5,3,1,19110,1,1,7,1,,0
VF105084,Full,26,34,M,Santiago,S06,Referido,1,0,0,29870,0,1,9,0,,0
VF105085,Basico,7,19,M,Temuco,S06,App,0,0,0,20350,0,2,10,5,Mala atención,1
VF105086,Basico,21,40,F,Maipú,S05,Sucursal,2,1,0,19210,0,2,6,1,Salud,1
VF105087,Full,13,33,M,Vitacura,S01,Sucursal,8,3,0,28860,1,0,10,0,,0
VF105088,Basico,6,31,M,Santiago,S08,Web,3,1,1,21710,1,0,5,1,,0
VF105089,Basico,37,29,F,San Miguel,S03,Sucursal,4,2,0,20200,1,2,7,0,,0
VF105090,Full,3,43,F,Santiago,S03,Sucursal,16,9,3,31380,0,1,5,1,,0
VF105091,Premium,26,43,M,Maipú,S06,Web,12,7,0,47850,1,0,7,1,,0
VF105092,Full,32,16,F,Santiago,S01,Web,7,3,0,29540,1,1,9,0,,0
VF105093,Basico,5,51,M,San Miguel,S09,App,4,0,0,19810,0,0,8,0,,0
VF105094,Full,13,48,M,Ñuñoa,S11,Campaña RRSS,3,0,0,29680,1,0,9,1,,0
VF105095,Basico,22,49,M,Ñuñoa,S11,Referido,4,2,0,20270,1,0,10,0,,0
VF105096,Premium,44,25,F,Maipú,S02,App,13,9,1,45750,1,0,10,0,,0
VF105097,Full,4,43,F,Viña del Mar,S10,Sucursal,5,2,0,29200,1,0,7,0,,0
VF105098,Full,10,53,M,Viña del Mar,S05,Referido,8,5,1,29300,1,1,7,1,,0
VF105099,Basico,5,33,M,Ñuñoa,S02,Campaña RRSS,1,0,2,18720,0,0,5,0,Se mudó,1
VF105100,Full,13,48,M,San Miguel,S06,Sucursal,9,3,0,29010,1,0,8,1,,0
VF105101,Full,28,36,M,Ñuñoa,S09,App,8,5,1,29170,1,0,9,0,,0
VF105102,Full,4,40,F,Vitacura,S04,Web,8,4,0,29760,0,0,7,1,,0
VF105103,Full,9,39,M,Temuco,S12,App,10,6,0,29470,1,0,8,0,,0
VF105104,Basico,25,27,F,Ñuñoa,S10,Referido,2,0,0,21150,1,1,10,1,,0
VF105105,Basico,60,17,M,Maipú,S06,Sucursal,9,3,0,19360,0,1,7,1,,0
VF105106,Full,22,23,F,San Miguel,S09,Sucursal,13,8,0,28250,1,1,10,0,,0
VF105107,Full,18,51,M,Temuco,S08,App,4,1,0,31320,0,0,7,1,,0
VF105108,Premium,22,50,M,Vitacura,S04,Web,7,4,0,44970,1,0,7,0,,0
VF105109,Full,36,38,M,La Florida,S02,Web,10,4,0,27920,1,0,8,1,,0
VF105110,Basico,20,27,M,Concepción,S02,App,3,2,3,20040,1,0,10,1,,0
VF105111,Basico,13,20,F,Ñuñoa,S08,Web,2,0,0,20180,0,1,9,0,,0
VF105112,Basico,43,37,M,San Miguel,S09,App,5,2,0,19590,0,1,8,1,,0
VF105113,Basico,11,46,F,Temuco,S09,App,4,2,1,19830,0,0,5,1,,0
VF105114,Basico,43,31,F,Santiago,S01,App,3,2,0,20250,1,0,6,0,Mala atención,1
VF105115,Premium,13,41,M,Santiago,S11,Referido,13,6,0,45290,0,0,4,0,,0
VF105116,Basico,16,23,M,San Miguel,S10,App,1,0,1,19620,0,2,10,0,,0
VF105117,Premium,18,34,F,Las Condes,S04,Referido,16,6,0,47650,0,0,8,0,,0
VF105118,Premium,8,19,F,Ñuñoa,S03,Campaña RRSS,11,3,1,44970,1,1,6,1,,0
VF105119,Basico,38,42,M,Viña del Mar,S08,Web,4,0,0,20300,1,0,10,0,,0
VF105120,Basico,29,34,M,Viña del Mar,S01,Campaña RRSS,3,0,0,18610,0,0,8,1,,0
VF105121,Full,2,17,M,Providencia,S11,App,4,0,0,30800,1,0,7,1,,0
VF105122,Full,18,34,M,Maipú,S09,Referido,5,2,1,29520,1,0,8,0,,0
VF105123,Full,4,18,M,Viña del Mar,S11,App,5,1,0,30570,1,0,10,0,,0
VF105124,Full,21,53,M,Concepción,S09,Web,6,3,0,30500,0,0,10,0,,0
VF105125,Premium,5,31,M,La Florida,S12,App,11,4,2,46340,1,1,10,1,,0
VF105126,Basico,22,41,F,La Florida,S03,Web,0,0,0,20500,1,2,8,1,,0
VF105127,Basico,20,16,F,San Miguel,S08,Campaña RRSS,3,1,1,20340,0,0,3,0,,0
VF105128,Full,33,43,M,Concepción,S11,Referido,7,2,1,29580,1,0,10,0,,0
VF105129,Premium,30,23,M,La Florida,S08,Sucursal,9,2,0,46200,0,0,8,1,Salud,1
VF105130,Basico,6,39,F,Ñuñoa,S02,Web,2,1,0,20020,0,0,7,1,,0
VF105131,Premium,35,27,M,Santiago,S02,Web,9,5,0,45350,1,0,4,0,,0
VF105132,Basico,28,34,F,Temuco,S02,Referido,2,0,0,20020,0,0,10,1,,0
VF105133,Basico,13,26,F,Providencia,S12,Sucursal,3,2,0,19220,1,1,10,0,,0
VF105134,Premium,14,37,M,Viña del Mar,S02,Campaña RRSS,11,2,0,45400,1,0,5,1,,0
VF105135,Basico,24,40,M,Concepción,S11,Web,0,0,0,20230,1,1,6,2,Precio,1
VF105136,Full,30,48,F,Las Condes,S12,Campaña RRSS,2,0,2,29850,1,0,8,0,,0
VF105137,Full,13,30,F,Santiago,S12,App,11,6,0,29690,1,0,7,0,,0
VF105138,Full,11,30,F,Las Condes,S12,Web,7,2,0,29500,1,1,9,1,,0
VF105139,Full,1,29,M,Concepción,S09,Campaña RRSS,6,1,0,28720,1,1,3,0,,0
VF105140,Full,8,24,F,Santiago,S08,Sucursal,6,2,0,29740,1,0,10,0,,0
VF105141,Full,14,45,F,Providencia,S08,Referido,2,0,0,30120,1,1,6,1,,0
VF105142,Full,22,19,F,Temuco,S05,Sucursal,5,2,0,29090,1,0,6,0,,0
VF105143,Basico,10,26,F,Temuco,S05,Referido,0,0,0,19940,1,0,7,3,Se cambió de gimnasio,1
VF105144,Basico,8,27,F,Las Condes,S04,Campaña RRSS,5,2,0,20050,1,0,2,1,,0
VF105145,Basico,27,47,M,Las Condes,S06,Referido,0,0,1,18320,1,1,7,4,Poco uso,1
VF105146,Basico,9,34,F,Viña del Mar,S05,Web,0,0,0,19860,0,1,7,6,Poco uso,1
VF105147,Basico,20,36,M,Maipú,S01,Web,0,0,0,19820,0,1,5,7,Mala atención,1
VF105148,Basico,4,52,M,Temuco,S01,Campaña RRSS,2,1,0,20070,0,0,10,0,,0
VF105149,Basico,7,27,M,Maipú,S10,App,0,0,1,19650,1,0,7,6,Salud,1
VF105150,Full,50,28,M,San Miguel,S08,Web,9,4,0,29980,1,0,5,0,,0
VF105151,Basico,23,38,M,Viña del Mar,S04,App,3,0,0,20810,1,0,9,1,,0
VF105152,Full,9,16,M,La Florida,S12,App,5,3,2,31020,1,0,6,0,,0
VF105153,Full,11,25,F,Viña del Mar,S02,Web,12,5,0,29280,1,1,4,1,,0
VF105154,Full,16,30,F,Santiago,S12,Sucursal,9,5,0,29980,0,1,4,1,,0
VF105155,Premium,14,52,M,Vitacura,S05,Web,8,4,0,47270,0,1,6,0,,0
VF105156,Basico,11,55,M,Santiago,S09,Sucursal,1,0,0,20020,1,1,9,0,Salud,1
VF105157,Full,33,48,M,Concepción,S12,Referido,8,4,0,30030,1,0,8,0,,0
VF105158,Full,19,25,M,Las Condes,S06,Web,6,1,0,30500,1,0,8,0,,0
VF105159,Basico,8,47,F,Santiago,S09,Web,4,1,0,19660,1,0,9,1,,0
VF105160,Full,10,53,F,Vitacura,S01,Referido,5,2,0,31150,0,1,5,1,,0
VF105161,Basico,7,45,F,La Florida,S09,Web,0,0,0,18930,1,0,10,4,Mala atención,1
VF105162,Basico,35,38,F,Providencia,S11,Web,6,3,1,20710,0,0,9,1,,0
VF105163,Basico,25,27,F,Puente Alto,S02,Referido,5,2,1,19300,0,1,5,1,,0
VF105164,Basico,18,34,M,Las Condes,S01,Sucursal,4,1,2,20020,0,0,9,1,,0
VF105165,Basico,8,24,F,Santiago,S01,Web,3,0,0,19570,1,0,3,1,,0
VF105166,Basico,35,21,M,Puente Alto,S09,Sucursal,9,4,1,19280,1,0,6,1,,0
VF105167,Full,11,52,F,Santiago,S04,App,7,4,0,30390,1,1,7,0,,0
VF105168,Basico,13,25,M,Temuco,S11,Referido,3,0,0,19630,0,0,10,1,,0
VF105169,Full,17,21,F,Providencia,S11,Referido,4,2,0,31280,0,0,9,1,,0
VF105170,Premium,7,37,F,Ñuñoa,S08,Web,9,4,1,45740,1,0,10,1,Se mudó,1
VF105171,Basico,22,46,F,Las Condes,S04,App,7,1,0,20230,0,1,7,0,,0
VF105172,Full,26,37,M,Maipú,S05,Sucursal,7,2,1,30000,0,1,8,0,,0
VF105173,Basico,10,40,F,La Florida,S07,Referido,8,3,0,19060,1,0,10,0,,0
VF105174,Basico,9,29,F,San Miguel,S01,Referido,7,3,0,19390,1,1,8,0,,0
VF105175,Basico,40,24,F,Ñuñoa,S04,Referido,3,1,0,20580,1,0,6,0,,0
VF105176,Full,21,30,F,Vitacura,S10,Referido,5,2,1,29770,1,0,9,0,Se cambió de gimnasio,1
VF105177,Basico,8,22,Otro,Las Condes,S09,Referido,4,1,0,19810,0,0,7,1,,0
VF105178,Full,25,30,M,Maipú,S11,Web,8,2,1,31660,1,2,7,0,Se mudó,1
VF105179,Full,26,16,M,Viña del Mar,S11,App,5,2,0,28840,1,0,6,0,Precio,1
VF105180,Premium,10,36,F,Puente Alto,S09,Web,7,1,1,45970,0,0,5,0,,0
VF105181,Full,17,25,F,Vitacura,S03,Referido,5,2,1,30270,1,0,7,1,Salud,1
VF105182,Full,19,50,F,Las Condes,S10,Referido,4,1,0,30480,1,0,5,0,,0
VF105183,Basico,58,29,M,Vitacura,S09,App,1,0,0,20360,0,1,8,1,,0
VF105184,Full,32,27,F,Viña del Mar,S03,Sucursal,8,3,0,31070,1,0,10,1,,0
VF105185,Full,39,19,M,La Florida,S03,Referido,8,2,0,29610,0,0,8,0,Se cambió de gimnasio,1
VF105186,Basico,33,44,M,Concepción,S01,Web,3,1,0,19700,0,1,4,0,Poco uso,1
VF105187,Basico,28,40,M,Vitacura,S01,Campaña RRSS,0,0,1,19900,0,1,6,1,Mala atención,1
VF105188,Basico,11,31,F,Temuco,S12,Sucursal,3,0,0,18880,0,0,10,0,,0
VF105189,Basico,11,22,M,Las Condes,S02,Referido,3,1,2,19510,0,0,6,1,,0
VF105190,Basico,47,35,F,Providencia,S09,Sucursal,0,0,0,20490,0,3,5,3,,0
VF105191,Full,18,29,M,Santiago,S08,Web,15,5,0,31220,1,0,8,1,,0
VF105192,Full,26,40,M,Las Condes,S01,Sucursal,9,2,0,30920,1,1,9,1,,0
VF105193,Basico,48,48,F,Providencia,S08,Web,1,0,0,19930,0,0,9,0,,0
VF105194,Basico,28,25,M,Las Condes,S02,App,0,0,0,20240,0,0,10,6,Se cambió de gimnasio,1
VF105195,Full,16,53,F,Puente Alto,S02,App,3,1,0,31010,1,1,8,1,,0
VF105196,Full,47,46,M,Vitacura,S02,Sucursal,5,1,2,29730,1,1,5,1,,0
VF105197,Full,27,73,F,Temuco,S12,Web,8,4,0,30140,1,0,8,0,,0
VF105198,Full,29,26,F,Ñuñoa,S05,App,8,2,0,29040,0,0,4,0,Mala atención,1
VF105199,Premium,19,28,Otro,San Miguel,S04,Web,11,2,0,47570,1,1,10,1,,0
VF105200,Full,35,38,F,Temuco,S01,Campaña RRSS,5,3,0,29890,0,1,9,0,Precio,1
VF105201,Basico,3,38,F,Las Condes,S04,Web,6,3,0,20870,1,0,8,0,,0
VF105202,Full,19,40,M,Puente Alto,S09,App,5,2,0,29550,1,0,10,1,,0
VF105203,Full,13,45,M,Las Condes,S10,App,4,2,0,29820,1,0,4,1,,0
VF105204,Full,12,34,M,Temuco,S05,Sucursal,3,1,0,29040,1,0,9,1,,0
VF105205,Premium,24,47,F,Temuco,S02,Referido,11,5,1,48230,1,0,9,1,,0
VF105206,Full,25,32,F,San Miguel,S08,Web,8,4,6,29580,1,0,3,0,,0
VF105207,Full,12,27,F,Puente Alto,S12,Web,4,1,0,30870,1,2,10,0,Se cambió de gimnasio,1
VF105208,Basico,13,32,M,San Miguel,S10,Sucursal,0,0,0,20040,0,1,7,2,Precio,1
VF105209,Basico,18,19,M,Santiago,S01,App,7,4,0,20260,1,0,8,0,,0
VF105210,Basico,9,31,F,Viña del Mar,S07,Sucursal,0,0,1,18380,0,1,8,7,Salud,1
VF105211,Premium,18,38,F,Temuco,S12,Web,10,4,1,46430,1,0,5,0,,0
VF105212,Basico,11,32,M,Maipú,S09,Web,1,0,1,21260,0,1,6,0,Poco uso,1
VF105213,Full,12,39,M,San Miguel,S11,App,11,6,1,31400,1,1,3,0,,0
VF105214,Basico,5,24,F,Viña del Mar,S11,Sucursal,0,0,1,20750,0,1,8,6,Se cambió de gimnasio,1
VF105215,Basico,18,16,F,La Florida,S02,App,0,0,0,19480,0,0,10,6,,0
VF105216,Full,21,33,F,Las Condes,S08,Web,6,3,1,29350,1,0,5,1,,0
VF105217,Full,18,58,F,Viña del Mar,S11,Web,11,7,1,30030,1,0,6,1,Se cambió de gimnasio,1
VF105218,Basico,6,40,F,San Miguel,S08,Campaña RRSS,3,1,0,20540,1,0,10,0,,0
VF105219,Basico,35,39,Otro,Viña del Mar,S05,App,11,6,0,19940,0,0,6,1,,0
VF105220,Premium,9,38,F,Santiago,S01,App,12,4,1,47110,1,0,10,1,,0
VF105221,Full,21,45,F,Puente Alto,S06,Sucursal,6,3,1,30690,1,0,7,0,,0
VF105222,Basico,22,44,F,Santiago,S09,Web,4,1,1,19630,0,0,8,1,,0
VF105223,Full,22,48,M,Concepción,S06,Campaña RRSS,5,2,0,29200,0,0,10,1,,0
VF105224,Full,5,39,F,San Miguel,S10,Referido,9,5,0,30000,1,0,8,1,,0
VF105225,Premium,12,28,F,La Florida,S12,Sucursal,8,2,0,47980,0,1,10,0,,0
VF105226,Full,17,23,M,Las Condes,S10,Web,7,3,1,31400,1,1,9,0,Se mudó,1
VF105227,Basico,5,21,M,Concepción,S01,Sucursal,4,1,1,19870,1,1,10,1,,0
VF105228,Premium,32,32,F,Providencia,S06,Campaña RRSS,9,2,0,45530,1,1,10,0,,0
VF105229,Basico,13,39,M,Las Condes,S05,Referido,4,2,0,19960,0,0,10,0,,0
VF105230,Premium,14,20,F,Las Condes,S09,Sucursal,3,0,0,47350,0,0,8,0,,0
VF105231,Basico,15,21,F,La Florida,S12,App,0,0,0,18600,0,1,7,4,Se mudó,1
VF105232,Basico,4,30,F,Vitacura,S11,Campaña RRSS,6,3,1,19610,0,1,7,1,,0
VF105233,Basico,7,31,F,Providencia,S09,Web,0,0,0,20300,1,0,9,3,Salud,1
VF105234,Premium,9,29,M,San Miguel,S11,Web,7,1,1,46270,1,0,6,1,,0
VF105235,Basico,26,35,M,Temuco,S07,Sucursal,1,0,1,20580,1,0,5,1,,0
VF105236,Full,14,35,M,Maipú,S05,Web,6,2,0,29450,0,0,7,0,,0
VF105237,Basico,12,30,F,Concepción,S02,Referido,2,0,1,20690,0,1,6,0,,0
VF105238,Premium,37,29,M,Ñuñoa,S11,Sucursal,10,6,0,48010,1,2,4,1,,0
VF105239,Full,13,45,F,Maipú,S02,Referido,6,2,1,31720,0,0,9,0,,0
VF105240,Basico,16,16,M,Las Condes,S02,Campaña RRSS,8,2,2,20570,1,0,10,1,,0
VF105241,Full,9,31,M,Puente Alto,S02,Campaña RRSS,4,1,0,29190,0,0,10,1,,0
VF105242,Premium,2,30,F,San Miguel,S06,Referido,11,3,0,46710,1,0,10,0,,0
VF105243,Full,3,40,F,Temuco,S05,Campaña RRSS,7,4,1,31270,1,0,6,1,,0
VF105244,Premium,14,19,F,Ñuñoa,S12,App,12,5,2,46810,0,0,6,0,,0
VF105245,Full,7,45,M,Providencia,S04,Referido,15,7,1,28380,1,0,9,0,,0
VF105246,Full,14,24,M,Maipú,S10,Sucursal,7,4,0,29530,1,0,6,0,,0
VF105247,Full,12,33,F,Temuco,S11,Sucursal,9,5,1,29790,1,0,9,1,,0
VF105248,Basico,25,21,F,San Miguel,S02,Campaña RRSS,5,3,0,20200,0,0,10,0,,0
VF105249,Basico,43,42,F,La Florida,S09,Web,2,0,0,20580,1,3,4,1,,0
VF105250,Full,6,24,F,La Florida,S07,Campaña RRSS,7,3,1,30700,1,0,9,0,,0
VF105251,Premium,38,48,F,La Florida,S09,App,10,5,0,47270,1,0,6,0,,0
VF105252,Full,13,33,F,Puente Alto,S01,Sucursal,6,4,1,30720,1,2,8,1,,0
VF105253,Premium,23,45,M,Las Condes,S07,Campaña RRSS,7,4,0,43680,1,2,7,0,,0
VF105254,Basico,49,31,F,La Florida,S08,Campaña RRSS,3,1,0,19930,1,1,8,0,,0
VF105255,Full,27,24,F,Vitacura,S02,Campaña RRSS,7,3,0,30620,0,0,9,1,,0
VF105256,Full,6,49,M,Puente Alto,S10,Campaña RRSS,7,1,1,30740,1,0,7,0,,0
VF105257,Full,42,35,M,La Florida,S08,Referido,3,1,1,30860,1,0,10,0,,0
VF105258,Basico,15,34,M,Santiago,S02,Referido,4,2,0,20760,1,0,10,1,,0
VF105259,Basico,2,44,F,Providencia,S06,App,4,0,2,19400,1,0,10,1,,0
VF105260,Full,24,40,M,La Florida,S09,Campaña RRSS,5,1,1,30220,0,0,7,1,,0
VF105261,Basico,30,55,M,Temuco,S07,Campaña RRSS,1,0,2,19790,1,1,9,0,,0
VF105262,Basico,11,20,F,Maipú,S11,Web,8,1,0,20100,1,0,10,1,,0
VF105263,Full,66,42,M,La Florida,S07,App,9,2,1,30260,0,2,6,0,,0
VF105264,Premium,14,61,F,Ñuñoa,S11,Sucursal,13,6,1,44090,1,0,8,0,,0
VF105265,Premium,3,18,F,Temuco,S07,Web,11,2,2,46210,1,0,9,0,,0
VF105266,Full,30,22,F,Viña del Mar,S03,Sucursal,7,2,0,31150,1,0,10,1,,0
VF105267,Basico,20,35,M,La Florida,S07,Web,3,1,0,20070,1,1,8,0,,0
VF105268,Basico,8,41,M,Ñuñoa,S03,Web,4,2,0,20710,1,0,8,0,,0
VF105269,Full,46,26,M,Concepción,S08,Sucursal,5,1,0,30260,1,0,10,0,,0
VF105270,Basico,16,39,M,Viña del Mar,S06,Campaña RRSS,2,0,0,20980,1,1,6,1,,0
VF105271,Premium,2,35,F,Temuco,S10,Web,11,7,0,48040,1,0,7,0,,0
VF105272,Full,9,33,F,La Florida,S05,Web,5,2,0,30630,1,0,8,1,,0
VF105273,Basico,23,18,Otro,Las Condes,S08,Web,2,0,0,19780,0,0,10,1,,0
VF105274,Premium,9,33,F,La Florida,S01,App,10,5,0,48050,0,0,10,0,,0
VF105275,Premium,10,20,F,San Miguel,S06,Referido,15,7,0,47110,1,0,9,1,,0
VF105276,Premium,10,39,M,La Florida,S10,Web,17,11,0,46420,1,0,7,1,,0
VF105277,Full,40,22,F,Concepción,S01,Campaña RRSS,3,0,0,29370,1,0,8,1,,0
VF105278,Basico,11,38,F,La Florida,S09,Sucursal,0,0,0,19140,1,0,7,1,Poco uso,1
VF105279,Basico,36,47,F,San Miguel,S08,App,8,2,0,19580,0,0,8,1,,0
VF105280,Premium,16,25,M,San Miguel,S09,App,11,5,0,47260,0,0,10,0,,0
VF105281,Full,10,39,F,Maipú,S05,Sucursal,8,4,1,29630,1,0,9,1,,0
VF105282,Full,27,40,F,Providencia,S10,Web,9,5,1,30420,1,0,9,0,,0
VF105283,Full,26,68,F,Las Condes,S08,Sucursal,8,4,0,28260,1,1,8,0,,0
VF105284,Full,9,20,F,Ñuñoa,S04,Web,7,2,0,29260,1,0,9,0,,0
VF105285,Full,13,26,F,Puente Alto,S09,Referido,12,7,0,31030,1,0,9,0,,0
VF105286,Basico,23,37,M,Ñuñoa,S07,Web,9,6,1,20740,0,1,6,1,,0
VF105287,Full,55,39,F,San Miguel,S02,Referido,12,6,1,29640,1,1,9,0,,0
VF105288,Full,34,36,F,Puente Alto,S07,Sucursal,8,4,2,29760,1,0,7,1,,0
VF105289,Premium,7,39,M,Temuco,S09,Referido,11,4,1,46530,0,0,8,0,,0
VF105290,Basico,34,35,F,Puente Alto,S02,Web,6,2,0,19660,0,0,6,0,,0
VF105291,Basico,11,46,M,Providencia,S07,Campaña RRSS,0,0,0,19550,0,2,8,7,Se mudó,1
VF105292,Premium,25,45,F,Maipú,S08,Referido,6,1,0,46300,0,0,6,0,,0
VF105293,Basico,57,21,M,Temuco,S05,Web,13,3,1,20130,0,0,7,0,,0
VF105294,Full,12,33,M,Concepción,S01,App,1,0,0,30740,0,1,10,0,,0
VF105295,Full,11,35,F,Providencia,S02,Referido,8,2,0,28660,1,0,5,0,,0
VF105296,Full,68,16,M,La Florida,S04,Referido,9,3,1,29330,1,0,7,1,,0
VF105297,Full,17,36,F,Ñuñoa,S08,Web,8,4,1,30450,1,0,10,1,,0
VF105298,Basico,23,32,F,Puente Alto,S02,Referido,5,2,1,19100,0,0,5,0,,0
VF105299,Full,17,37,M,Puente Alto,S02,Referido,1,0,3,30030,1,2,7,1,,0
VF105300,Basico,10,34,M,Concepción,S04,Web,5,1,0,20390,1,0,10,1,,0
VF105301,Basico,11,42,M,Santiago,S06,Web,3,0,1,18800,1,1,5,0,,0
VF105302,Full,39,38,F,Santiago,S08,Referido,6,3,0,30200,0,0,5,0,,0
VF105303,Full,1,33,F,La Florida,S09,App,5,2,1,30080,1,1,10,1,,0
VF105304,Basico,24,35,F,Puente Alto,S03,App,1,0,1,20230,0,0,9,0,,0
VF105305,Premium,41,30,M,Maipú,S08,Sucursal,7,2,0,46700,0,0,7,0,,0
VF105306,Full,10,23,F,Puente Alto,S01,Sucursal,2,0,0,29840,1,4,6,1,Salud,1
VF105307,Basico,9,21,M,La Florida,S02,App,0,0,0,19720,0,0,9,6,Se cambió de gimnasio,1
VF105308,Full,7,32,Otro,Viña del Mar,S01,Sucursal,4,1,1,30690,1,0,8,1,,0
VF105309,Basico,14,30,F,La Florida,S02,Campaña RRSS,4,1,0,20080,1,1,5,1,,0
VF105310,Premium,23,58,M,Providencia,S09,Sucursal,9,3,2,47360,1,0,8,1,,0
VF105311,Basico,51,40,F,La Florida,S01,Sucursal,5,1,1,20400,1,0,7,0,,0
VF105312,Full,8,26,M,Temuco,S12,Campaña RRSS,6,1,1,29020,1,0,4,1,,0
VF105313,Premium,20,38,F,San Miguel,S11,Referido,13,5,1,44830,0,0,7,0,,0
VF105314,Basico,20,30,M,Maipú,S03,Sucursal,0,0,1,20990,1,0,3,1,,0
VF105315,Full,31,37,F,Las Condes,S07,App,10,3,0,28910,1,0,9,0,,0
VF105316,Basico,12,46,F,Santiago,S02,Sucursal,1,0,1,18700,1,0,9,0,,0
VF105317,Basico,48,24,M,Ñuñoa,S09,Sucursal,5,1,0,20430,0,1,7,0,,0
VF105318,Basico,10,30,M,Temuco,S04,Campaña RRSS,0,0,1,19820,1,3,2,5,Precio,1
VF105319,Full,5,16,M,Ñuñoa,S12,App,1,0,1,30460,0,2,5,0,,0
VF105320,Full,20,40,F,Maipú,S02,Web,5,2,1,30730,1,0,10,1,,0
VF105321,Basico,33,47,F,Concepción,S03,Referido,3,1,1,19780,0,0,7,1,,0
VF105322,Premium,24,49,M,Maipú,S08,Web,6,3,1,45750,1,0,8,1,Salud,1
VF105323,Basico,21,25,F,Concepción,S09,Web,0,0,1,19770,1,1,6,3,,0
VF105324,Basico,22,22,M,Maipú,S01,Web,4,1,1,20240,1,1,8,0,,0
VF105325,Full,14,25,M,Maipú,S08,App,4,2,0,31190,1,0,10,0,,0
VF105326,Full,12,30,M,Puente Alto,S01,Campaña RRSS,5,1,0,30490,1,0,9,1,Se cambió de gimnasio,1
VF105327,Full,25,39,F,Concepción,S04,Campaña RRSS,6,1,0,29580,0,0,8,0,,0
VF105328,Basico,10,34,M,Providencia,S12,Web,1,0,1,20250,0,1,6,1,,0
VF105329,Basico,23,23,M,Viña del Mar,S11,App,6,2,2,20700,1,1,5,0,,0
VF105330,Basico,8,34,F,La Florida,S11,Web,7,2,1,19720,0,0,10,1,,0
VF105331,Basico,5,39,M,San Miguel,S06,Campaña RRSS,3,0,0,20570,1,0,8,0,Se mudó,1
VF105332,Basico,27,34,F,Santiago,S09,Web,4,1,0,20640,1,0,8,1,,0
VF105333,Basico,21,51,F,Maipú,S08,App,0,0,0,20060,0,1,7,7,Precio,1
VF105334,Full,27,33,M,Ñuñoa,S01,Referido,5,3,0,29850,1,0,9,1,,0
VF105335,Full,33,61,M,Las Condes,S08,Sucursal,5,3,0,29540,1,0,2,1,,0
VF105336,Basico,17,39,F,San Miguel,S01,App,4,1,1,19690,0,0,10,0,,0
VF105337,Premium,8,37,F,Ñuñoa,S06,Campaña RRSS,13,8,1,45170,1,1,5,1,,0
VF105338,Premium,11,16,F,Ñuñoa,S10,Referido,17,9,2,45300,1,0,8,1,,0
VF105339,Basico,23,22,M,Temuco,S11,App,4,1,0,20220,1,0,4,0,,0
VF105340,Basico,42,40,F,Ñuñoa,S04,Campaña RRSS,5,3,1,20160,0,1,4,0,,0
VF105341,Basico,6,24,F,Temuco,S05,Sucursal,2,1,0,20620,1,0,6,1,,0
VF105342,Full,7,42,F,La Florida,S07,App,10,3,0,30690,1,0,8,0,,0
VF105343,Basico,22,46,M,Ñuñoa,S11,Referido,6,3,0,20490,1,0,8,0,,0
VF105344,Premium,32,54,F,Vitacura,S01,App,10,3,1,44270,1,0,8,1,,0
VF105345,Full,12,35,M,Providencia,S11,Referido,5,2,0,29090,1,0,8,1,,0
VF105346,Basico,29,43,M,Concepción,S05,App,3,0,0,20790,1,0,10,0,,0
VF105347,Basico,30,41,M,Ñuñoa,S09,App,1,0,0,20550,1,2,10,0,,0
VF105348,Premium,66,41,F,Concepción,S07,Web,8,4,0,45090,0,0,9,0,,0
VF105349,Basico,16,43,M,Concepción,S10,Web,8,5,1,18800,1,0,9,1,Se mudó,1
VF105350,Full,20,32,F,San Miguel,S04,App,4,2,0,29410,1,0,10,0,,0
VF105351,Full,32,20,M,Providencia,S05,Web,5,1,0,29330,1,0,9,0,,0
VF105352,Basico,12,31,F,La Florida,S05,Sucursal,1,0,1,20350,0,0,9,1,,0
VF105353,Basico,10,16,F,La Florida,S01,Web,4,1,0,20310,0,1,4,1,Se cambió de gimnasio,1
VF105354,Basico,40,49,M,San Miguel,S07,Sucursal,4,0,0,20090,0,1,6,1,Mala atención,1
VF105355,Full,20,42,F,Temuco,S10,Campaña RRSS,4,1,1,29910,1,0,8,1,,0
VF105356,Full,8,29,M,Viña del Mar,S11,Web,6,1,3,30110,0,0,9,0,,0
VF105357,Premium,20,47,F,Ñuñoa,S10,Web,5,2,1,46280,1,0,10,1,,0
VF105358,Premium,10,51,F,Maipú,S02,Campaña RRSS,9,2,2,46080,1,0,5,1,,0
VF105359,Basico,16,33,M,Santiago,S12,Sucursal,5,2,0,20630,1,0,5,0,,0
VF105360,Basico,18,21,F,Maipú,S07,Web,6,1,0,20820,0,0,7,1,,0
VF105361,Full,10,44,F,San Miguel,S03,App,6,3,0,30390,1,0,8,1,,0
VF105362,Basico,19,44,M,Temuco,S12,Sucursal,7,3,0,19250,1,0,8,0,,0
VF105363,Full,8,16,M,La Florida,S01,App,11,6,0,30620,1,0,8,0,,0
VF105364,Premium,4,44,M,Puente Alto,S07,Web,12,6,0,45260,1,1,8,0,,0
VF105365,Full,29,26,M,Vitacura,S03,Referido,8,3,0,29010,1,0,7,0,,0
VF105366,Basico,20,46,F,San Miguel,S11,App,6,1,0,20190,0,0,10,0,,0
VF105367,Full,8,40,M,Temuco,S11,Web,9,4,0,29260,1,0,7,1,,0
VF105368,Full,68,55,M,Ñuñoa,S07,Campaña RRSS,10,6,2,29850,1,0,8,1,,0
VF105369,Full,17,40,F,Temuco,S09,App,3,1,0,30830,1,0,10,0,,0
VF105370,Premium,15,30,F,Vitacura,S05,Sucursal,8,2,0,45900,0,0,9,1,,0
VF105371,Full,23,28,Otro,La Florida,S03,Web,7,4,0,31100,1,0,10,0,,0
VF105372,Basico,2,16,F,San Miguel,S08,App,4,2,0,20400,1,3,3,0,,0
VF105373,Full,20,17,F,Ñuñoa,S04,Campaña RRSS,10,2,0,30430,1,1,10,0,,0
VF105374,Basico,31,46,F,Maipú,S12,Referido,6,1,0,20310,1,0,5,0,,0
VF105375,Basico,9,49,M,Puente Alto,S04,Sucursal,3,1,0,19340,1,0,7,0,,0
VF105376,Premium,5,18,M,Providencia,S10,Web,6,1,1,44290,1,0,10,0,Mala atención,1
VF105377,Basico,14,32,M,Santiago,S08,Web,4,1,0,19020,1,0,7,0,,0
VF105378,Basico,23,40,M,Concepción,S10,Sucursal,4,2,1,20210,0,1,6,1,,0
VF105379,Full,14,48,F,Vitacura,S06,Campaña RRSS,7,3,0,31070,0,0,8,1,Poco uso,1
VF105380,Full,33,29,M,Providencia,S10,Sucursal,8,3,0,30260,1,1,6,1,,0
VF105381,Basico,17,50,F,La Florida,S04,Sucursal,1,0,2,20010,1,2,10,1,Salud,1
VF105382,Basico,23,51,F,Maipú,S09,Sucursal,1,0,1,19640,0,2,4,1,Poco uso,1
VF105383,Full,11,16,M,Ñuñoa,S10,Campaña RRSS,6,3,0,29350,0,0,10,1,,0
VF105384,Full,64,28,F,Maipú,S03,Web,6,2,1,31250,0,1,8,0,,0
VF105385,Basico,9,41,F,Ñuñoa,S02,Sucursal,6,1,0,19830,1,0,9,1,,0
VF105386,Basico,23,46,F,Temuco,S11,Referido,2,1,0,20060,1,2,7,0,,0
VF105387,Premium,22,39,F,Vitacura,S12,Campaña RRSS,9,5,0,47020,1,0,8,1,,0
VF105388,Full,16,26,F,Ñuñoa,S07,Sucursal,5,2,0,29780,0,0,7,1,,0
VF105389,Premium,21,16,F,San Miguel,S08,Sucursal,6,2,0,42100,1,0,10,0,,0
VF105390,Full,24,48,M,Maipú,S01,App,5,1,0,30470,0,1,3,0,,0
VF105391,Full,24,16,F,Temuco,S08,Sucursal,8,5,0,30630,1,1,10,0,,0
VF105392,Basico,12,38,F,Concepción,S01,Web,5,2,0,19040,0,0,8,1,,0
VF105393,Basico,81,19,F,Vitacura,S04,Sucursal,2,0,0,20260,0,0,6,1,,0
VF105394,Premium,7,29,F,Puente Alto,S05,App,8,4,0,47280,0,1,7,1,,0
VF105395,Full,36,48,F,Concepción,S03,Referido,5,2,0,29860,1,0,10,0,,0
VF105396,Basico,18,31,F,Viña del Mar,S10,Sucursal,5,2,1,19610,0,0,8,1,,0
VF105397,Full,17,40,M,Maipú,S06,App,2,1,0,29550,1,0,10,1,,0
VF105398,Basico,24,24,F,Santiago,S07,Web,4,1,0,19150,1,1,6,0,,0
VF105399,Basico,16,28,M,Viña del Mar,S07,Campaña RRSS,1,0,1,19180,1,1,7,1,,0
VF105400,Premium,4,24,M,San Miguel,S05,App,8,1,0,45240,1,1,5,0,,0
VF105401,Full,40,34,M,San Miguel,S06,Referido,7,3,0,30350,1,0,9,0,,0
VF105402,Basico,29,39,F,Temuco,S01,App,4,0,0,21000,0,0,7,0,,0
VF105403,Premium,12,22,M,Concepción,S09,Sucursal,8,2,0,46090,1,0,6,1,Salud,1
VF105404,Basico,21,30,M,Santiago,S09,Web,4,2,1,19930,0,1,10,1,,0
VF105405,Basico,12,40,M,San Miguel,S11,Web,10,2,0,20550,0,0,7,1,,0
VF105406,Basico,36,37,M,Concepción,S05,Web,5,2,0,19680,0,1,4,1,,0
VF105407,Full,22,41,M,Providencia,S06,Campaña RRSS,4,1,0,32070,1,1,9,1,,0
VF105408,Basico,10,35,M,Las Condes,S06,Sucursal,3,0,0,20250,0,2,4,0,Se mudó,1
VF105409,Basico,25,25,M,Providencia,S05,Referido,1,0,1,20530,0,1,9,1,Mala atención,1
VF105410,Basico,7,26,F,Concepción,S07,App,3,1,0,20400,1,0,5,0,Mala atención,1
VF105411,Premium,30,31,M,Viña del Mar,S04,Web,6,2,0,46760,1,0,6,1,,0
VF105412,Basico,13,50,F,Las Condes,S02,App,1,0,1,20370,0,2,5,1,Precio,1
VF105413,Basico,19,24,F,Viña del Mar,S11,App,2,0,0,19470,1,2,8,1,Se mudó,1
VF105414,Full,48,27,F,Providencia,S08,Sucursal,4,0,0,30080,1,0,9,1,,0
VF105415,Basico,33,44,M,Viña del Mar,S06,Referido,0,0,0,19950,1,3,5,6,,0
VF105416,Full,20,35,M,San Miguel,S06,Web,8,4,0,30370,0,0,6,0,,0
VF105417,Basico,21,36,M,Concepción,S08,Web,2,1,1,19460,1,0,10,0,,0
VF105418,Full,18,53,F,Las Condes,S03,Referido,2,0,0,30200,0,2,3,0,,0
VF105419,Basico,11,38,M,Las Condes,S04,Sucursal,0,0,1,20350,1,1,4,2,Se cambió de gimnasio,1
VF105420,Premium,26,52,M,Viña del Mar,S03,Web,10,3,0,45520,1,0,10,1,,0
VF105421,Full,21,39,M,Maipú,S01,Campaña RRSS,4,0,1,30460,1,0,3,0,,0
VF105422,Basico,11,23,F,Providencia,S01,App,0,0,1,19090,0,1,4,3,Salud,1
VF105423,Full,12,26,M,Ñuñoa,S07,Sucursal,5,1,1,29680,0,0,6,1,,0
VF105424,Full,40,33,M,Maipú,S12,Sucursal,2,1,0,31150,0,0,6,0,Poco uso,1
VF105425,Full,36,26,M,La Florida,S11,Sucursal,6,1,0,28520,1,0,5,0,,0
VF105426,Basico,10,32,F,Las Condes,S02,Web,2,0,0,19730,0,1,6,1,Poco uso,1
VF105427,Basico,18,37,F,Providencia,S05,Referido,4,1,2,19680,1,1,5,1,,0
VF105428,Basico,27,52,M,Vitacura,S06,Campaña RRSS,1,0,0,19770,1,1,6,1,Salud,1
VF105429,Full,10,50,M,Ñuñoa,S10,Web,6,3,1,29970,1,0,7,0,Se cambió de gimnasio,1
VF105430,Basico,13,33,F,Ñuñoa,S12,Referido,0,0,0,20160,0,1,9,1,,0
VF105431,Full,15,69,M,Concepción,S12,Web,9,4,2,31700,1,2,6,1,,0
VF105432,Full,14,37,M,Concepción,S07,Web,8,3,0,29450,1,2,8,0,,0
VF105433,Premium,6,24,M,Concepción,S07,Web,11,5,0,46550,1,0,10,0,,0
VF105434,Basico,30,33,F,Las Condes,S07,Sucursal,4,1,1,21650,1,0,7,0,,0
VF105435,Full,10,50,F,Concepción,S01,Sucursal,7,4,1,30310,1,0,9,0,,0
VF105436,Basico,36,30,F,Las Condes,S11,Web,4,0,2,18970,0,0,8,1,,0
VF105437,Premium,17,28,M,Maipú,S04,Web,8,3,1,44890,1,0,5,0,,0
VF105438,Basico,13,23,M,Viña del Mar,S01,App,4,0,0,20090,0,0,8,0,,0
VF105439,Basico,24,42,F,Puente Alto,S10,App,1,0,1,19460,1,0,6,0,,0
VF105440,Full,8,57,M,La Florida,S06,App,8,4,0,29320,1,0,5,1,,0
VF105441,Basico,17,43,M,Santiago,S02,Campaña RRSS,5,1,1,19600,1,0,8,1,,0
VF105442,Basico,14,17,Otro,La Florida,S07,Campaña RRSS,0,0,1,19970,0,1,5,7,Mala atención,1
VF105443,Premium,4,35,M,Temuco,S06,App,7,1,1,43990,1,0,7,0,,0
VF105444,Basico,23,37,M,Concepción,S01,Web,1,0,0,19830,1,1,6,1,,0
VF105445,Basico,2,16,M,Concepción,S05,Web,2,0,0,19300,0,1,5,0,,0
VF105446,Full,15,31,F,Vitacura,S04,Web,2,1,1,29500,1,0,9,0,Se mudó,1
VF105447,Premium,46,36,M,Puente Alto,S04,Sucursal,11,3,0,43130,0,1,8,1,,0
VF105448,Basico,35,25,F,Temuco,S06,Campaña RRSS,6,1,0,19300,1,0,7,1,,0
VF105449,Basico,16,35,M,Ñuñoa,S09,Web,6,3,0,19970,0,0,5,1,,0
VF105450,Full,7,31,F,Viña del Mar,S04,Web,16,9,0,28440,1,0,8,0,,0
VF105451,Full,19,17,F,Las Condes,S10,Web,6,3,0,29240,1,2,8,0,,0
VF105452,Full,5,29,F,Maipú,S05,Campaña RRSS,6,2,2,31080,1,0,8,0,,0
VF105453,Basico,16,29,F,Santiago,S04,Sucursal,0,0,0,19020,1,1,5,6,Mala atención,1
VF105454,Basico,14,16,F,La Florida,S05,App,3,0,0,20630,1,0,7,0,,0
VF105455,Basico,10,54,M,Puente Alto,S02,Sucursal,8,3,0,21320,1,0,6,0,,0
VF105456,Full,48,27,M,San Miguel,S05,Referido,5,1,0,29170,1,0,6,1,,0
VF105457,Basico,47,41,F,Temuco,S02,Sucursal,5,3,0,19570,0,0,7,0,,0
VF105458,Full,18,33,M,San Miguel,S08,Web,4,2,0,30380,1,0,8,0,,0
VF105459,Basico,8,38,F,Vitacura,S06,App,1,0,0,20740,0,1,7,0,,0
VF105460,Full,35,46,F,Temuco,S10,Campaña RRSS,3,1,0,28490,1,1,9,0,,0
VF105461,Basico,18,33,F,Viña del Mar,S09,Sucursal,4,2,0,18470,1,0,2,0,,0
VF105462,Full,6,44,F,Maipú,S08,Sucursal,3,0,0,29520,1,0,5,1,,0
VF105463,Basico,12,38,F,Providencia,S09,Campaña RRSS,3,1,0,20120,0,0,3,1,,0
VF105464,Full,12,32,F,San Miguel,S06,Campaña RRSS,10,6,0,30990,1,2,10,1,Mala atención,1
VF105465,Full,23,16,F,Puente Alto,S11,Web,4,2,0,29690,1,0,10,1,,0
VF105466,Premium,12,23,M,Maipú,S08,Referido,2,1,1,45200,1,1,7,1,,0
VF105467,Premium,8,22,F,San Miguel,S05,Web,13,7,0,45460,1,0,5,0,,0
VF105468,Basico,17,21,F,Santiago,S12,Sucursal,5,3,1,20040,0,0,8,1,,0
VF105469,Basico,19,44,F,La Florida,S09,Referido,2,0,0,19270,0,1,5,1,,0
VF105470,Full,35,36,M,Concepción,S11,Campaña RRSS,6,3,1,30900,1,0,6,0,,0
VF105471,Basico,15,30,M,Providencia,S08,Sucursal,4,1,1,19920,1,0,8,0,,0
VF105472,Basico,8,20,F,Ñuñoa,S06,Web,5,2,1,20130,0,0,5,0,Mala atención,1
VF105473,Full,18,41,Otro,Las Condes,S08,App,7,4,1,28830,1,0,9,0,,0
VF105474,Basico,14,36,M,Las Condes,S12,Web,1,0,1,20460,0,2,4,1,,0
VF105475,Full,24,33,M,Viña del Mar,S02,App,8,1,0,30070,0,0,10,0,,0
VF105476,Basico,6,41,F,Ñuñoa,S12,App,6,3,1,18990,1,0,8,0,,0
VF105477,Premium,10,19,M,San Miguel,S09,Sucursal,16,5,0,44610,1,1,9,1,Precio,1
VF105478,Full,25,46,M,Santiago,S01,Web,9,5,0,30200,1,0,6,1,,0
VF105479,Basico,28,32,M,Concepción,S09,Sucursal,5,1,0,20430,1,0,8,1,,0
VF105480,Premium,20,32,M,Concepción,S01,Sucursal,12,8,0,44870,1,0,7,1,,0
VF105481,Premium,13,21,M,Temuco,S05,Web,11,6,0,45100,1,1,6,0,,0
VF105482,Full,2,24,M,Temuco,S03,Web,0,0,0,30730,1,2,3,4,Precio,1
VF105483,Basico,33,39,F,Viña del Mar,S08,App,5,1,0,19940,1,0,7,0,,0
VF105484,Basico,25,35,F,Temuco,S10,Referido,7,4,1,20120,0,0,7,1,,0
VF105485,Premium,30,34,F,San Miguel,S01,Referido,15,8,1,45740,1,0,10,1,,0
VF105486,Basico,3,24,M,Las Condes,S08,Web,5,2,0,19980,1,0,10,1,,0
VF105487,Full,23,36,F,Vitacura,S06,App,4,2,0,30000,1,2,10,0,,0
VF105488,Full,16,29,F,Ñuñoa,S06,Sucursal,2,1,0,29720,1,0,5,1,,0
VF105489,Premium,11,31,F,San Miguel,S08,Web,7,4,0,47690,1,0,9,0,,0
VF105490,Basico,3,25,Otro,Las Condes,S11,Referido,5,2,0,18780,0,0,9,0,,0
VF105491,Basico,10,42,M,Ñuñoa,S10,Sucursal,2,0,0,19970,0,0,8,0,,0
VF105492,Full,14,45,F,San Miguel,S10,Sucursal,4,1,0,30720,1,0,9,0,Precio,1
VF105493,Full,14,37,M,Viña del Mar,S02,Web,8,5,0,32070,1,0,9,1,,0
VF105494,Full,8,32,M,La Florida,S04,Web,6,2,1,30480,1,0,9,1,,0
VF105495,Full,46,25,M,La Florida,S01,Web,3,1,0,31360,1,0,10,1,,0
VF105496,Basico,13,51,Otro,Ñuñoa,S11,Web,1,0,0,20260,1,1,5,1,,0
VF105497,Full,8,28,F,Providencia,S04,App,2,0,0,29380,1,1,4,0,,0
VF105498,Basico,5,44,F,Santiago,S04,App,3,1,0,20150,0,1,5,1,Precio,1
VF105499,Full,5,39,M,Providencia,S05,Sucursal,10,5,0,30690,1,0,9,1,,0
VF105500,Full,3,43,F,Viña del Mar,S10,Web,7,2,1,30460,1,1,8,0,,0
VF105501,Full,19,39,F,Temuco,S11,App,9,2,0,29850,1,1,4,1,Se mudó,1
VF105502,Basico,11,20,M,Vitacura,S04,App,4,2,0,20590,1,0,7,0,,0
VF105503,Basico,30,59,F,Concepción,S02,Referido,2,1,0,19860,1,3,5,0,,0
VF105504,Basico,14,16,M,Santiago,S07,Web,4,0,0,19490,0,0,10,1,,0
VF105505,Full,10,33,F,La Florida,S05,Referido,5,1,0,30660,1,0,10,0,,0
VF105506,Basico,8,40,M,San Miguel,S04,Referido,1,0,1,19450,0,2,5,0,,0
VF105507,Basico,35,45,M,Viña del Mar,S12,Sucursal,2,0,0,19450,0,0,5,1,,0
VF105508,Premium,1,35,F,Santiago,S12,Sucursal,12,4,0,46280,1,2,8,1,Mala atención,1
VF105509,Full,9,31,F,Las Condes,S05,Web,11,7,0,29280,1,0,9,1,,0
VF105510,Full,4,16,F,Concepción,S03,App,5,2,1,30120,1,0,5,0,,0
VF105511,Full,6,28,M,La Florida,S08,Web,8,3,0,31720,0,0,5,1,Se cambió de gimnasio,1
VF105512,Basico,24,50,F,Vitacura,S07,Referido,2,1,0,20340,0,1,7,0,,0
VF105513,Full,17,27,Otro,Las Condes,S06,Web,6,3,0,30130,1,0,8,0,,0
VF105514,Basico,9,26,M,Concepción,S06,Campaña RRSS,0,0,1,19840,0,1,8,1,Se mudó,1
VF105515,Full,26,29,F,Santiago,S07,Sucursal,3,2,0,30230,0,0,9,1,,0
VF105516,Basico,3,16,M,Concepción,S09,Sucursal,1,0,0,20920,1,2,7,1,,0
VF105517,Full,28,45,F,Puente Alto,S06,Referido,3,1,0,31040,1,0,10,0,Mala atención,1
VF105518,Full,26,22,M,Santiago,S07,Campaña RRSS,8,3,1,30980,1,1,6,1,,0
VF105519,Premium,12,40,M,Providencia,S10,Web,14,5,1,46680,1,0,9,0,,0
VF105520,Basico,9,21,M,La Florida,S01,App,0,0,0,20580,1,0,10,1,,0
VF105521,Premium,10,43,F,Puente Alto,S11,App,8,2,0,47780,1,1,8,0,,0
VF105522,Premium,37,32,F,La Florida,S10,Web,12,4,0,47570,1,2,6,0,,0
VF105523,Full,35,54,F,Maipú,S01,Web,3,1,1,30180,1,0,9,1,,0
VF105524,Basico,13,54,F,Temuco,S09,Campaña RRSS,1,0,1,18870,0,1,9,0,,0
VF105525,Basico,17,31,M,Las Condes,S10,Campaña RRSS,3,1,1,20040,1,0,8,1,,0
VF105526,Full,5,34,F,Concepción,S05,Web,10,3,0,30720,1,0,9,0,,0
VF105527,Basico,36,58,F,Puente Alto,S08,Referido,4,2,0,20520,1,0,7,1,,0
VF105528,Basico,15,26,M,Santiago,S06,Sucursal,6,3,0,20010,1,0,6,0,,0
VF105529,Basico,3,41,F,Viña del Mar,S05,Web,2,0,0,19300,0,2,7,1,Precio,1
VF105530,Basico,39,45,F,Puente Alto,S10,Web,1,0,1,20320,1,1,7,0,,0
VF105531,Full,12,29,F,Maipú,S07,App,4,1,0,31550,0,0,9,0,,0
VF105532,Full,22,42,M,Concepción,S04,Web,4,1,1,30210,1,1,9,0,,0
VF105533,Full,34,23,F,San Miguel,S12,App,2,1,1,29190,1,3,4,0,Mala atención,1
VF105534,Full,28,27,M,La Florida,S08,Sucursal,5,2,0,30350,1,0,10,0,,0
VF105535,Basico,26,39,F,Ñuñoa,S11,Sucursal,1,0,0,19290,0,3,7,1,,0
VF105536,Full,38,27,M,Santiago,S04,Sucursal,8,2,0,30180,1,2,7,1,,0
VF105537,Basico,31,26,F,Concepción,S03,App,6,1,1,20550,1,0,5,1,,0
VF105538,Premium,18,38,F,Las Condes,S01,Web,2,0,2,44080,1,2,4,1,Se cambió de gimnasio,1
VF105539,Full,3,33,M,Viña del Mar,S02,Web,8,3,0,30890,1,0,10,1,,0
VF105540,Basico,26,33,F,Ñuñoa,S02,Web,1,0,0,19440,0,0,7,1,Se cambió de gimnasio,1
VF105541,Premium,36,35,M,Providencia,S04,Sucursal,12,5,1,45170,1,1,7,0,,0
VF105542,Premium,38,48,M,Concepción,S02,App,9,2,0,43860,1,0,6,0,,0
VF105543,Full,16,16,M,Puente Alto,S07,Web,6,2,1,29880,0,2,8,0,Precio,1
VF105544,Basico,25,41,F,Maipú,S09,App,6,1,0,21080,1,1,9,1,Se mudó,1
VF105545,Full,17,28,F,Vitacura,S10,App,4,1,1,28910,1,0,8,0,,0
VF105546,Full,4,28,F,La Florida,S11,Campaña RRSS,5,3,0,29360,0,1,7,0,,0
VF105547,Premium,22,37,F,Maipú,S04,Web,13,6,0,47310,1,1,7,0,,0
VF105548,Premium,15,24,M,San Miguel,S04,Web,10,6,0,42810,0,0,5,0,,0
VF105549,Premium,12,36,F,Temuco,S06,Sucursal,10,2,0,46910,1,0,5,0,,0
VF105550,Full,17,16,F,Vitacura,S06,Campaña RRSS,7,4,0,28060,1,0,7,0,,0
VF105551,Basico,14,23,F,Maipú,S09,Web,7,2,1,18790,1,0,6,0,,0
VF105552,Full,36,33,F,Las Condes,S01,Web,5,2,1,29110,1,0,8,0,,0
VF105553,Basico,47,43,M,Maipú,S06,Referido,5,3,0,20530,0,0,8,0,,0
VF105554,Full,66,16,F,Vitacura,S06,Sucursal,6,3,2,28620,0,0,8,1,,0
VF105555,Premium,16,42,M,Temuco,S07,App,10,2,0,47640,1,0,9,1,Se mudó,1
VF105556,Full,7,21,M,Vitacura,S11,Referido,13,7,1,29440,0,1,2,1,,0
VF105557,Full,22,32,M,Ñuñoa,S06,App,5,1,0,28950,1,0,0,1,Se cambió de gimnasio,1
VF105558,Premium,16,43,M,Vitacura,S11,Referido,15,6,0,48490,0,1,7,0,,0
VF105559,Full,17,38,M,Concepción,S09,Campaña RRSS,4,1,0,30170,1,0,8,0,,0
VF105560,Basico,17,26,F,Las Condes,S04,Web,5,2,0,19810,0,0,10,1,,0
VF105561,Full,33,39,M,Temuco,S10,Web,5,3,0,30060,0,0,7,1,,0
VF105562,Full,3,35,M,Ñuñoa,S10,App,5,1,1,29750,1,0,7,1,Precio,1
VF105563,Premium,35,30,M,Ñuñoa,S08,App,3,0,0,45720,1,0,10,1,,0
VF105564,Full,16,22,F,Temuco,S06,Sucursal,5,2,2,29540,0,0,7,1,,0
VF105565,Basico,45,28,F,Ñuñoa,S09,App,3,1,1,19130,0,1,3,0,,0
VF105566,Full,10,19,F,Las Condes,S01,App,10,3,0,31790,1,0,9,0,Se cambió de gimnasio,1
VF105567,Full,22,57,F,Maipú,S10,Web,4,2,0,30160,1,1,7,1,,0
VF105568,Premium,34,31,M,Providencia,S09,App,8,3,0,47270,1,0,6,0,,0
VF105569,Full,17,30,F,Ñuñoa,S01,Web,7,4,0,29910,0,0,6,1,,0
VF105570,Basico,51,28,F,Concepción,S09,App,6,2,1,20980,1,0,10,1,,0
VF105571,Full,4,67,M,Concepción,S12,Web,10,5,0,29750,0,0,6,0,,0
VF105572,Full,10,37,F,Ñuñoa,S08,Web,4,0,0,28930,0,0,9,0,,0
VF105573,Full,21,47,F,Viña del Mar,S06,Web,10,6,0,29700,1,0,6,1,,0
VF105574,Basico,16,31,F,Vitacura,S08,Referido,0,0,1,18840,1,2,9,4,Precio,1
VF105575,Premium,5,32,M,Santiago,S04,Referido,11,5,0,45390,1,0,10,1,,0
VF105576,Basico,21,33,M,Viña del Mar,S01,Web,4,1,1,20160,1,0,4,1,,0
VF105577,Basico,21,33,F,Concepción,S03,Referido,4,2,1,21170,1,0,9,1,,0
VF105578,Premium,19,34,F,Providencia,S05,Referido,9,3,0,47910,1,0,10,0,,0
VF105579,Basico,13,17,F,La Florida,S06,Web,2,0,0,20260,0,0,7,0,,0
VF105580,Full,33,36,F,Maipú,S06,Sucursal,3,2,0,30930,1,0,8,0,,0
VF105581,Basico,26,54,F,Providencia,S08,App,2,0,0,20310,0,1,7,1,,0
VF105582,Basico,7,31,M,Concepción,S10,Referido,5,1,0,21000,0,1,8,0,,0
VF105583,Basico,2,34,F,Puente Alto,S03,Web,4,2,0,19360,0,0,5,1,,0
VF105584,Basico,7,16,M,Maipú,S07,App,1,0,1,19410,0,0,9,1,,0
VF105585,Full,17,31,M,Viña del Mar,S09,Sucursal,4,1,1,29930,1,1,8,0,,0
VF105586,Basico,12,46,M,Viña del Mar,S12,Web,3,1,0,19720,0,2,8,1,Se cambió de gimnasio,1
VF105587,Full,19,29,M,Maipú,S11,Campaña RRSS,7,4,0,29600,1,2,9,1,,0
VF105588,Premium,13,42,F,La Florida,S12,App,6,1,1,44710,1,0,10,1,,0
VF105589,Basico,45,22,F,Maipú,S08,Campaña RRSS,3,1,0,20020,0,1,6,0,,0
VF105590,Basico,28,41,M,Providencia,S11,Sucursal,4,2,1,19470,1,0,6,0,,0
VF105591,Basico,12,42,F,Concepción,S12,Sucursal,3,1,0,19720,1,0,8,1,,0
VF105592,Premium,49,43,F,Puente Alto,S01,App,12,7,1,45780,1,0,8,1,,0
VF105593,Basico,9,50,M,La Florida,S02,Sucursal,5,1,0,20030,0,0,9,1,,0
VF105594,Basico,13,27,M,La Florida,S08,Sucursal,3,1,1,19790,0,0,5,0,,0
VF105595,Basico,13,32,F,Temuco,S12,Web,4,2,0,20050,0,0,6,1,Se cambió de gimnasio,1
VF105596,Basico,25,39,M,Puente Alto,S04,App,6,1,2,18990,0,0,7,1,,0
VF105597,Full,28,23,F,La Florida,S11,Web,8,2,0,31240,1,0,7,1,,0
VF105598,Full,14,42,F,San Miguel,S05,Sucursal,5,1,0,29570,1,1,9,1,,0
VF105599,Full,4,44,M,Santiago,S06,Web,4,1,0,30370,0,0,5,1,Se mudó,1
VF105600,Full,2,54,M,Viña del Mar,S08,Web,3,1,0,30030,1,2,5,1,Se mudó,1
VF105601,Premium,29,42,M,Concepción,S11,Sucursal,9,2,0,46140,1,0,6,1,,0
VF105602,Full,2,16,F,Concepción,S02,Sucursal,6,3,0,30450,1,0,10,0,,0
VF105603,Full,13,52,F,San Miguel,S06,Referido,3,1,0,28640,1,1,8,1,,0
VF105604,Basico,20,29,F,Vitacura,S11,Sucursal,3,0,1,20440,0,0,7,0,,0
VF105605,Premium,10,31,M,Concepción,S09,App,11,4,0,45200,1,1,5,0,Precio,1
VF105606,Basico,7,32,F,San Miguel,S11,Sucursal,8,2,0,20350,0,0,9,1,,0
VF105607,Full,16,40,M,Santiago,S09,Sucursal,3,2,0,29190,1,0,10,1,Precio,1
VF105608,Full,12,28,M,Concepción,S12,Referido,7,2,0,29100,1,1,7,0,,0
VF105609,Basico,19,28,F,Viña del Mar,S11,Referido,6,1,0,19820,0,0,6,1,Poco uso,1
VF105610,Full,13,52,M,Las Condes,S08,Sucursal,8,2,0,28420,1,0,5,0,,0
VF105611,Full,43,25,M,Providencia,S10,Campaña RRSS,8,4,0,30370,1,1,9,0,,0
VF105612,Full,12,27,F,Temuco,S04,Referido,5,1,0,33050,1,0,5,0,Se cambió de gimnasio,1
VF105613,Basico,5,39,F,La Florida,S09,Referido,7,2,1,18910,0,0,8,1,,0
VF105614,Full,5,41,M,Vitacura,S09,Referido,7,1,0,29840,1,0,10,1,,0
VF105615,Full,21,30,F,Maipú,S08,Referido,5,1,0,30640,1,1,5,0,,0
VF105616,Basico,20,45,M,Puente Alto,S07,App,0,0,3,19510,0,0,6,7,Salud,1
VF105617,Premium,63,41,M,La Florida,S08,Web,7,3,0,46120,1,1,6,1,,0
VF105618,Full,49,21,M,Providencia,S12,App,9,4,2,29510,1,0,7,0,,0
VF105619,Full,15,17,F,Providencia,S08,Sucursal,3,1,1,31850,1,0,9,1,,0
VF105620,Premium,30,50,F,Concepción,S05,Web,8,3,0,46470,1,0,7,1,,0
VF105621,Basico,38,52,M,Las Condes,S05,Campaña RRSS,2,0,1,20470,0,0,10,1,Salud,1
VF105622,Premium,29,38,M,Maipú,S02,Web,13,2,0,45870,1,0,9,0,,0
VF105623,Premium,27,44,F,Puente Alto,S04,Campaña RRSS,8,2,0,46410,1,0,8,1,,0
VF105624,Premium,10,28,M,Ñuñoa,S01,App,11,5,0,47770,1,0,8,1,Se cambió de gimnasio,1
VF105625,Full,16,32,M,Ñuñoa,S02,App,5,3,0,30630,1,0,8,1,,0
VF105626,Basico,29,54,F,Providencia,S01,Sucursal,5,1,0,20770,0,0,5,0,,0
VF105627,Basico,52,50,F,San Miguel,S05,Web,4,2,0,20320,0,0,6,0,,0
VF105628,Basico,40,43,F,La Florida,S07,App,3,1,1,19330,1,1,7,0,,0
VF105629,Full,14,40,F,Concepción,S05,Web,6,2,0,32340,1,0,8,1,,0
VF105630,Basico,25,37,M,San Miguel,S11,Campaña RRSS,4,1,0,20450,0,0,6,0,,0
VF105631,Basico,9,31,M,Santiago,S11,Referido,0,0,1,19200,0,1,6,5,Se mudó,1
VF105632,Basico,15,35,M,Vitacura,S12,Web,2,1,1,19810,1,1,9,1,,0
VF105633,Full,15,31,M,Vitacura,S05,Web,6,2,0,31630,1,1,4,0,,0
VF105634,Basico,21,36,F,Providencia,S12,App,2,1,1,19170,1,1,7,1,Se cambió de gimnasio,1
VF105635,Full,15,30,F,Las Condes,S02,Campaña RRSS,9,5,0,30580,0,0,10,0,,0
VF105636,Full,12,22,F,San Miguel,S05,Web,3,1,1,29180,1,2,9,0,,0
VF105637,Basico,19,24,M,Vitacura,S06,Campaña RRSS,9,2,0,19370,1,0,9,1,,0
VF105638,Basico,25,27,M,Temuco,S12,Sucursal,7,4,1,19440,0,0,7,1,Precio,1
VF105639,Full,10,39,M,Temuco,S07,App,4,2,1,30500,1,0,10,0,,0
VF105640,Basico,5,32,F,Ñuñoa,S06,Web,8,5,0,20160,0,1,7,0,,0
VF105641,Full,13,24,M,Las Condes,S06,Web,7,2,3,28750,1,0,8,0,,0
VF105642,Basico,12,50,F,Puente Alto,S07,App,3,2,1,19300,0,0,10,0,,0
VF105643,Basico,27,28,M,Las Condes,S08,Web,3,0,1,20160,0,0,9,0,,0
VF105644,Full,17,16,M,Vitacura,S09,Web,8,5,0,29840,1,0,8,0,,0
VF105645,Basico,18,33,M,La Florida,S04,Campaña RRSS,4,1,0,19330,1,0,9,1,,0
VF105646,Full,12,33,F,Viña del Mar,S04,Campaña RRSS,11,5,1,30870,1,1,7,0,,0
VF105647,Premium,9,29,M,Providencia,S04,Sucursal,16,5,0,44220,1,0,10,1,,0
VF105648,Full,6,32,M,Providencia,S03,Campaña RRSS,10,3,0,31590,0,0,7,1,,0
VF105649,Premium,7,34,F,San Miguel,S04,Sucursal,11,4,0,44520,1,1,7,1,Poco uso,1
VF105650,Full,5,28,F,Las Condes,S02,Referido,8,5,0,29160,1,0,10,0,,0
VF105651,Full,17,38,F,Ñuñoa,S03,Campaña RRSS,10,4,1,30350,0,0,7,1,,0
VF105652,Full,10,37,M,Temuco,S11,Campaña RRSS,7,3,0,28760,1,2,7,1,,0
VF105653,Basico,19,35,M,Viña del Mar,S03,App,1,0,0,20800,1,0,8,1,,0
VF105654,Full,9,44,F,Concepción,S05,Web,7,2,1,30090,0,0,10,1,,0
VF105655,Basico,24,43,M,Maipú,S09,Referido,2,1,2,21140,0,0,9,1,,0
VF105656,Full,20,33,M,Vitacura,S02,App,4,2,0,29060,0,0,4,0,,0
VF105657,Basico,26,37,M,Ñuñoa,S05,Web,2,1,0,19830,1,2,5,0,,0
VF105658,Full,7,47,M,Providencia,S06,Referido,8,2,0,30650,1,0,10,0,,0
VF105659,Basico,29,48,F,Maipú,S11,Campaña RRSS,4,1,0,18750,1,0,10,1,,0
VF105660,Premium,8,29,M,Las Condes,S09,Web,14,6,0,46690,0,0,8,0,,0
VF105661,Full,23,32,F,Temuco,S09,Web,6,1,0,29560,1,0,9,1,,0
VF105662,Basico,30,21,F,Maipú,S08,Campaña RRSS,5,2,0,19930,0,3,1,1,Se cambió de gimnasio,1
VF105663,Basico,2,37,F,Temuco,S09,Web,6,3,0,19490,0,0,10,0,,0
VF105664,Full,20,22,F,Vitacura,S07,Sucursal,5,1,0,29160,1,0,10,0,,0
VF105665,Full,26,52,M,La Florida,S02,Sucursal,7,3,2,29570,1,0,8,0,,0
VF105666,Basico,7,20,M,Temuco,S11,App,1,0,1,20190,0,0,6,1,,0
VF105667,Full,31,45,M,Temuco,S02,Sucursal,5,2,0,30730,1,0,9,1,,0
VF105668,Premium,7,49,F,Maipú,S03,Sucursal,8,2,1,45840,1,0,5,0,Precio,1
VF105669,Basico,21,49,M,Providencia,S04,Campaña RRSS,2,0,0,20750,0,0,6,1,,0
VF105670,Premium,12,22,M,Concepción,S12,Web,3,1,0,41850,1,1,3,1,,0
VF105671,Basico,35,28,F,Providencia,S10,Campaña RRSS,5,1,0,19710,1,1,7,1,,0
VF105672,Basico,44,33,F,Concepción,S06,Campaña RRSS,0,0,2,19910,0,1,4,3,,0
VF105673,Basico,9,33,M,Santiago,S01,Referido,1,0,0,19390,0,0,8,1,,0
VF105674,Basico,9,46,Otro,Viña del Mar,S03,App,3,0,1,20030,0,0,9,0,,0
VF105675,Premium,17,27,M,La Florida,S05,Sucursal,11,7,0,45410,0,0,10,0,Precio,1
VF105676,Basico,21,25,M,Ñuñoa,S04,Referido,9,3,0,20560,0,1,8,0,,0
VF105677,Basico,10,53,M,Ñuñoa,S08,Sucursal,1,0,0,18860,0,2,6,1,Poco uso,1
VF105678,Full,15,24,M,Temuco,S10,Sucursal,7,2,0,31290,1,1,5,1,Poco uso,1
VF105679,Basico,13,23,F,Santiago,S08,Web,5,1,0,18930,1,0,6,1,,0
VF105680,Full,3,28,F,San Miguel,S03,Referido,4,0,0,29340,1,0,10,1,,0
VF105681,Premium,14,35,M,Puente Alto,S09,Referido,16,6,0,46040,0,0,4,0,,0
VF105682,Full,11,31,F,Maipú,S05,App,9,3,0,30320,0,1,6,1,Se mudó,1
VF105683,Basico,16,46,F,Vitacura,S05,Sucursal,5,2,0,20520,0,1,7,1,Precio,1
VF105684,Premium,18,42,F,Vitacura,S04,Sucursal,7,4,0,44170,1,0,10,0,,0
VF105685,Full,9,52,M,Maipú,S07,App,5,2,0,30260,0,1,10,1,,0
VF105686,Premium,15,60,M,Providencia,S08,Referido,8,5,0,45700,0,0,9,0,,0
VF105687,Full,5,44,F,Ñuñoa,S11,Campaña RRSS,9,5,1,28400,1,0,8,1,,0
VF105688,Basico,25,46,F,Maipú,S11,Web,3,1,0,20010,0,0,6,1,,0
VF105689,Basico,24,32,F,San Miguel,S09,Campaña RRSS,8,3,0,20250,0,0,5,0,,0
VF105690,Full,21,43,M,Concepción,S07,App,7,2,2,29170,1,0,5,1,,0
VF105691,Basico,44,28,M,La Florida,S08,Web,6,1,1,19920,1,0,7,1,,0
VF105692,Basico,18,34,F,Viña del Mar,S04,App,2,0,0,19600,0,2,5,0,Precio,1
VF105693,Basico,27,32,M,Ñuñoa,S10,Referido,1,0,1,18770,0,2,3,1,Se mudó,1
VF105694,Basico,47,36,M,Maipú,S10,App,1,0,0,20660,0,1,6,1,,0
VF105695,Basico,14,36,F,San Miguel,S11,App,5,3,0,20340,0,1,8,0,Se cambió de gimnasio,1
VF105696,Basico,20,39,F,La Florida,S04,Sucursal,3,1,0,21140,1,0,6,0,,0
VF105697,Basico,27,32,F,Maipú,S12,App,4,2,1,20480,1,0,6,1,,0
VF105698,Basico,3,26,F,Santiago,S01,Campaña RRSS,0,0,0,20050,0,0,8,5,Mala atención,1
VF105699,Basico,29,40,F,Puente Alto,S07,App,13,7,0,21030,0,0,10,1,,0
VF105700,Basico,4,29,M,Vitacura,S06,Web,3,0,0,20650,0,0,7,0,,0
VF105701,Basico,23,47,F,Puente Alto,S02,Referido,8,4,1,20480,0,0,10,1,,0
VF105702,Basico,59,53,M,Concepción,S11,Web,0,0,1,19360,1,2,6,5,,0
VF105703,Premium,15,48,M,Maipú,S06,App,8,3,0,45460,1,0,7,1,,0
VF105704,Full,13,35,M,Vitacura,S05,Web,4,2,0,31800,0,0,5,0,,0
VF105705,Basico,5,16,F,La Florida,S06,Web,0,0,1,20330,0,0,10,6,,0
VF105706,Full,12,16,F,Las Condes,S01,Campaña RRSS,9,6,2,30150,1,0,8,1,Mala atención,1
VF105707,Basico,17,22,F,La Florida,S10,Web,10,6,0,20540,0,0,7,0,,0
VF105708,Basico,12,36,M,Providencia,S06,Sucursal,1,0,1,20000,1,0,9,1,,0
VF105709,Basico,21,41,M,Temuco,S03,Sucursal,4,2,0,19180,1,1,10,0,Poco uso,1
VF105710,Premium,7,31,M,Vitacura,S10,Web,11,3,0,46710,1,1,3,0,,0
VF105711,Basico,39,28,M,La Florida,S12,Sucursal,1,0,0,20730,1,3,4,1,Poco uso,1
VF105712,Premium,25,36,M,San Miguel,S08,Referido,10,3,0,44770,1,0,8,1,,0
VF105713,Full,27,41,F,La Florida,S12,Sucursal,10,4,0,28730,1,1,9,1,,0
VF105714,Premium,14,30,M,Puente Alto,S06,App,9,5,0,47080,1,0,9,0,,0
VF105715,Basico,1,25,M,Las Condes,S01,Web,4,1,0,20490,1,0,8,1,Se mudó,1
VF105716,Basico,23,28,F,La Florida,S07,Referido,1,0,0,19060,0,0,5,1,,0
VF105717,Basico,28,33,F,Concepción,S12,Web,1,0,1,19760,1,2,6,0,,0
VF105718,Basico,15,23,F,San Miguel,S08,Campaña RRSS,1,0,1,19040,1,0,7,1,,0
VF105719,Basico,15,41,M,San Miguel,S04,Web,0,0,0,20060,1,1,4,2,Se mudó,1
VF105720,Basico,18,30,F,Providencia,S04,App,3,1,0,19020,0,1,8,1,,0
VF105721,Full,9,27,F,Maipú,S06,App,4,0,0,31660,1,0,10,1,,0
VF105722,Full,16,18,Otro,Concepción,S04,Referido,2,1,2,30430,1,1,8,0,,0
VF105723,Basico,19,38,F,San Miguel,S02,App,2,0,0,20360,1,2,7,1,,0
VF105724,Basico,7,46,F,La Florida,S07,Sucursal,5,3,0,20960,1,2,5,1,,0
VF105725,Full,26,38,M,Providencia,S05,Web,7,3,0,28720,1,0,8,0,Salud,1
VF105726,Basico,21,42,F,Concepción,S04,Web,4,2,1,19370,1,0,10,1,,0
VF105727,Basico,53,31,F,Las Condes,S08,App,4,1,2,20610,0,0,6,1,Salud,1
VF105728,Basico,25,16,F,Viña del Mar,S05,Web,2,1,1,20360,0,2,4,1,Poco uso,1
VF105729,Full,11,25,M,Santiago,S05,Web,11,5,0,30530,0,0,8,1,,0
VF105730,Basico,38,30,M,Las Condes,S04,App,4,1,0,20020,1,0,8,1,,0
VF105731,Full,9,39,F,Maipú,S05,Web,3,1,0,30110,1,0,7,1,,0
VF105732,Full,13,43,F,Vitacura,S12,Referido,11,6,0,29730,1,0,7,0,,0
VF105733,Basico,47,47,M,Temuco,S03,Referido,2,1,1,19940,0,1,9,1,,0
VF105734,Basico,8,26,F,Puente Alto,S11,App,3,1,0,20370,0,1,6,0,,0
VF105735,Basico,7,48,M,Providencia,S05,Web,4,2,1,20140,1,0,10,0,,0
VF105736,Basico,32,50,M,Providencia,S06,Sucursal,6,2,1,20070,0,0,9,1,,0
VF105737,Basico,15,29,M,Puente Alto,S02,Campaña RRSS,0,0,0,19600,0,0,6,3,Precio,1
VF105738,Full,14,16,M,Viña del Mar,S04,Sucursal,7,4,0,30230,1,0,10,1,,0
VF105739,Basico,11,61,M,San Miguel,S01,Web,2,0,0,19810,0,1,5,0,Mala atención,1
VF105740,Premium,29,16,F,Las Condes,S03,App,10,2,0,46850,0,1,0,0,,0
VF105741,Basico,6,31,F,La Florida,S03,Sucursal,3,0,0,20170,1,0,7,1,,0
VF105742,Basico,35,39,F,San Miguel,S04,Campaña RRSS,7,3,1,20100,1,0,9,1,,0
VF105743,Basico,50,23,F,Concepción,S06,App,3,1,0,19920,0,0,5,1,,0
VF105744,Full,20,42,F,Temuco,S08,Campaña RRSS,8,2,0,29300,1,0,5,0,,0
VF105745,Basico,22,39,M,Viña del Mar,S11,Sucursal,4,1,0,19960,1,1,10,1,,0
VF105746,Premium,4,25,M,Maipú,S12,App,9,3,0,44870,1,0,8,1,,0
VF105747,Basico,16,29,F,Temuco,S07,Referido,8,3,3,20320,0,1,9,0,,0
VF105748,Full,9,22,F,San Miguel,S06,Web,9,4,0,30460,0,0,3,0,,0
VF105749,Full,34,34,F,Santiago,S11,Campaña RRSS,3,1,0,30270,1,0,6,0,,0
VF105750,Basico,9,50,F,Santiago,S10,Web,12,5,0,20660,0,0,8,0,,0
VF105751,Full,10,53,F,Ñuñoa,S09,Campaña RRSS,11,7,1,29990,1,0,8,1,,0
VF105752,Basico,6,26,M,Concepción,S11,Web,7,3,1,19220,0,1,7,0,,0
VF105753,Basico,15,21,M,Puente Alto,S07,Web,6,2,1,19990,1,1,8,0,Mala atención,1
VF105754,Full,7,29,F,Providencia,S10,Referido,11,7,1,31770,1,0,7,1,,0
VF105755,Basico,3,46,M,Puente Alto,S04,Web,0,0,0,18980,0,1,7,1,,0
VF105756,Full,9,30,F,Maipú,S08,Sucursal,6,3,1,32310,1,1,5,1,Se mudó,1
VF105757,Basico,10,43,F,Maipú,S03,Web,1,0,0,19940,1,1,5,1,,0
VF105758,Premium,34,26,F,Las Condes,S04,App,14,7,0,45110,1,0,10,0,,0
VF105759,Basico,11,38,F,Providencia,S04,Web,2,1,1,18800,1,1,6,1,,0
VF105760,Full,8,42,F,Las Condes,S02,Sucursal,13,4,0,30500,1,0,9,0,,0
VF105761,Basico,15,35,M,Puente Alto,S11,Web,3,1,0,20860,1,1,7,1,,0
VF105762,Full,53,49,M,Ñuñoa,S02,App,7,3,0,28800,1,1,7,1,Mala atención,1
VF105763,Basico,4,49,F,San Miguel,S01,Sucursal,2,0,0,19760,0,3,5,1,Precio,1
VF105764,Basico,37,40,F,Las Condes,S05,Web,1,0,0,19990,1,0,10,1,Precio,1
VF105765,Basico,32,30,F,Providencia,S03,Referido,10,3,0,20840,0,0,7,1,,0
VF105766,Full,25,33,F,Ñuñoa,S06,App,6,2,0,28480,0,0,10,1,,0
VF105767,Basico,11,27,F,Temuco,S09,Web,2,0,0,19850,1,1,8,0,,0
VF105768,Full,16,24,F,Las Condes,S03,App,5,2,0,29050,1,0,6,1,,0
VF105769,Full,7,38,M,Providencia,S11,Web,12,6,1,30060,1,0,9,1,,0
VF105770,Full,26,42,F,Temuco,S07,Campaña RRSS,4,2,0,29180,1,1,10,1,,0
VF105771,Basico,48,45,M,Puente Alto,S02,Web,7,4,0,19220,1,1,6,0,,0
VF105772,Basico,13,36,M,Vitacura,S01,Campaña RRSS,3,0,1,20930,1,1,5,0,,0
VF105773,Full,18,31,M,Viña del Mar,S10,Web,8,3,1,30910,1,1,8,0,,0
VF105774,Basico,20,23,Otro,Concepción,S01,Web,4,1,0,19800,0,2,4,0,,0
VF105775,Full,25,32,M,Santiago,S03,App,11,5,2,30970,1,0,8,1,,0
VF105776,Full,13,33,M,Temuco,S07,Referido,10,2,0,30090,1,1,4,0,,0
VF105777,Full,26,26,M,San Miguel,S05,Sucursal,4,2,1,29450,1,0,8,1,,0
VF105778,Premium,47,48,F,Santiago,S09,App,7,1,0,44940,1,1,9,1,,0
VF105779,Premium,8,32,M,Vitacura,S02,Web,7,2,1,44500,1,0,9,0,,0
VF105780,Full,17,41,F,Concepción,S04,Sucursal,6,3,2,29280,1,0,8,0,,0
VF105781,Full,23,52,F,Ñuñoa,S09,Sucursal,6,3,0,30060,1,1,3,0,,0
VF105782,Basico,20,24,M,Las Condes,S05,Referido,5,2,0,18840,0,0,9,0,,0
VF105783,Full,26,33,F,San Miguel,S05,Referido,7,4,1,30380,0,0,7,1,,0
VF105784,Basico,7,32,F,Santiago,S04,Referido,6,2,0,19760,0,0,5,1,Salud,1
VF105785,Full,69,41,F,Temuco,S03,Campaña RRSS,12,4,0,31630,1,0,10,1,,0
VF105786,Premium,12,36,F,Viña del Mar,S08,Campaña RRSS,12,5,2,50670,1,0,8,1,,0
VF105787,Basico,53,35,M,San Miguel,S09,Sucursal,4,2,1,20250,0,3,3,1,,0
VF105788,Full,28,34,M,Providencia,S11,Referido,13,4,1,30330,1,0,8,0,Salud,1
VF105789,Premium,33,36,F,Ñuñoa,S07,Sucursal,11,4,1,47490,0,0,6,0,Salud,1
VF105790,Full,8,31,F,Temuco,S07,Referido,3,2,0,30230,1,1,10,0,Se mudó,1
VF105791,Basico,18,40,F,Vitacura,S04,Sucursal,2,0,1,18830,0,0,8,1,,0
VF105792,Full,20,57,F,Concepción,S03,Sucursal,7,2,1,29340,0,0,8,1,,0
VF105793,Full,20,42,M,San Miguel,S07,App,6,1,0,29310,0,0,5,1,,0
VF105794,Full,17,20,M,Las Condes,S09,Campaña RRSS,8,5,1,30400,1,0,10,0,,0
VF105795,Basico,9,31,F,Ñuñoa,S08,Campaña RRSS,5,2,0,19520,1,0,10,1,,0
VF105796,Basico,23,54,M,Viña del Mar,S05,App,5,2,1,19960,0,2,6,1,,0
VF105797,Full,70,19,F,Las Condes,S12,Campaña RRSS,7,2,0,32220,0,0,10,0,,0
VF105798,Basico,17,18,F,San Miguel,S11,Referido,0,0,1,19730,1,2,7,7,,0
VF105799,Basico,36,16,F,Las Condes,S11,Sucursal,5,3,0,19690,1,0,8,1,,0
VF105800,Full,4,39,M,San Miguel,S02,App,5,2,1,30400,1,0,8,1,Salud,1
VF105801,Full,20,49,F,Ñuñoa,S06,Web,6,2,0,30050,1,0,8,1,,0
VF105802,Basico,5,43,F,Temuco,S02,Sucursal,2,0,0,20860,1,1,4,0,Se mudó,1
VF105803,Basico,22,49,F,San Miguel,S11,App,4,1,1,19420,1,0,4,0,,0
VF105804,Premium,46,49,Otro,Las Condes,S01,Sucursal,8,3,1,47230,1,0,7,1,,0
VF105805,Basico,15,34,F,San Miguel,S06,Web,1,0,1,20960,0,4,6,1,Se mudó,1
VF105806,Full,20,38,F,Vitacura,S03,App,10,6,1,28820,1,0,9,0,,0
VF105807,Basico,14,19,M,Las Condes,S01,App,8,3,2,20550,0,0,6,0,,0
VF105808,Full,16,16,F,Santiago,S05,Sucursal,11,4,2,29190,1,2,5,1,,0
VF105809,Premium,8,16,F,San Miguel,S12,Campaña RRSS,15,6,0,46680,1,1,9,0,,0
VF105810,Basico,13,34,F,San Miguel,S07,App,5,1,0,21330,1,1,8,0,,0
VF105811,Basico,11,28,M,Las Condes,S05,Sucursal,4,2,0,19530,0,0,9,0,Se mudó,1
VF105812,Basico,22,61,F,La Florida,S06,Sucursal,5,2,0,19940,0,0,2,1,,0
VF105813,Full,18,32,F,Maipú,S11,Referido,4,1,0,31510,1,0,9,1,,0
VF105814,Premium,11,28,F,Maipú,S02,App,4,1,0,46860,0,0,7,0,,0
VF105815,Premium,12,35,M,San Miguel,S07,Web,7,2,0,44510,0,0,8,0,,0
VF105816,Basico,29,20,F,Ñuñoa,S04,App,5,2,0,19940,1,2,5,1,,0
VF105817,Full,10,61,M,Maipú,S01,Sucursal,8,2,1,29590,1,0,9,0,,0
VF105818,Basico,35,38,M,Temuco,S06,Web,0,0,1,20540,1,0,7,6,Se mudó,1
VF105819,Basico,50,47,F,Providencia,S06,Web,2,0,1,20670,1,1,8,0,,0
VF105820,Premium,14,54,M,Vitacura,S02,Campaña RRSS,14,5,0,46460,1,0,5,1,,0
VF105821,Full,15,45,F,La Florida,S09,Sucursal,11,5,3,32240,1,0,9,0,,0
VF105822,Basico,24,30,M,Vitacura,S11,Referido,0,0,0,19800,0,0,8,6,Se cambió de gimnasio,1
VF105823,Full,16,42,F,Temuco,S10,App,9,2,1,30110,0,0,7,1,,0
VF105824,Premium,9,16,F,Viña del Mar,S11,Referido,10,2,1,44370,1,1,6,1,,0
VF105825,Full,26,32,F,Viña del Mar,S03,Web,6,3,1,29010,1,0,7,0,,0
VF105826,Full,18,30,M,Las Condes,S10,Referido,6,1,1,31400,1,0,10,1,,0
VF105827,Basico,9,40,M,Providencia,S06,Referido,4,1,0,19580,0,0,5,1,,0
VF105828,Basico,12,23,M,Maipú,S04,Sucursal,3,1,1,19840,0,0,7,0,,0
VF105829,Full,12,56,F,San Miguel,S06,Sucursal,9,3,1,30360,0,1,6,1,Se cambió de gimnasio,1
VF105830,Full,27,27,F,Viña del Mar,S09,Sucursal,10,3,0,30860,1,0,8,1,,0
VF105831,Full,50,33,F,Santiago,S11,Campaña RRSS,10,3,0,29480,1,0,10,0,,0
VF105832,Basico,6,43,F,Vitacura,S07,Referido,0,0,0,19560,0,0,6,6,Precio,1
VF105833,Premium,19,16,F,Viña del Mar,S11,Web,12,6,1,46770,1,1,8,1,Precio,1
VF105834,Full,1,43,M,Maipú,S06,Referido,3,0,0,28140,1,1,7,0,Se cambió de gimnasio,1
VF105835,Full,16,41,F,Maipú,S08,Web,7,3,0,30160,1,0,9,1,,0
VF105836,Full,17,28,M,Vitacura,S06,Campaña RRSS,7,4,1,29610,1,0,10,1,Poco uso,1
VF105837,Full,8,33,F,Las Condes,S03,Sucursal,7,3,0,29740,0,0,7,0,,0
VF105838,Premium,32,21,F,Providencia,S08,Campaña RRSS,11,5,1,44260,1,0,10,0,,0
VF105839,Premium,17,37,F,San Miguel,S09,App,16,4,1,45440,0,1,6,1,,0
VF105840,Premium,17,45,M,Viña del Mar,S12,App,6,1,0,46640,1,0,7,1,Poco uso,1
VF105841,Full,23,34,M,Temuco,S01,Web,7,4,0,29530,1,1,10,1,,0
VF105842,Basico,18,42,F,Maipú,S02,Referido,1,0,0,20320,1,0,10,0,,0
VF105843,Basico,7,26,M,Puente Alto,S03,Web,6,3,1,20240,1,0,6,1,,0
VF105844,Basico,7,39,M,Vitacura,S08,App,5,2,0,19760,1,0,5,0,,0
VF105845,Full,21,29,F,Viña del Mar,S11,Sucursal,9,4,0,30680,0,0,10,0,,0
VF105846,Premium,15,21,F,Las Condes,S08,Web,13,6,0,45430,1,0,7,1,,0
VF105847,Basico,25,26,M,Santiago,S02,Sucursal,2,0,0,20700,0,0,8,1,,0
VF105848,Premium,25,39,F,Viña del Mar,S09,Web,6,4,1,46960,0,0,8,0,,0
VF105849,Full,12,54,M,La Florida,S11,Campaña RRSS,1,0,1,29620,1,2,5,0,,0
VF105850,Basico,18,42,M,Concepción,S09,Web,7,3,0,18970,0,0,8,1,,0
VF105851,Premium,39,40,M,La Florida,S11,Sucursal,4,1,0,47970,0,0,4,0,,0
VF105852,Premium,5,34,F,Temuco,S10,Referido,5,3,1,46090,0,0,6,0,,0
VF105853,Basico,4,50,F,Ñuñoa,S02,Referido,6,3,0,20220,1,0,10,1,,0
VF105854,Full,7,16,F,Santiago,S01,Referido,1,0,0,29140,1,1,5,1,,0
VF105855,Basico,45,21,F,Las Condes,S01,App,0,0,0,19850,0,3,4,1,Precio,1
VF105856,Basico,22,38,M,Concepción,S06,Web,5,2,0,19710,0,1,7,0,,0
VF105857,Full,27,30,F,Santiago,S12,Campaña RRSS,9,4,0,30610,1,0,9,1,,0
VF105858,Full,43,48,F,Temuco,S10,Campaña RRSS,9,6,0,31010,1,1,9,1,,0
VF105859,Full,17,35,M,La Florida,S12,Referido,7,2,0,29350,0,1,8,1,,0
VF105860,Premium,16,39,F,Viña del Mar,S09,Web,8,2,0,47140,1,0,9,1,,0
VF105861,Full,20,50,M,Maipú,S07,App,8,2,0,30310,1,0,6,0,,0
VF105862,Premium,17,43,F,Ñuñoa,S08,Campaña RRSS,5,2,0,45920,1,0,9,0,,0
VF105863,Full,10,49,M,Concepción,S02,Web,6,3,0,30090,1,1,6,1,,0
VF105864,Full,14,30,M,Ñuñoa,S02,App,9,3,0,29620,1,1,5,1,,0
VF105865,Full,26,23,M,Viña del Mar,S08,Sucursal,8,4,0,31110,0,0,9,0,,0
VF105866,Basico,14,27,F,San Miguel,S09,Referido,7,2,0,20360,1,0,8,0,,0
VF105867,Full,13,35,F,Santiago,S07,Web,17,6,0,29950,1,0,9,0,,0
VF105868,Basico,53,34,F,Puente Alto,S03,Web,3,1,0,19660,1,0,9,1,,0
VF105869,Full,10,45,F,Santiago,S08,Web,15,8,2,29410,1,0,9,0,,0
VF105870,Full,27,16,M,Providencia,S12,Sucursal,4,2,1,29680,1,0,7,1,,0
VF105871,Full,9,26,M,San Miguel,S07,App,11,4,1,29920,1,0,5,0,,0
VF105872,Full,12,41,M,Maipú,S06,Campaña RRSS,5,2,0,28990,1,1,7,0,,0
VF105873,Premium,11,16,F,Santiago,S12,Sucursal,14,4,0,46280,0,0,9,0,,0
VF105874,Premium,30,33,M,Las Condes,S09,Web,7,2,2,45360,1,0,8,0,,0
VF105875,Basico,11,17,M,La Florida,S04,App,2,0,0,19840,0,0,5,1,,0
VF105876,Basico,11,67,F,Ñuñoa,S01,App,0,0,0,19870,1,2,9,6,Se cambió de gimnasio,1
VF105877,Premium,24,49,F,Vitacura,S11,Campaña RRSS,7,4,0,46750,0,0,7,0,Precio,1
VF105878,Full,2,39,F,Vitacura,S12,Campaña RRSS,10,2,0,31120,1,0,8,1,Salud,1
VF105879,Basico,66,31,F,Puente Alto,S07,App,2,0,0,20250,1,0,10,1,,0
VF105880,Premium,24,28,F,Santiago,S09,Referido,5,2,0,45360,1,0,6,1,,0
VF105881,Full,31,16,M,Santiago,S07,Web,14,9,0,29990,1,0,10,0,,0
VF105882,Basico,6,30,M,Concepción,S07,Web,4,1,0,18020,1,0,10,1,,0
VF105883,Basico,41,36,M,Temuco,S12,Web,0,0,1,20060,1,1,6,6,Poco uso,1
VF105884,Full,14,30,M,Viña del Mar,S05,Sucursal,11,3,1,30220,1,0,7,0,,0
VF105885,Premium,27,24,M,Las Condes,S04,Web,10,3,0,48350,1,0,6,0,Se cambió de gimnasio,1
VF105886,Full,15,40,M,Santiago,S06,Web,6,4,0,30870,1,0,9,0,,0
VF105887,Basico,40,49,F,Ñuñoa,S02,Web,0,0,1,19520,1,1,7,1,,0
VF105888,Basico,26,51,F,Viña del Mar,S06,Referido,0,0,0,19550,1,2,4,1,Salud,1
VF105889,Full,26,16,F,Temuco,S04,Sucursal,6,3,0,31580,1,1,6,0,,0
VF105890,Full,24,28,F,Puente Alto,S05,Web,7,2,0,30090,0,0,5,0,,0
VF105891,Full,9,51,M,Las Condes,S01,Sucursal,8,5,0,31140,1,0,5,1,,0
VF105892,Full,12,27,M,San Miguel,S07,Web,7,3,1,30030,1,1,3,0,,0
VF105893,Basico,8,49,M,La Florida,S04,Referido,3,1,2,20210,1,1,8,0,,0
VF105894,Full,34,41,M,Vitacura,S07,App,8,2,0,29550,1,0,6,0,,0
VF105895,Premium,6,39,F,Ñuñoa,S12,App,4,2,1,47970,1,0,7,1,Se mudó,1
VF105896,Basico,12,27,M,Temuco,S10,Sucursal,2,1,1,20630,1,0,10,0,Salud,1
VF105897,Basico,30,35,M,Las Condes,S09,Web,0,0,0,19870,1,0,10,3,,0
VF105898,Full,14,36,M,Concepción,S01,App,9,3,0,28960,1,0,7,0,,0
VF105899,Premium,10,27,M,Santiago,S03,Referido,7,3,0,46500,1,0,9,1,,0
VF105900,Basico,4,45,M,Ñuñoa,S01,Sucursal,1,0,0,20280,0,1,7,1,,0
VF105901,Full,22,32,F,Temuco,S07,Referido,6,3,1,29670,1,1,5,1,,0
VF105902,Basico,17,50,M,Providencia,S11,Web,3,0,1,20650,1,3,4,1,,0
VF105903,Basico,6,16,F,Puente Alto,S03,Web,3,1,1,20310,0,0,9,0,Poco uso,1
VF105904,Basico,23,33,M,Vitacura,S05,Web,1,0,1,20170,0,1,8,1,Mala atención,1
VF105905,Basico,8,36,F,Ñuñoa,S07,Referido,2,1,3,20390,0,0,7,1,,0
VF105906,Full,19,31,F,Viña del Mar,S04,Web,1,0,0,31280,1,3,5,1,,0
VF105907,Premium,12,35,F,Santiago,S01,App,13,6,0,47450,1,0,6,1,Se mudó,1
VF105908,Full,19,28,F,Providencia,S08,Web,8,3,0,28930,1,0,8,1,,0
VF105909,Full,60,51,M,Temuco,S04,App,6,1,1,30500,0,0,7,0,,0
VF105910,Basico,16,33,M,Maipú,S11,App,3,1,0,19850,0,0,9,0,,0
VF105911,Basico,8,29,M,Viña del Mar,S10,Campaña RRSS,4,1,1,19550,1,1,9,0,,0
VF105912,Full,25,39,M,Providencia,S10,Sucursal,7,3,2,29990,1,1,8,1,,0
VF105913,Premium,18,40,F,Las Condes,S11,App,11,3,2,45350,1,0,10,0,,0
VF105914,Basico,7,26,M,Vitacura,S11,Campaña RRSS,4,2,0,20410,1,0,7,1,,0
VF105915,Full,5,42,F,Santiago,S03,Referido,5,2,2,28750,1,1,8,1,,0
VF105916,Full,30,24,M,Santiago,S10,Referido,5,3,0,30210,1,0,10,0,,0
VF105917,Full,21,20,F,La Florida,S12,Web,8,3,0,30550,1,0,10,1,,0
VF105918,Basico,37,55,F,Las Condes,S09,Web,2,1,2,19520,0,3,7,0,,0
VF105919,Basico,20,39,F,Providencia,S11,Web,3,1,0,20350,0,0,9,1,,0
VF105920,Full,12,49,F,Vitacura,S10,App,5,1,0,30480,1,0,6,0,,0
VF105921,Premium,17,40,Otro,Maipú,S08,Web,10,4,0,44270,1,0,9,0,,0
VF105922,Basico,58,39,F,Concepción,S03,Referido,2,0,0,20290,1,0,10,1,,0
VF105923,Full,10,26,F,Puente Alto,S01,Web,1,0,0,29510,0,2,4,1,,0
VF105924,Basico,18,18,F,Las Condes,S05,Referido,0,0,0,20260,1,0,7,2,Se mudó,1
VF105925,Premium,6,16,F,Santiago,S11,Web,12,4,0,45500,1,1,9,1,,0
VF105926,Premium,4,25,M,Viña del Mar,S09,Referido,12,6,0,47570,1,0,8,1,,0
VF105927,Full,21,16,F,Las Condes,S06,Web,6,1,0,31210,1,1,5,1,,0
VF105928,Basico,28,28,M,Las Condes,S09,Sucursal,7,3,0,20360,0,0,10,1,,0
VF105929,Basico,49,57,F,Las Condes,S07,Web,0,0,0,20920,1,3,8,5,,0
VF105930,Premium,5,40,F,Vitacura,S01,Web,9,3,1,47420,1,0,10,1,,0
VF105931,Full,7,39,F,Vitacura,S03,Referido,11,3,0,31010,1,1,6,1,Precio,1
VF105932,Basico,48,41,F,Santiago,S09,Sucursal,4,2,1,19410,0,0,5,1,,0
VF105933,Basico,11,30,M,Maipú,S04,App,0,0,0,20140,1,0,4,6,,0
VF105934,Full,15,25,M,Puente Alto,S05,Web,3,1,1,29340,1,2,7,0,,0
VF105935,Full,21,16,M,Santiago,S12,App,4,1,0,30230,1,0,8,1,,0
VF105936,Basico,10,39,F,Puente Alto,S11,Referido,3,0,0,20400,1,0,5,1,,0
VF105937,Basico,11,42,F,Viña del Mar,S06,Campaña RRSS,5,3,0,20430,0,1,8,1,,0
VF105938,Premium,24,32,F,Providencia,S03,App,12,6,1,47670,1,0,6,0,,0
VF105939,Full,16,46,F,Temuco,S05,Web,4,2,0,31090,1,0,8,0,,0
VF105940,Basico,48,16,M,La Florida,S02,Sucursal,7,4,1,20160,1,0,8,1,,0
VF105941,Basico,30,22,F,San Miguel,S02,Sucursal,8,2,0,20870,0,0,6,1,Mala atención,1
VF105942,Basico,38,20,F,Vitacura,S10,Campaña RRSS,12,2,1,20220,0,0,6,0,,0
VF105943,Basico,18,39,F,Puente Alto,S01,Referido,1,0,0,19630,1,1,6,0,,0
VF105944,Basico,13,16,F,Las Condes,S04,Sucursal,3,1,0,19490,0,0,5,1,,0
VF105945,Full,16,26,M,Las Condes,S07,Web,5,2,1,29090,1,0,10,0,,0
VF105946,Full,57,32,M,Ñuñoa,S04,Sucursal,3,1,0,29010,1,0,6,0,,0
VF105947,Basico,10,38,F,Temuco,S03,Web,8,3,0,20390,0,0,10,0,,0
VF105948,Full,40,31,M,La Florida,S04,Sucursal,7,2,1,30620,1,0,10,0,,0
VF105949,Basico,17,34,M,Ñuñoa,S01,App,7,4,0,19550,0,0,7,0,,0
VF105950,Basico,16,16,F,Providencia,S03,Sucursal,7,2,0,20410,0,0,6,0,,0
VF105951,Full,18,63,M,Concepción,S05,App,7,4,0,30050,0,1,7,1,,0
VF105952,Basico,17,33,M,Providencia,S10,App,2,1,0,18700,0,0,9,1,,0
VF105953,Full,11,30,F,Maipú,S10,Web,9,5,0,29430,0,0,6,0,Se mudó,1
VF105954,Basico,30,43,Otro,Santiago,S12,App,2,0,1,20120,1,2,9,1,,0
VF105955,Basico,25,43,M,Puente Alto,S08,Sucursal,3,1,1,20020,1,0,8,0,,0
VF105956,Basico,5,46,M,Maipú,S12,Web,0,0,2,20130,1,1,10,5,Se cambió de gimnasio,1
VF105957,Full,53,18,F,La Florida,S05,Referido,2,0,2,29490,1,1,10,1,,0
VF105958,Basico,23,30,M,San Miguel,S07,App,3,1,1,19280,1,0,7,0,,0
VF105959,Full,29,30,F,Temuco,S09,Web,8,5,0,29570,1,0,6,0,,0
VF105960,Basico,5,36,F,Ñuñoa,S11,App,3,1,0,20540,0,2,7,1,,0
VF105961,Premium,28,16,M,Maipú,S01,App,8,4,1,46060,1,0,9,0,,0
VF105962,Full,19,40,F,Vitacura,S12,App,4,1,1,28790,1,0,8,0,,0
VF105963,Full,44,50,F,Viña del Mar,S01,Web,8,3,1,29260,0,0,5,0,,0
VF105964,Basico,4,44,M,Puente Alto,S05,Web,3,0,1,20160,0,0,7,0,Se cambió de gimnasio,1
VF105965,Premium,31,51,M,Concepción,S02,Web,12,7,0,45830,0,0,8,0,,0
VF105966,Basico,10,37,M,Concepción,S04,App,6,3,0,20810,0,0,10,0,,0
VF105967,Premium,7,28,F,Vitacura,S12,Sucursal,9,5,2,47050,1,0,10,0,,0
VF105968,Full,15,24,M,Providencia,S04,Web,11,4,0,29820,0,0,6,1,Mala atención,1
VF105969,Full,49,40,F,Viña del Mar,S03,Web,8,2,0,31010,1,0,7,1,,0
VF105970,Basico,40,35,F,Providencia,S07,App,5,1,0,20290,0,0,6,1,,0
VF105971,Full,11,23,F,Puente Alto,S02,Sucursal,9,1,2,28630,1,0,5,1,,0
VF105972,Basico,7,43,M,Las Condes,S12,App,2,0,0,19500,0,0,7,0,,0
VF105973,Full,8,38,M,San Miguel,S01,App,13,5,1,29950,1,0,5,1,,0
VF105974,Premium,23,18,M,Vitacura,S04,App,13,7,0,49820,1,1,5,0,,0
VF105975,Full,12,21,M,Concepción,S08,Web,6,1,1,28690,1,1,10,1,,0
VF105976,Basico,13,59,F,Las Condes,S06,Campaña RRSS,0,0,0,19420,0,0,8,3,,0
VF105977,Basico,18,42,M,San Miguel,S09,Web,2,0,0,19820,0,1,3,0,,0
VF105978,Full,16,49,F,Puente Alto,S09,App,10,6,1,29690,0,0,8,1,,0
VF105979,Basico,8,43,F,Viña del Mar,S04,Campaña RRSS,3,1,0,20270,0,0,9,1,,0
VF105980,Full,16,33,F,La Florida,S10,App,9,5,0,31470,1,0,8,1,,0
VF105981,Basico,36,30,F,Concepción,S05,Web,2,0,0,19610,0,3,7,1,,0
VF105982,Full,17,47,M,Providencia,S10,Campaña RRSS,7,4,2,30950,1,0,8,0,,0
VF105983,Basico,20,28,F,Ñuñoa,S08,Campaña RRSS,8,2,0,20600,1,0,7,1,,0
VF105984,Full,32,30,F,Puente Alto,S05,Web,7,1,0,29730,1,0,10,1,,0
VF105985,Full,41,32,M,Temuco,S12,Web,5,3,0,30510,0,1,8,0,,0
VF105986,Full,16,49,F,Providencia,S05,Campaña RRSS,2,0,1,29040,0,0,8,0,,0
VF105987,Full,24,16,F,Temuco,S08,Web,12,3,0,30230,1,0,7,1,,0
VF105988,Full,2,16,M,Ñuñoa,S09,Sucursal,6,1,0,28810,1,0,10,1,Mala atención,1
VF105989,Full,51,38,F,Providencia,S09,Referido,8,5,0,30980,1,0,5,0,,0
VF105990,Full,22,16,F,Concepción,S02,Referido,5,1,1,29850,1,0,7,0,,0
VF105991,Basico,15,25,F,La Florida,S08,Web,5,3,0,20450,0,0,7,1,,0
VF105992,Full,6,35,M,Viña del Mar,S01,App,6,1,0,30310,1,0,5,1,,0
VF105993,Basico,10,25,M,Puente Alto,S03,App,3,1,1,20830,0,0,7,0,,0
VF105994,Premium,9,32,M,Maipú,S06,App,10,5,0,45370,1,0,10,1,,0
VF105995,Premium,20,29,M,Vitacura,S09,App,11,2,0,46310,0,0,6,1,,0
VF105996,Basico,14,24,M,La Florida,S07,Sucursal,5,2,1,19810,0,0,2,1,,0
VF105997,Premium,37,38,M,Providencia,S12,App,11,7,1,45980,1,0,9,0,,0
VF105998,Basico,5,42,M,Ñuñoa,S09,App,3,2,0,20760,1,0,8,1,,0
VF105999,Basico,45,34,F,Viña del Mar,S09,Web,1,0,0,19770,1,3,9,1,Salud,1
VF106000,Basico,3,34,F,Viña del Mar,S12,Referido,6,1,2,19890,0,2,5,0,,0
VF106001,Full,19,29,M,Santiago,S07,App,9,5,0,31320,0,0,8,0,,0
VF106002,Full,18,29,M,Ñuñoa,S02,App,4,2,0,29630,1,0,8,1,,0
VF106003,Basico,11,43,M,Las Condes,S03,Sucursal,3,1,0,19040,1,0,8,0,,0
VF106004,Full,12,48,F,Santiago,S08,App,5,1,0,29170,1,0,7,1,,0
VF106005,Premium,30,32,F,La Florida,S10,Web,8,4,0,44130,0,0,6,0,,0
VF106006,Full,41,17,F,Providencia,S06,Sucursal,8,3,0,29950,1,0,8,1,,0
VF106007,Full,9,47,M,La Florida,S01,Sucursal,5,1,1,28640,1,0,6,0,,0
VF106008,Basico,6,35,F,Viña del Mar,S12,Sucursal,5,1,1,20530,1,0,7,1,,0
VF106009,Full,13,36,F,Temuco,S02,Referido,6,3,1,31530,0,1,8,0,Poco uso,1
VF106010,Full,35,39,M,Temuco,S09,Campaña RRSS,11,6,3,31760,1,0,5,0,,0
VF106011,Full,9,31,F,Puente Alto,S02,Referido,7,3,0,28990,1,0,8,1,,0
VF106012,Basico,3,20,M,Maipú,S05,Campaña RRSS,4,2,0,19930,1,0,8,1,Mala atención,1
VF106013,Full,8,48,F,Puente Alto,S07,Sucursal,1,0,0,30360,1,0,8,1,Se cambió de gimnasio,1
VF106014,Full,7,47,M,La Florida,S09,Web,2,1,1,29890,1,2,9,1,,0
VF106015,Basico,59,29,M,Vitacura,S11,Sucursal,1,0,3,20210,0,4,1,0,Se mudó,1
VF106016,Basico,21,27,M,Concepción,S03,Referido,0,0,0,19880,0,0,10,7,Precio,1
VF106017,Basico,19,36,F,Vitacura,S11,Referido,0,0,0,18660,1,2,6,4,Salud,1
VF106018,Basico,14,33,M,Santiago,S03,Sucursal,3,1,0,19800,1,0,10,1,,0
VF106019,Basico,26,45,F,Concepción,S01,Campaña RRSS,0,0,0,19250,0,0,8,5,,0
VF106020,Basico,36,34,M,Concepción,S04,Web,4,2,0,19310,0,0,10,1,,0
VF106021,Premium,22,30,F,Concepción,S01,Sucursal,16,7,1,46650,0,0,9,1,,0
VF106022,Full,18,29,F,Santiago,S03,Sucursal,6,3,1,30490,1,1,9,0,,0
VF106023,Full,4,46,F,Las Condes,S12,App,8,1,0,28740,0,1,6,1,Poco uso,1
VF106024,Basico,3,45,F,Providencia,S04,Web,10,5,0,20110,0,0,9,1,,0
VF106025,Premium,29,34,F,San Miguel,S10,Sucursal,4,2,0,47520,1,2,10,1,Se mudó,1
VF106026,Premium,25,57,F,Concepción,S08,Sucursal,9,4,0,46220,1,0,6,1,,0
VF106027,Basico,13,27,M,San Miguel,S03,Web,5,2,0,18850,0,0,7,0,,0
VF106028,Basico,27,38,M,Temuco,S11,Web,5,1,2,20720,1,1,9,1,Salud,1
VF106029,Premium,20,44,F,Viña del Mar,S03,Sucursal,15,3,1,47700,1,0,5,0,,0
VF106030,Full,5,29,F,Viña del Mar,S12,Web,7,4,0,29900,1,0,9,1,,0
VF106031,Basico,11,16,M,Maipú,S12,Web,0,0,0,19620,0,2,6,6,Se mudó,1
VF106032,Full,3,43,M,Vitacura,S09,Web,8,5,1,30940,0,0,7,1,Precio,1
VF106033,Basico,18,35,F,Concepción,S08,Referido,0,0,0,20540,0,1,7,1,Se cambió de gimnasio,1
VF106034,Full,4,16,F,Santiago,S11,App,7,1,1,29100,1,0,10,0,,0
VF106035,Full,19,38,M,Temuco,S10,App,14,5,0,30150,1,0,8,1,Se cambió de gimnasio,1
VF106036,Basico,9,35,F,Ñuñoa,S07,Referido,5,1,2,19680,0,0,3,0,,0
VF106037,Basico,11,27,M,Providencia,S11,Sucursal,5,3,0,19810,0,0,5,0,,0
VF106038,Premium,56,28,F,La Florida,S06,App,5,1,0,45760,0,0,8,0,,0
VF106039,Full,16,32,F,Puente Alto,S05,Sucursal,7,4,0,30610,1,0,10,0,,0
VF106040,Basico,7,40,M,Las Condes,S10,App,13,3,1,20240,0,0,7,1,,0
VF106041,Premium,27,23,Otro,Temuco,S10,Campaña RRSS,2,1,0,46240,1,2,4,1,,0
VF106042,Basico,30,16,F,La Florida,S01,App,4,0,2,19660,1,1,8,0,,0
VF106043,Premium,40,32,M,Puente Alto,S06,Referido,9,4,0,47330,1,0,6,1,,0
VF106044,Full,29,41,F,Las Condes,S09,Sucursal,11,5,0,30920,1,0,10,1,Precio,1
VF106045,Full,26,38,F,Las Condes,S11,App,5,1,0,30190,1,0,10,1,,0
VF106046,Basico,32,35,F,Ñuñoa,S09,Referido,7,1,0,19890,1,0,10,1,,0
VF106047,Basico,15,42,F,Concepción,S06,Sucursal,0,0,0,19850,0,2,7,2,,0
VF106048,Full,9,24,F,San Miguel,S12,Web,5,1,1,29900,0,1,6,0,,0
VF106049,Basico,45,35,M,Vitacura,S08,Campaña RRSS,8,2,1,19340,1,0,10,1,,0
VF106050,Full,2,39,M,La Florida,S06,Web,3,1,0,30230,1,1,6,1,Poco uso,1
VF106051,Basico,6,24,M,Temuco,S04,Sucursal,4,2,0,19520,0,0,6,1,,0
VF106052,Basico,20,20,F,Ñuñoa,S10,Campaña RRSS,8,2,0,19290,0,0,6,1,,0
VF106053,Full,8,35,F,San Miguel,S09,Web,6,2,0,28630,0,0,5,1,Se mudó,1
VF106054,Basico,17,33,F,Santiago,S07,Referido,2,0,2,19230,0,0,7,0,,0
VF106055,Basico,7,29,M,Viña del Mar,S02,Web,0,0,0,20820,0,4,1,5,Poco uso,1
VF106056,Premium,2,31,M,Concepción,S02,App,7,3,1,45220,0,1,4,1,Se cambió de gimnasio,1
VF106057,Basico,37,43,M,Vitacura,S04,Campaña RRSS,0,0,1,19630,0,4,5,4,Precio,1
VF106058,Full,20,44,F,Las Condes,S08,Campaña RRSS,4,2,2,29530,1,0,9,1,,0
VF106059,Full,14,39,F,Temuco,S04,Campaña RRSS,7,4,1,30530,0,1,5,1,Se cambió de gimnasio,1
VF106060,Full,5,25,F,Maipú,S12,Referido,9,4,0,29780,1,0,8,0,,0
VF106061,Full,4,49,M,Las Condes,S12,Web,10,5,1,31120,1,0,7,0,,0
VF106062,Basico,6,56,M,Vitacura,S06,Sucursal,6,3,0,20290,1,0,8,0,,0
VF106063,Full,14,32,F,Maipú,S11,Referido,5,1,0,27530,1,1,6,1,,0
VF106064,Premium,25,31,F,San Miguel,S03,Web,8,1,0,46090,1,1,7,1,,0
VF106065,Full,72,20,M,Las Condes,S05,Web,3,1,1,30890,1,0,6,0,,0
VF106066,Basico,9,31,F,Viña del Mar,S10,Referido,0,0,1,20440,0,0,5,1,Poco uso,1
VF106067,Premium,5,36,M,Temuco,S04,Referido,8,3,1,47270,0,0,7,0,Salud,1
VF106068,Full,61,34,M,Santiago,S09,Sucursal,10,5,0,31230,1,0,10,0,,0
VF106069,Basico,5,35,F,Santiago,S01,App,3,0,0,20730,0,0,6,1,Se mudó,1
VF106070,Full,4,40,F,Temuco,S06,Web,7,3,1,30900,1,0,7,0,,0
VF106071,Full,2,37,M,Santiago,S08,App,8,1,0,29920,1,0,10,1,,0
VF106072,Basico,11,47,F,Las Condes,S10,App,3,1,0,20230,0,0,8,1,,0
VF106073,Basico,5,19,F,Santiago,S03,Referido,6,2,0,19980,1,0,7,0,,0
VF106074,Premium,11,16,F,Temuco,S03,Web,5,1,0,47210,1,0,9,0,,0
VF106075,Full,37,55,M,La Florida,S04,App,3,1,0,31000,0,0,7,1,,0
VF106076,Basico,32,33,F,La Florida,S01,Referido,2,0,0,19370,1,1,7,1,,0
VF106077,Premium,28,30,M,Santiago,S10,Sucursal,13,3,1,45630,1,0,7,0,,0
VF106078,Full,30,43,F,Santiago,S09,Campaña RRSS,2,1,2,30590,1,1,10,0,,0
VF106079,Basico,11,45,F,Las Condes,S06,Web,9,4,0,20170,0,0,8,1,,0
VF106080,Full,54,51,M,San Miguel,S11,Referido,5,2,0,30690,1,1,5,1,,0
VF106081,Basico,33,43,F,La Florida,S10,Web,3,0,0,20710,0,0,10,1,,0
VF106082,Basico,61,21,M,Temuco,S09,Referido,9,4,0,18680,0,0,7,0,,0
VF106083,Full,23,16,F,Puente Alto,S09,App,8,2,0,29470,1,1,9,1,,0
VF106084,Premium,32,21,M,Providencia,S03,App,15,9,0,46010,1,0,9,1,,0
VF106085,Full,19,30,F,Puente Alto,S09,App,8,4,0,30510,0,0,5,1,,0
VF106086,Basico,10,28,F,Providencia,S06,Sucursal,6,1,0,19170,1,0,8,1,,0
VF106087,Full,19,32,M,La Florida,S02,Sucursal,6,1,0,32080,0,1,6,0,,0
VF106088,Full,17,41,F,La Florida,S03,Referido,11,6,1,30610,1,1,6,1,Precio,1
VF106089,Full,6,35,M,Ñuñoa,S05,App,5,2,1,29030,1,0,7,1,Poco uso,1
VF106090,Premium,35,40,M,Santiago,S05,Web,8,5,2,46420,0,0,6,1,,0
VF106091,Full,15,21,M,Puente Alto,S01,Sucursal,9,2,0,29970,1,0,10,1,,0
VF106092,Full,15,42,F,Providencia,S05,App,2,0,0,30750,1,1,3,0,Salud,1
VF106093,Basico,17,41,F,Maipú,S07,Sucursal,2,0,0,18890,1,3,6,1,Poco uso,1
VF106094,Basico,17,28,M,Concepción,S05,App,9,4,1,20640,1,0,7,0,,0
VF106095,Full,23,41,F,Puente Alto,S03,Campaña RRSS,11,4,0,29410,0,0,7,1,,0
VF106096,Full,22,47,M,Las Condes,S11,Campaña RRSS,5,3,0,30330,1,0,6,0,,0
VF106097,Basico,16,41,M,Providencia,S09,App,4,1,0,19480,1,0,8,0,,0
VF106098,Basico,6,34,F,Santiago,S03,App,2,0,1,20000,0,2,5,1,Mala atención,1
VF106099,Full,28,50,F,Ñuñoa,S05,Web,2,1,0,27340,1,0,10,0,,0
VF106100,Basico,17,30,M,San Miguel,S12,Referido,3,1,0,20000,1,0,5,1,,0
VF106101,Basico,31,49,Otro,La Florida,S12,Web,3,1,0,20460,1,0,9,1,,0
VF106102,Full,22,49,F,Ñuñoa,S12,Web,6,2,0,29890,1,1,10,1,,0
VF106103,Basico,10,43,M,Temuco,S12,Campaña RRSS,2,0,0,20160,0,1,6,1,Poco uso,1
VF106104,Premium,30,59,F,Viña del Mar,S04,Web,7,3,0,44220,0,0,7,0,,0
VF106105,Full,12,29,F,Providencia,S03,Referido,3,1,0,30000,1,0,4,0,,0
VF106106,Full,18,31,F,San Miguel,S11,Web,0,0,0,29190,1,0,10,6,Mala atención,1
VF106107,Premium,34,26,F,Puente Alto,S09,Referido,6,2,1,46620,1,1,10,0,,0
VF106108,Full,17,31,M,Temuco,S10,Referido,3,1,1,29380,0,0,10,1,,0
VF106109,Basico,13,27,F,Puente Alto,S12,App,7,1,1,20770,0,0,4,1,Poco uso,1
VF106110,Full,22,55,F,Concepción,S08,Campaña RRSS,2,1,1,28270,1,0,8,0,,0
VF106111,Basico,10,32,F,Maipú,S06,App,7,1,0,20580,1,0,9,0,,0
VF106112,Basico,18,39,F,Ñuñoa,S10,Web,2,1,0,19980,1,1,7,0,,0
VF106113,Basico,11,39,F,San Miguel,S03,Web,4,2,1,19810,0,1,7,1,,0
VF106114,Full,6,26,F,Ñuñoa,S01,App,5,3,2,28540,1,1,9,0,,0
VF106115,Full,5,46,F,Concepción,S01,Web,8,3,2,28650,1,0,10,0,,0
VF106116,Full,7,44,M,Ñuñoa,S09,App,5,1,0,29880,0,1,10,1,Mala atención,1
VF106117,Basico,10,28,M,San Miguel,S11,Referido,1,0,1,19530,1,0,10,1,,0
VF106118,Basico,3,60,M,Maipú,S07,Web,0,0,1,20050,1,1,10,7,Poco uso,1
VF106119,Premium,24,32,F,Puente Alto,S08,App,11,6,2,46200,1,0,10,0,,0
VF106120,Full,27,26,Otro,La Florida,S01,App,7,2,0,29770,1,2,5,0,,0
VF106121,Full,14,44,F,Viña del Mar,S10,Web,0,0,2,31420,1,3,8,4,,0
VF106122,Premium,7,25,M,La Florida,S10,Campaña RRSS,15,10,0,46870,1,0,10,1,,0
VF106123,Full,24,29,F,San Miguel,S03,Campaña RRSS,6,4,0,30550,1,2,6,1,,0
VF106124,Full,30,37,F,San Miguel,S09,App,5,2,0,30720,1,1,7,1,,0
VF106125,Full,15,24,F,Maipú,S01,App,3,2,1,28740,1,0,9,0,,0
VF106126,Premium,11,54,M,La Florida,S12,Referido,15,3,0,45190,1,0,5,0,Poco uso,1
VF106127,Full,7,24,M,La Florida,S05,Web,10,4,0,29480,1,0,8,0,,0
VF106128,Basico,28,28,M,Vitacura,S06,Web,4,1,0,20350,1,0,9,1,,0
VF106129,Basico,13,44,F,San Miguel,S10,App,6,3,1,19570,0,0,10,0,,0
VF106130,Full,18,39,M,Las Condes,S10,Referido,6,3,0,31050,1,1,10,0,,0
VF106131,Basico,17,34,M,Maipú,S12,Web,4,1,1,20080,1,0,5,1,,0
VF106132,Basico,4,42,F,Providencia,S02,Sucursal,4,1,0,19660,1,0,6,0,,0
VF106133,Premium,16,19,M,San Miguel,S12,Campaña RRSS,3,1,0,48190,1,0,5,1,,0
VF106134,Basico,23,55,F,Santiago,S11,Web,3,1,0,20230,0,1,3,0,,0
VF106135,Basico,10,47,M,Viña del Mar,S07,Referido,4,2,1,19510,1,0,6,0,,0
VF106136,Full,9,46,F,Santiago,S08,Referido,10,6,0,29860,0,0,7,1,,0
VF106137,Basico,32,51,F,Puente Alto,S07,Web,2,0,2,19850,0,0,10,0,Mala atención,1
VF106138,Full,22,21,M,Ñuñoa,S08,App,6,2,0,29340,1,0,6,0,Precio,1
VF106139,Basico,6,42,M,La Florida,S03,Web,8,2,0,19070,1,0,10,1,,0
VF106140,Full,13,56,M,Viña del Mar,S06,Web,16,10,1,28080,1,0,8,1,Se cambió de gimnasio,1
VF106141,Basico,7,38,F,Las Condes,S08,Referido,3,1,0,20070,0,0,9,1,,0
VF106142,Full,23,37,F,Ñuñoa,S11,App,3,0,0,30450,1,0,8,1,,0
VF106143,Full,15,30,F,Maipú,S05,App,9,4,0,29740,1,0,10,1,Se cambió de gimnasio,1
VF106144,Basico,26,37,F,Vitacura,S01,App,3,1,1,19460,0,0,6,0,,0
VF106145,Full,10,38,M,Las Condes,S06,Referido,4,2,0,29060,1,0,6,1,,0
VF106146,Premium,22,47,F,Vitacura,S01,Sucursal,5,1,0,46540,1,0,9,0,,0
VF106147,Full,14,44,F,Las Condes,S07,Sucursal,3,1,0,30840,0,1,5,0,,0
VF106148,Basico,20,30,F,La Florida,S01,Sucursal,1,0,1,19850,0,2,4,0,Mala atención,1
VF106149,Premium,12,28,M,San Miguel,S10,Referido,10,6,0,46000,1,1,7,1,,0
VF106150,Basico,8,16,M,Temuco,S05,App,1,0,1,20160,1,1,7,1,,0
VF106151,Premium,13,31,F,Vitacura,S04,Sucursal,15,3,0,46910,1,0,10,0,,0
VF106152,Full,12,50,M,La Florida,S04,Campaña RRSS,5,1,0,29420,1,0,7,1,,0
VF106153,Basico,18,28,M,Viña del Mar,S11,Web,0,0,1,19690,1,0,4,6,Precio,1
VF106154,Basico,15,52,M,Ñuñoa,S10,Campaña RRSS,3,1,0,19590,1,0,10,1,,0
VF106155,Full,18,16,F,Providencia,S06,Sucursal,8,3,0,30660,0,0,8,1,,0
VF106156,Premium,39,36,F,La Florida,S12,Web,10,4,0,45540,1,1,6,0,,0
VF106157,Basico,8,56,M,Vitacura,S08,Web,0,0,0,18760,1,1,4,1,Precio,1
VF106158,Full,19,33,F,Santiago,S12,Web,3,1,0,30010,1,0,6,1,,0
VF106159,Basico,1,19,M,La Florida,S06,Web,6,4,0,20180,0,0,7,1,,0
VF106160,Full,19,35,F,Viña del Mar,S03,Web,11,4,0,29360,1,1,9,0,,0
VF106161,Basico,49,25,M,Temuco,S07,App,0,0,2,19190,0,1,9,1,,0
VF106162,Basico,19,38,F,Maipú,S01,Referido,7,3,1,20180,1,0,8,0,,0
VF106163,Basico,7,34,F,Vitacura,S02,Web,7,4,0,20750,0,0,10,1,,0
VF106164,Basico,3,36,F,Temuco,S08,Campaña RRSS,3,1,1,20100,0,0,7,1,,0
VF106165,Full,32,22,M,San Miguel,S02,Sucursal,11,2,1,29400,0,0,8,0,,0
VF106166,Full,8,31,F,Providencia,S04,Sucursal,10,6,0,30850,1,0,6,1,,0
VF106167,Premium,16,34,M,Vitacura,S12,Web,10,6,0,45620,1,0,10,0,,0
VF106168,Full,7,45,M,Maipú,S04,Referido,10,3,0,30550,1,0,10,1,,0
VF106169,Basico,3,52,F,Providencia,S01,Campaña RRSS,0,0,0,20730,0,2,6,5,Mala atención,1
VF106170,Basico,8,31,M,Las Condes,S05,Web,2,1,0,20070,1,2,9,1,Se mudó,1
VF106171,Premium,12,26,F,San Miguel,S04,App,9,3,0,47010,1,0,9,0,,0
VF106172,Premium,15,37,F,Temuco,S12,Web,13,6,1,45940,1,1,7,1,Poco uso,1
VF106173,Basico,34,55,M,La Florida,S04,Campaña RRSS,7,1,0,20350,1,1,6,0,,0
VF106174,Full,15,22,F,Santiago,S11,Referido,5,2,0,29490,1,0,6,0,,0
VF106175,Basico,7,46,M,Las Condes,S09,App,0,0,0,19770,1,2,5,1,Se mudó,1
VF106176,Premium,83,52,F,Maipú,S08,Sucursal,5,3,0,44950,0,0,10,1,,0
VF106177,Full,25,26,F,Puente Alto,S10,Sucursal,12,7,0,32270,1,0,10,1,,0
VF106178,Full,5,38,M,Providencia,S03,App,5,1,0,29290,0,1,9,0,Precio,1
VF106179,Basico,8,38,M,Providencia,S12,Referido,3,1,0,20500,1,1,8,1,Poco uso,1
VF106180,Basico,5,28,M,Temuco,S01,Web,4,1,1,20020,1,0,6,0,,0
VF106181,Full,21,42,M,Santiago,S10,App,6,2,0,32000,1,0,10,1,Precio,1
VF106182,Premium,12,29,F,Vitacura,S08,Sucursal,9,5,1,45590,0,0,10,0,,0
VF106183,Premium,29,30,F,Puente Alto,S06,Referido,8,2,1,46110,1,1,5,0,,0
VF106184,Premium,9,43,F,San Miguel,S10,Sucursal,11,4,2,47640,0,0,8,0,,0
VF106185,Full,23,21,M,La Florida,S11,Campaña RRSS,6,3,0,29250,0,0,9,0,,0
VF106186,Basico,8,39,M,San Miguel,S07,Sucursal,6,3,2,19720,0,0,5,0,,0
VF106187,Premium,51,51,M,Las Condes,S11,App,10,4,0,45930,0,0,8,1,,0
VF106188,Basico,6,49,F,Concepción,S12,Sucursal,6,1,0,20640,1,0,8,1,,0
VF106189,Basico,22,45,F,Puente Alto,S10,App,2,0,0,19860,1,0,9,1,,0
VF106190,Premium,3,17,F,Viña del Mar,S04,Sucursal,13,4,0,44050,1,0,5,0,,0
VF106191,Full,20,36,F,San Miguel,S05,App,8,2,1,29720,1,0,10,0,,0
VF106192,Basico,24,42,M,Maipú,S01,Web,1,0,0,19870,0,1,6,1,,0
VF106193,Basico,20,41,M,San Miguel,S09,Sucursal,5,3,0,20620,0,0,7,0,,0
VF106194,Full,6,42,F,Santiago,S03,App,1,0,2,27680,1,1,5,1,Salud,1
VF106195,Premium,5,44,F,San Miguel,S08,App,18,9,0,45450,1,0,8,0,,0
VF106196,Basico,16,55,F,San Miguel,S04,Sucursal,4,1,2,19850,1,0,6,1,Mala atención,1
VF106197,Basico,48,32,M,Vitacura,S11,Sucursal,0,0,1,20860,0,1,6,7,Precio,1
VF106198,Basico,13,25,M,Viña del Mar,S12,Referido,1,0,2,19930,1,0,5,0,,0
VF106199,Basico,17,37,M,Ñuñoa,S06,Web,3,1,0,20780,0,0,10,0,,0
VF106200,Basico,7,16,M,Viña del Mar,S04,Web,0,0,0,19740,0,0,9,5,Se cambió de gimnasio,1
VF106201,Basico,28,31,F,Las Condes,S12,Web,3,0,0,19380,0,0,10,1,,0
VF106202,Full,20,36,M,Concepción,S02,App,11,7,1,28930,1,1,9,0,,0
VF106203,Full,22,16,M,Temuco,S03,Web,9,5,0,30150,1,0,6,1,,0
VF106204,Basico,53,41,F,La Florida,S09,Sucursal,5,3,0,19750,0,1,6,1,,0
VF106205,Full,22,25,F,Santiago,S03,Referido,8,5,0,30660,1,0,10,1,,0
VF106206,Full,5,40,M,Concepción,S07,Web,6,3,0,30590,1,1,7,1,,0
VF106207,Full,24,23,F,Santiago,S03,App,2,0,0,28970,0,3,4,1,Poco uso,1
VF106208,Premium,13,37,M,La Florida,S05,Sucursal,6,2,0,45340,0,0,6,1,,0
VF106209,Full,12,25,M,Ñuñoa,S04,Sucursal,11,4,0,30560,0,0,9,0,,0
VF106210,Basico,11,35,F,Maipú,S12,Sucursal,2,1,0,19890,0,2,6,1,,0
VF106211,Full,25,35,M,Viña del Mar,S05,Campaña RRSS,7,4,1,28780,1,0,7,0,,0
VF106212,Basico,59,24,F,Temuco,S07,Web,0,0,0,19780,0,1,7,1,,0
VF106213,Premium,9,32,F,Providencia,S05,Campaña RRSS,16,7,0,44200,0,0,7,1,,0
VF106214,Full,17,32,M,Vitacura,S11,App,4,1,1,30090,0,0,7,0,,0
VF106215,Full,28,48,F,Providencia,S06,Sucursal,6,1,0,27670,1,0,9,1,,0
VF106216,Premium,39,46,M,Concepción,S05,Sucursal,13,7,0,46040,1,1,8,0,Precio,1
VF106217,Full,14,46,M,Temuco,S02,Web,6,3,0,29480,1,1,6,1,,0
VF106218,Basico,38,54,F,Temuco,S11,App,6,2,0,19330,1,0,5,0,,0
VF106219,Basico,29,16,F,Viña del Mar,S05,Campaña RRSS,10,2,1,19030,1,1,8,0,,0
VF106220,Full,18,21,F,Viña del Mar,S01,Campaña RRSS,2,1,0,29640,1,2,7,1,Poco uso,1
VF106221,Full,7,33,M,Concepción,S05,Sucursal,1,0,0,31290,1,1,8,1,,0
VF106222,Basico,26,44,M,Providencia,S03,App,3,0,0,18540,1,0,6,1,,0
VF106223,Full,6,36,M,Ñuñoa,S07,Sucursal,9,4,0,30490,1,0,4,0,Se mudó,1
VF106224,Full,67,18,F,Vitacura,S07,Sucursal,5,1,0,28620,1,0,4,0,,0
VF106225,Full,17,30,F,Concepción,S11,Sucursal,4,1,0,30910,0,1,7,1,,0
VF106226,Full,21,34,F,Las Condes,S03,Web,4,1,0,30040,0,0,9,1,,0
VF106227,Full,40,56,F,Las Condes,S12,App,3,0,2,29500,0,0,6,0,,0
VF106228,Full,9,41,F,Viña del Mar,S09,Web,11,7,0,30250,1,0,10,0,,0
VF106229,Full,23,49,M,Puente Alto,S07,App,4,1,1,30020,0,1,10,1,,0
VF106230,Full,8,37,F,Vitacura,S10,App,6,2,1,29260,1,2,4,0,,0
VF106231,Basico,13,32,F,La Florida,S11,App,1,0,0,20650,0,1,7,0,Mala atención,1
VF106232,Premium,19,22,F,San Miguel,S09,Campaña RRSS,15,9,0,44210,1,0,7,1,,0
VF106233,Full,38,32,F,La Florida,S05,Web,4,1,0,30280,0,0,9,0,,0
VF106234,Full,12,32,M,La Florida,S03,Sucursal,6,2,2,31150,0,1,6,1,Se mudó,1
VF106235,Full,47,26,F,Vitacura,S09,Referido,7,4,1,30760,1,0,7,1,,0
VF106236,Full,14,33,M,Santiago,S09,Referido,9,5,1,30090,1,0,9,0,,0
VF106237,Basico,28,30,F,Maipú,S01,Sucursal,5,1,1,20890,0,0,10,1,,0
VF106238,Full,9,40,Otro,Santiago,S04,Sucursal,8,2,0,30070,1,0,10,1,Precio,1
VF106239,Full,14,16,M,Temuco,S04,Web,9,2,1,30310,1,0,9,1,,0
VF106240,Full,23,42,M,Ñuñoa,S04,Sucursal,6,2,1,28920,0,0,5,1,,0
VF106241,Full,46,23,F,Maipú,S11,Web,3,0,2,30380,1,0,7,1,,0
VF106242,Full,10,38,M,San Miguel,S11,Sucursal,7,4,0,30280,1,1,5,0,Poco uso,1
VF106243,Basico,5,28,M,Ñuñoa,S10,Referido,2,1,0,19570,1,1,7,0,,0
VF106244,Basico,12,21,F,Vitacura,S12,App,7,2,0,19780,1,0,8,0,,0
VF106245,Basico,19,27,F,Santiago,S01,Sucursal,8,1,0,19670,0,1,7,0,,0
VF106246,Full,32,29,M,Puente Alto,S11,Sucursal,4,1,1,30240,1,0,8,1,,0
VF106247,Basico,17,16,F,Santiago,S10,Referido,2,0,0,20890,0,3,5,0,,0
VF106248,Full,16,18,M,La Florida,S10,Sucursal,3,1,1,31050,1,1,9,0,,0
VF106249,Full,31,31,M,Vitacura,S09,Web,7,1,1,30200,1,0,8,0,Salud,1
VF106250,Premium,23,16,F,Maipú,S12,Referido,5,2,0,45260,1,1,10,0,Se cambió de gimnasio,1
VF106251,Basico,18,28,F,Vitacura,S09,Campaña RRSS,4,2,0,21430,1,1,6,1,,0
VF106252,Full,6,31,F,Temuco,S10,Campaña RRSS,5,3,0,29990,1,0,9,1,,0
VF106253,Basico,4,23,F,Concepción,S03,Web,4,2,0,20440,1,0,8,1,,0
VF106254,Basico,7,39,M,Providencia,S02,App,3,1,0,20090,1,0,9,1,Se cambió de gimnasio,1
VF106255,Basico,15,43,F,Las Condes,S08,Sucursal,2,0,1,19410,1,0,4,0,,0
VF106256,Full,70,33,M,Puente Alto,S02,Sucursal,11,3,0,30730,1,0,8,1,,0
VF106257,Premium,2,41,F,La Florida,S11,Referido,12,4,1,45630,0,0,9,0,,0
VF106258,Full,31,25,M,San Miguel,S04,App,7,3,0,29080,0,0,8,0,Poco uso,1
VF106259,Full,30,47,F,Puente Alto,S07,Referido,11,4,1,30320,1,0,10,1,Poco uso,1
VF106260,Basico,35,64,M,Puente Alto,S01,App,2,1,1,19820,1,5,9,0,,0
VF106261,Full,3,32,F,Vitacura,S01,Web,13,3,1,30180,1,0,10,0,,0
VF106262,Full,28,25,F,Las Condes,S06,Web,5,1,0,31610,0,0,10,1,,0
VF106263,Full,8,20,M,Providencia,S09,Sucursal,15,10,1,30420,1,1,7,0,,0
VF106264,Full,10,27,F,Vitacura,S05,App,10,2,0,30360,1,0,7,0,,0
VF106265,Basico,22,30,M,Maipú,S09,Web,0,0,0,20550,0,0,8,7,Mala atención,1
VF106266,Full,5,22,F,Maipú,S08,App,10,2,0,30090,0,0,4,0,,0
VF106267,Basico,8,16,M,Ñuñoa,S01,Referido,6,3,2,21070,1,0,6,1,,0
VF106268,Premium,15,39,F,Maipú,S04,Campaña RRSS,20,12,0,45830,0,1,9,1,,0
VF106269,Basico,9,47,F,Providencia,S12,Web,3,1,0,19360,1,1,8,1,,0
VF106270,Basico,8,19,M,Ñuñoa,S10,Web,2,0,1,19760,1,2,4,0,Salud,1
VF106271,Full,29,41,M,La Florida,S11,Web,6,2,0,30140,1,0,10,1,,0
VF106272,Basico,15,21,M,Providencia,S05,Web,7,3,0,20270,1,0,8,1,,0
VF106273,Full,49,26,M,Viña del Mar,S03,Sucursal,9,6,1,30740,1,0,7,0,,0
VF106274,Premium,9,27,F,Maipú,S12,Campaña RRSS,12,7,0,45950,0,1,10,1,,0
VF106275,Full,16,38,F,Santiago,S10,Sucursal,9,2,0,29490,1,0,9,1,,0
VF106276,Basico,25,25,F,Maipú,S06,Referido,1,0,1,20650,1,0,7,1,,0
VF106277,Basico,23,39,M,Temuco,S10,Web,9,2,4,19440,0,0,10,0,,0
VF106278,Basico,20,33,M,Viña del Mar,S08,Campaña RRSS,3,0,0,21150,1,0,7,1,,0
VF106279,Basico,45,28,M,Las Condes,S03,App,2,0,0,19670,0,1,5,1,,0
VF106280,Full,15,38,F,Vitacura,S03,Sucursal,13,6,0,28700,0,0,9,0,,0
VF106281,Basico,5,44,M,Puente Alto,S01,Sucursal,4,1,0,19480,0,0,10,1,Salud,1
VF106282,Full,22,28,F,Viña del Mar,S08,Web,10,4,0,30030,1,0,7,1,,0
VF106283,Basico,38,30,M,La Florida,S10,Campaña RRSS,3,1,0,20280,1,1,8,1,,0
VF106284,Premium,7,21,F,Vitacura,S11,Web,13,5,1,44550,1,0,9,1,Precio,1
VF106285,Full,19,39,M,Santiago,S05,Web,7,4,0,29600,1,0,7,0,,0
VF106286,Full,30,22,F,Puente Alto,S12,Campaña RRSS,10,6,0,29360,1,1,9,0,,0
VF106287,Full,12,28,M,San Miguel,S07,Sucursal,6,3,1,30030,0,0,6,1,,0
VF106288,Full,27,43,F,San Miguel,S06,Sucursal,6,3,0,31940,1,0,9,0,,0
VF106289,Full,45,57,F,San Miguel,S05,Referido,12,4,0,29750,1,1,7,1,,0
VF106290,Basico,14,16,F,Providencia,S02,Sucursal,9,4,0,20470,0,0,7,1,,0
VF106291,Basico,14,36,M,Puente Alto,S10,Campaña RRSS,0,0,0,19620,1,0,7,3,Salud,1
VF106292,Premium,13,45,M,Viña del Mar,S05,App,2,1,1,48310,1,0,7,0,,0
VF106293,Full,5,28,F,Las Condes,S02,Web,5,3,2,31140,1,0,5,1,,0
VF106294,Basico,10,44,F,Providencia,S06,Sucursal,3,1,0,20480,1,0,8,1,,0
VF106295,Full,11,47,M,Maipú,S10,App,3,0,1,29030,1,0,9,1,,0
VF106296,Basico,17,31,M,Santiago,S04,Sucursal,4,2,0,20060,1,0,9,0,,0
VF106297,Full,45,39,F,Maipú,S10,Sucursal,6,1,2,31180,1,0,8,0,,0
VF106298,Full,21,33,F,Viña del Mar,S12,Referido,7,3,1,29420,1,0,8,1,,0
VF106299,Basico,7,44,F,Maipú,S11,App,9,2,1,19370,0,0,8,0,,0
VF106300,Basico,13,22,M,Temuco,S06,Referido,0,0,0,20320,0,1,7,2,Salud,1
VF106301,Basico,15,31,M,Ñuñoa,S09,App,4,1,1,20920,1,0,6,0,Poco uso,1
VF106302,Basico,28,28,F,Las Condes,S03,App,4,1,0,21230,0,0,10,0,,0
VF106303,Basico,11,40,M,Temuco,S06,Sucursal,3,1,0,20320,0,0,8,1,,0
VF106304,Basico,24,31,M,La Florida,S01,App,8,2,0,19250,1,0,8,1,,0
VF106305,Basico,14,47,F,La Florida,S04,App,6,2,0,18640,0,0,7,0,Mala atención,1
VF106306,Full,1,50,F,Vitacura,S11,Referido,8,4,0,28950,1,0,10,0,,0
VF106307,Full,26,40,F,Maipú,S08,Sucursal,10,6,0,28050,0,0,7,0,,0
VF106308,Premium,4,43,M,Providencia,S02,Web,6,3,1,45120,1,0,7,0,,0
VF106309,Full,26,56,F,Maipú,S12,Campaña RRSS,8,3,1,30240,1,0,10,1,,0
VF106310,Premium,11,35,M,Providencia,S02,Web,8,3,0,44710,0,2,7,1,,0
VF106311,Basico,8,36,F,Concepción,S09,Sucursal,4,1,0,20460,1,0,9,1,,0
VF106312,Full,7,42,F,Viña del Mar,S04,Web,3,1,0,30350,1,0,7,1,,0
VF106313,Basico,3,32,M,Ñuñoa,S01,Referido,4,0,0,20470,0,0,2,1,Salud,1
VF106314,Premium,18,33,F,Santiago,S06,Web,10,4,0,45660,1,0,8,0,,0
VF106315,Basico,24,39,M,Providencia,S09,Sucursal,2,1,2,20340,0,1,6,0,,0
VF106316,Basico,46,39,F,Las Condes,S06,Sucursal,3,1,0,19920,1,0,8,1,,0
VF106317,Premium,16,45,M,Santiago,S06,Campaña RRSS,4,1,0,45980,1,0,10,1,,0
VF106318,Basico,19,42,F,Santiago,S07,App,4,1,1,18930,0,0,8,1,,0
VF106319,Full,12,35,M,Concepción,S09,Sucursal,7,2,1,31530,1,0,10,1,,0
VF106320,Full,14,31,F,Vitacura,S12,Web,5,1,0,29810,1,0,7,1,,0
VF106321,Full,41,33,M,Concepción,S01,App,3,1,0,30520,0,0,9,0,,0
VF106322,Full,12,26,M,Concepción,S05,Referido,9,3,0,29280,1,0,9,0,,0
VF106323,Full,16,26,M,Maipú,S03,Referido,5,1,0,29890,1,1,9,0,,0
VF106324,Full,13,50,Otro,Puente Alto,S11,App,9,2,0,30910,1,0,10,0,,0
VF106325,Full,10,18,F,San Miguel,S03,App,6,4,0,29870,1,0,10,1,,0
VF106326,Full,4,26,M,Santiago,S01,Referido,2,0,0,29280,1,1,6,0,,0
VF106327,Basico,43,39,F,Maipú,S11,Sucursal,11,7,0,19770,1,1,10,0,,0
VF106328,Full,23,19,M,Viña del Mar,S08,Referido,7,1,1,29630,1,0,9,1,Se cambió de gimnasio,1
VF106329,Full,12,29,M,Las Condes,S10,Referido,3,1,1,29240,1,0,4,1,Se mudó,1
VF106330,Full,22,44,M,Vitacura,S09,App,16,8,0,29110,1,1,7,1,,0
VF106331,Full,21,35,M,La Florida,S12,Referido,7,2,0,30340,1,0,10,1,,0
VF106332,Premium,4,41,F,Ñuñoa,S11,Campaña RRSS,6,2,1,46120,1,0,8,0,,0
VF106333,Basico,12,39,F,Concepción,S08,Referido,3,2,0,20430,1,0,10,1,,0
VF106334,Premium,39,25,F,San Miguel,S07,Web,13,8,0,44260,1,0,5,1,,0
VF106335,Basico,26,23,M,San Miguel,S07,Web,11,4,1,20230,1,0,10,1,Mala atención,1
VF106336,Full,31,31,F,Maipú,S05,Referido,2,1,1,30430,1,1,6,1,Poco uso,1
VF106337,Full,25,28,F,Santiago,S12,Referido,10,2,0,28540,1,0,7,1,,0
VF106338,Full,32,31,F,La Florida,S08,Sucursal,2,1,0,29920,1,0,10,0,Salud,1
VF106339,Basico,21,21,F,Viña del Mar,S07,Referido,2,0,0,20610,1,2,7,1,,0
VF106340,Basico,16,41,M,Concepción,S04,Referido,2,0,2,20630,0,0,9,0,,0
VF106341,Basico,5,38,M,Ñuñoa,S02,Campaña RRSS,6,2,0,21400,0,0,2,0,,0
VF106342,Full,18,43,M,Ñuñoa,S10,Sucursal,11,2,1,32360,1,0,9,0,,0
VF106343,Full,20,16,M,Ñuñoa,S10,Campaña RRSS,8,4,0,28820,1,0,7,1,,0
VF106344,Basico,17,28,M,Puente Alto,S01,Sucursal,2,0,0,20440,0,5,5,0,,0
VF106345,Full,6,35,F,Santiago,S11,Referido,4,1,0,29340,0,0,8,1,,0
VF106346,Full,20,19,M,Providencia,S07,App,5,2,0,30380,1,0,6,1,,0
VF106347,Full,19,19,F,Viña del Mar,S09,Campaña RRSS,11,4,0,30430,0,0,6,0,Se cambió de gimnasio,1
VF106348,Basico,5,17,F,Vitacura,S02,Sucursal,2,0,0,20140,1,2,6,1,Se cambió de gimnasio,1
VF106349,Full,12,30,F,Vitacura,S04,Web,5,2,0,29290,1,0,6,1,,0
VF106350,Basico,35,48,F,Temuco,S01,App,1,0,0,19540,0,0,8,1,,0
VF106351,Basico,30,16,M,Las Condes,S05,App,7,4,0,21560,0,0,9,0,,0
VF106352,Full,30,32,F,Providencia,S05,Web,9,2,0,29930,0,0,5,1,,0
VF106353,Basico,16,52,F,Providencia,S08,Campaña RRSS,8,3,0,21380,1,1,7,1,,0
VF106354,Full,93,47,F,Providencia,S03,Sucursal,5,1,0,31890,1,1,5,0,,0
VF106355,Full,5,33,F,Las Condes,S09,App,8,5,1,29170,0,0,8,0,,0
VF106356,Premium,15,49,F,San Miguel,S02,App,9,2,2,46100,1,0,9,1,,0
VF106357,Full,9,45,F,Puente Alto,S01,Web,2,0,0,29980,1,1,5,1,Se cambió de gimnasio,1
VF106358,Basico,43,27,F,Vitacura,S10,Campaña RRSS,6,2,2,19500,0,0,8,1,,0
VF106359,Full,30,36,M,Ñuñoa,S05,App,2,1,1,29880,1,0,7,0,,0
VF106360,Basico,23,26,M,Ñuñoa,S05,Sucursal,3,1,0,20890,0,0,3,1,,0
VF106361,Full,15,36,F,La Florida,S04,Sucursal,1,0,0,30840,0,3,5,0,Se cambió de gimnasio,1
VF106362,Full,11,35,F,Ñuñoa,S09,Sucursal,11,6,0,28320,1,0,6,0,,0
VF106363,Full,32,25,F,Maipú,S01,Campaña RRSS,10,5,1,29240,1,0,7,0,,0
VF106364,Basico,15,22,M,Las Condes,S02,Campaña RRSS,0,0,1,19320,0,3,7,7,Precio,1
VF106365,Basico,19,25,M,Ñuñoa,S12,Web,5,2,0,20440,0,0,7,1,Se cambió de gimnasio,1
VF106366,Basico,20,27,F,La Florida,S02,App,2,0,2,19810,0,1,7,1,,0
VF106367,Basico,21,39,M,Concepción,S09,App,3,1,0,20010,0,1,8,0,,0
VF106368,Full,4,25,F,Temuco,S01,Web,7,3,0,29240,1,0,10,1,,0
VF106369,Basico,3,28,M,La Florida,S06,Referido,4,2,0,20060,1,0,8,0,,0
VF106370,Basico,15,42,Otro,Providencia,S10,Web,6,3,0,19420,0,0,8,1,,0
VF106371,Full,18,41,F,Las Condes,S12,App,4,2,0,28340,0,0,10,0,Poco uso,1
VF106372,Full,19,36,F,Santiago,S04,Web,4,0,1,28800,1,0,10,0,,0
VF106373,Basico,21,44,M,Vitacura,S10,App,1,0,0,19310,1,6,3,0,Mala atención,1
VF106374,Basico,29,55,F,Ñuñoa,S06,Web,1,0,1,20350,0,1,10,1,,0
VF106375,Basico,25,35,M,Santiago,S09,Web,3,0,2,20430,0,0,5,0,Se mudó,1
VF106376,Premium,40,35,F,La Florida,S11,Referido,9,2,1,45430,1,0,10,0,,0
VF106377,Full,20,45,M,Providencia,S06,Sucursal,2,1,0,31490,1,1,8,1,,0
VF106378,Basico,24,41,F,Santiago,S10,App,0,0,1,18830,1,1,7,4,Se mudó,1
VF106379,Basico,23,43,F,Santiago,S09,Sucursal,3,1,1,20250,1,0,8,1,,0
VF106380,Premium,10,36,M,San Miguel,S11,Web,12,3,1,45620,1,1,9,0,Precio,1
VF106381,Full,18,33,F,Santiago,S01,Referido,6,1,1,31770,0,1,6,0,,0
VF106382,Full,13,34,F,Las Condes,S02,Referido,9,5,0,31720,1,1,10,1,,0
VF106383,Full,28,29,F,Maipú,S05,Campaña RRSS,9,2,1,30180,0,0,6,1,,0
VF106384,Basico,9,40,F,Concepción,S11,Sucursal,2,0,0,19670,0,2,8,1,Precio,1
VF106385,Full,26,48,F,Santiago,S06,App,6,2,2,28460,1,0,8,1,,0
VF106386,Basico,4,43,F,Temuco,S05,Campaña RRSS,7,2,1,20290,1,0,8,0,,0
VF106387,Full,9,18,M,La Florida,S03,Web,8,3,1,30020,1,0,8,1,,0
VF106388,Basico,4,43,M,Las Condes,S02,App,6,2,0,17950,1,0,6,1,,0
VF106389,Full,22,45,M,Temuco,S10,Sucursal,8,1,0,28770,1,0,8,0,,0
VF106390,Full,21,39,F,Vitacura,S03,App,8,5,0,29570,1,1,5,0,,0
VF106391,Full,35,35,F,Vitacura,S04,App,9,3,0,31310,0,0,7,1,Mala atención,1
VF106392,Full,8,29,M,Puente Alto,S03,App,4,2,0,29800,0,0,7,1,,0
VF106393,Basico,19,23,M,La Florida,S09,Campaña RRSS,5,2,0,20230,0,0,8,1,Poco uso,1
VF106394,Basico,20,45,F,La Florida,S03,Campaña RRSS,6,2,1,20040,0,0,8,1,,0
VF106395,Basico,15,44,M,Concepción,S06,Sucursal,6,1,0,20620,0,0,3,0,,0
VF106396,Basico,35,37,M,Concepción,S08,Web,7,1,0,19400,1,0,8,0,,0
VF106397,Basico,41,38,F,La Florida,S06,Web,6,2,3,20540,0,0,8,0,,0
VF106398,Basico,9,33,M,San Miguel,S12,Web,0,0,1,19780,0,1,8,7,,0
VF106399,Basico,12,32,F,Viña del Mar,S10,Web,4,1,1,19670,1,0,6,0,,0
VF106400,Full,7,30,F,Santiago,S04,Sucursal,3,1,0,30590,1,1,5,0,,0
VF106401,Basico,8,37,M,Vitacura,S10,Web,9,5,0,19990,0,0,7,0,,0
VF106402,Basico,30,16,F,Concepción,S01,Referido,0,0,0,20590,0,0,10,3,Se mudó,1
VF106403,Basico,22,39,F,Santiago,S04,Web,0,0,0,18980,0,0,9,7,,0
VF106404,Basico,15,47,F,Ñuñoa,S06,Sucursal,0,0,1,19450,1,0,8,2,Mala atención,1
VF106405,Full,25,53,F,Maipú,S06,Web,1,0,0,28420,1,0,7,1,,0
VF106406,Full,24,34,M,San Miguel,S12,Sucursal,5,1,0,30010,0,0,9,1,,0
VF106407,Premium,22,43,M,Temuco,S09,Web,6,2,0,42450,1,0,10,1,,0
VF106408,Basico,49,42,M,Providencia,S12,Web,5,3,1,19510,0,0,8,1,,0
VF106409,Premium,11,30,M,Concepción,S09,App,13,5,0,45900,0,0,10,0,Mala atención,1
VF106410,Full,17,31,M,San Miguel,S12,Sucursal,4,2,2,31110,1,0,8,0,,0
VF106411,Full,23,22,F,Concepción,S01,Campaña RRSS,7,4,1,27580,1,1,7,1,Poco uso,1
VF106412,Premium,35,51,M,Vitacura,S01,Sucursal,10,3,1,45180,0,1,6,0,,0
VF106413,Basico,15,61,M,La Florida,S04,Campaña RRSS,1,0,0,20360,0,0,6,0,,0
VF106414,Basico,16,21,F,Concepción,S06,App,7,2,1,19020,0,0,10,0,,0
VF106415,Basico,50,64,F,Puente Alto,S07,Referido,0,0,1,20330,0,2,10,7,Precio,1
VF106416,Full,8,62,F,Las Condes,S08,Web,4,2,0,29840,1,0,5,0,,0
VF106417,Full,12,47,M,Providencia,S07,Referido,7,2,1,31100,1,2,5,0,,0
VF106418,Full,3,34,F,Vitacura,S05,Web,8,2,0,29290,0,0,9,0,,0
VF106419,Basico,12,32,F,La Florida,S01,Web,0,0,1,19690,1,1,6,1,,0
VF106420,Basico,11,36,F,Ñuñoa,S01,App,2,0,0,19770,1,1,9,1,Salud,1
VF106421,Basico,8,22,F,Vitacura,S10,Web,4,2,0,19910,0,0,5,1,,0
VF106422,Full,12,33,M,Santiago,S11,Sucursal,10,3,0,29840,1,0,8,1,,0
VF106423,Basico,6,36,F,Las Condes,S07,Referido,3,1,1,20300,1,0,10,1,,0
VF106424,Basico,6,47,M,Vitacura,S08,Referido,5,2,0,20100,1,1,6,1,,0
VF106425,Full,21,50,F,Vitacura,S01,Campaña RRSS,7,4,0,28490,1,0,7,1,,0
VF106426,Full,7,51,M,San Miguel,S04,Referido,6,2,0,29240,1,0,9,0,,0
VF106427,Full,8,36,M,Las Condes,S08,Web,9,1,0,29710,0,1,4,1,Salud,1
VF106428,Basico,19,29,F,Maipú,S02,Referido,1,0,0,19660,1,1,7,0,,0
VF106429,Premium,8,51,F,Vitacura,S03,Web,15,8,0,46430,1,0,8,0,,0
VF106430,Full,2,44,F,Vitacura,S10,App,5,1,0,29460,1,0,8,1,,0
VF106431,Full,38,16,M,Providencia,S01,Web,5,1,0,28230,1,1,6,1,,0
VF106432,Basico,30,56,F,Vitacura,S07,Referido,2,1,0,19180,0,2,7,1,,0
VF106433,Basico,62,27,F,Ñuñoa,S06,Sucursal,3,1,0,20640,0,0,6,1,,0
VF106434,Basico,23,43,F,Vitacura,S11,Web,4,1,0,20580,1,0,10,0,,0
VF106435,Full,7,24,F,Temuco,S11,Sucursal,9,1,0,28780,1,0,7,0,,0
VF106436,Basico,3,16,M,Ñuñoa,S11,Sucursal,6,1,1,19090,0,0,4,0,Precio,1
VF106437,Full,32,60,M,Las Condes,S03,Sucursal,0,0,2,29630,1,1,10,4,,0
VF106438,Premium,9,24,F,Concepción,S06,Web,10,5,0,46810,1,1,7,1,Salud,1
VF106439,Full,28,21,F,La Florida,S01,Campaña RRSS,7,2,0,29100,1,1,10,0,,0
VF106440,Premium,38,25,F,Ñuñoa,S11,Referido,8,3,0,44410,1,0,6,0,,0
VF106441,Full,35,50,M,Ñuñoa,S01,App,2,1,0,30290,1,0,9,0,,0
VF106442,Full,28,41,M,San Miguel,S09,Web,7,4,0,29870,1,1,3,1,,0
VF106443,Premium,15,16,M,Las Condes,S04,App,12,7,1,45840,1,1,8,1,,0
VF106444,Full,13,33,F,Ñuñoa,S12,App,9,5,0,30830,1,0,9,1,,0
VF106445,Full,13,32,F,Ñuñoa,S07,Web,10,5,0,30810,1,0,8,0,,0
VF106446,Basico,7,29,F,Temuco,S12,Web,8,2,0,20540,1,0,6,0,,0
VF106447,Full,23,56,F,Puente Alto,S12,Web,3,1,1,31920,1,0,10,1,,0
VF106448,Full,11,37,F,Concepción,S07,Sucursal,4,2,0,30540,1,0,10,0,Se cambió de gimnasio,1
VF106449,Full,25,45,F,Vitacura,S07,Referido,6,2,0,31080,1,0,7,0,,0
VF106450,Basico,29,44,F,Providencia,S10,App,5,2,0,20340,0,1,5,1,,0
VF106451,Basico,8,28,F,La Florida,S03,Referido,3,1,3,19500,1,0,7,1,,0
VF106452,Basico,15,32,M,Maipú,S12,Sucursal,0,0,1,19470,0,1,7,6,,0
VF106453,Basico,17,32,M,Temuco,S06,Campaña RRSS,0,0,0,19720,0,0,10,7,Salud,1
VF106454,Full,16,22,F,Maipú,S04,App,9,5,0,28850,1,0,10,0,,0
VF106455,Basico,15,34,F,Vitacura,S03,Campaña RRSS,5,1,0,21400,1,1,5,0,,0
VF106456,Full,1,16,F,Temuco,S07,Web,8,3,0,29300,1,0,9,1,,0
VF106457,Basico,17,20,F,San Miguel,S07,Sucursal,4,2,0,20700,1,1,8,0,Se mudó,1
VF106458,Premium,56,54,M,San Miguel,S12,Web,10,4,0,46030,0,0,8,0,,0
VF106459,Full,11,40,F,Vitacura,S01,Web,3,1,0,29790,1,0,6,0,,0
VF106460,Basico,9,27,F,Ñuñoa,S01,Web,7,1,0,19960,0,0,10,1,,0
VF106461,Basico,4,18,F,La Florida,S09,Referido,2,0,0,20160,1,0,6,0,Salud,1
VF106462,Basico,10,25,F,Ñuñoa,S09,App,2,1,0,19650,1,1,8,1,Mala atención,1
VF106463,Full,56,32,M,Vitacura,S10,Sucursal,8,3,0,29590,1,0,4,1,,0
VF106464,Full,12,20,M,Providencia,S10,Sucursal,6,3,1,31290,1,0,8,1,,0
VF106465,Basico,42,18,M,Vitacura,S08,App,0,0,0,19650,1,3,7,4,Salud,1
VF106466,Basico,43,41,M,Concepción,S08,Sucursal,1,0,1,19470,1,2,6,1,,0
VF106467,Full,20,29,M,La Florida,S07,Sucursal,0,0,0,29710,0,1,4,2,Poco uso,1
VF106468,Premium,7,41,F,La Florida,S07,Web,5,1,0,49020,1,1,9,0,Salud,1
VF106469,Full,5,23,F,Temuco,S02,Sucursal,6,3,0,30720,1,0,8,0,,0
VF106470,Full,12,37,F,Santiago,S08,App,9,5,1,29510,1,0,9,0,,0
VF106471,Full,18,39,M,Maipú,S10,Referido,11,3,0,29590,0,0,10,0,,0
VF106472,Basico,14,16,F,Puente Alto,S05,Referido,2,0,0,19370,0,0,7,0,Mala atención,1
VF106473,Full,30,35,M,Temuco,S01,App,8,5,0,30460,1,0,9,1,,0
VF106474,Full,3,28,F,Vitacura,S06,Referido,5,1,0,29070,1,0,10,1,,0
VF106475,Premium,16,32,F,Vitacura,S11,Web,14,4,0,45480,1,0,6,1,,0
VF106476,Basico,9,49,F,Ñuñoa,S08,App,4,0,0,20300,0,1,6,1,,0
VF106477,Full,5,51,F,Viña del Mar,S10,App,6,2,0,29010,1,0,8,1,,0
VF106478,Basico,14,47,F,La Florida,S03,Referido,0,0,0,19380,0,0,8,3,,0
VF106479,Basico,19,30,M,Santiago,S05,Sucursal,4,2,0,20640,0,2,5,1,,0
VF106480,Full,17,44,M,Maipú,S03,App,16,3,1,29540,1,0,7,1,Se cambió de gimnasio,1
VF106481,Full,39,44,M,Ñuñoa,S06,App,3,1,0,30080,1,0,9,1,,0
VF106482,Basico,7,25,F,Puente Alto,S10,Web,4,2,0,20310,1,0,7,0,,0
VF106483,Premium,17,22,F,Maipú,S05,Web,8,2,0,45460,1,0,6,0,,0
VF106484,Premium,6,48,F,Santiago,S03,App,7,2,1,46050,1,1,8,0,,0
VF106485,Full,15,24,F,Providencia,S03,Referido,10,6,2,29330,1,0,7,0,,0
VF106486,Basico,45,37,F,Puente Alto,S06,Sucursal,4,2,1,19880,0,0,6,0,,0
VF106487,Full,31,32,F,La Florida,S12,Web,10,4,0,29950,1,0,8,0,,0
VF106488,Basico,15,41,M,San Miguel,S08,Sucursal,6,1,0,19790,1,0,6,1,,0
VF106489,Premium,21,25,F,Vitacura,S09,Referido,13,5,0,46220,1,0,6,0,Se cambió de gimnasio,1
VF106490,Basico,14,50,M,Ñuñoa,S01,Campaña RRSS,2,1,0,20460,1,0,8,0,,0
VF106491,Full,15,41,F,Temuco,S01,App,7,1,0,29020,1,0,7,0,Salud,1
VF106492,Premium,22,39,F,Concepción,S10,App,14,7,0,46240,0,1,8,1,,0
VF106493,Basico,8,34,F,Vitacura,S01,Campaña RRSS,6,1,0,20210,0,0,7,1,,0
VF106494,Full,6,27,M,Providencia,S07,Sucursal,3,1,0,29010,1,0,10,0,,0
VF106495,Full,15,30,M,Vitacura,S06,Web,5,3,0,29910,1,0,10,0,,0
VF106496,Basico,21,25,F,San Miguel,S05,Referido,2,1,0,19850,1,2,4,1,,0
VF106497,Premium,24,43,F,Ñuñoa,S04,Web,10,3,0,45130,0,0,7,0,,0
VF106498,Basico,26,44,F,Concepción,S09,Web,1,0,0,20650,0,1,6,1,,0
VF106499,Full,44,24,F,Temuco,S08,Web,8,5,0,30880,1,0,8,0,,0
VF106500,Premium,3,40,F,Las Condes,S01,Referido,12,3,0,47640,0,0,6,1,,0
VF106501,Full,22,33,F,San Miguel,S04,App,2,0,0,30000,1,1,8,1,Se cambió de gimnasio,1
VF106502,Basico,22,42,M,Temuco,S01,Referido,4,0,1,19450,0,0,8,1,,0
VF106503,Basico,19,24,F,Maipú,S09,App,2,1,1,18830,0,0,9,1,,0
VF106504,Full,23,35,Otro,Maipú,S03,Web,5,1,1,30320,1,0,8,1,Poco uso,1
VF106505,Basico,36,51,M,Viña del Mar,S10,Sucursal,4,1,0,19260,1,1,9,1,,0
VF106506,Full,11,45,F,San Miguel,S04,Sucursal,8,5,0,30410,1,0,10,1,,0
VF106507,Basico,22,34,M,Ñuñoa,S02,Web,1,0,2,20130,0,1,7,0,,0
VF106508,Full,14,42,M,Santiago,S09,Referido,0,0,0,29700,1,1,9,7,Se mudó,1
VF106509,Full,18,34,M,Viña del Mar,S08,Sucursal,7,1,0,28230,0,0,7,0,,0
VF106510,Basico,19,41,M,Concepción,S10,Sucursal,5,1,0,19540,1,1,7,1,,0
VF106511,Full,21,46,M,Vitacura,S10,Sucursal,4,0,2,30750,0,0,8,1,,0
VF106512,Full,59,32,M,Concepción,S08,Campaña RRSS,6,2,0,30560,1,0,6,1,,0
VF106513,Full,29,34,M,Concepción,S08,App,4,1,1,31110,1,0,7,1,Precio,1
VF106514,Full,31,31,M,Maipú,S05,App,10,4,0,28790,0,1,7,0,,0
VF106515,Basico,33,30,F,San Miguel,S04,Referido,4,1,0,19810,0,0,6,1,,0
VF106516,Basico,39,29,F,La Florida,S01,App,3,1,0,19590,0,0,10,1,,0
VF106517,Full,12,33,F,Santiago,S05,Sucursal,7,3,1,30270,1,0,8,1,,0
VF106518,Full,40,40,F,Viña del Mar,S01,App,5,2,0,30940,1,0,8,0,,0
VF106519,Full,25,24,Otro,La Florida,S06,Sucursal,7,3,0,30220,1,0,8,0,,0
VF106520,Full,5,44,M,Temuco,S06,Sucursal,2,1,0,30130,1,0,9,0,,0
VF106521,Full,21,45,M,Ñuñoa,S10,Web,6,1,1,28540,0,0,8,1,,0
VF106522,Basico,5,43,F,Ñuñoa,S08,Web,2,0,0,19950,0,1,5,0,,0
VF106523,Basico,23,47,M,Temuco,S02,App,8,2,0,19880,0,0,5,0,,0
VF106524,Full,6,38,M,Las Condes,S09,Sucursal,8,3,1,29740,1,0,10,1,,0
VF106525,Premium,14,43,F,La Florida,S04,Web,9,3,0,45680,1,0,6,0,,0
VF106526,Premium,36,32,M,Temuco,S12,App,10,5,0,45150,0,1,6,0,,0
VF106527,Basico,25,36,F,Ñuñoa,S08,Sucursal,7,4,2,19060,0,0,9,0,,0
VF106528,Premium,20,43,F,Providencia,S10,Campaña RRSS,11,5,0,46920,1,0,8,1,Poco uso,1
VF106529,Basico,21,24,M,Santiago,S04,Web,7,2,0,20930,0,0,7,0,,0
VF106530,Basico,17,42,M,Puente Alto,S12,Web,6,1,1,19850,1,1,7,1,,0
VF106531,Full,5,36,M,Vitacura,S04,App,4,1,0,30760,0,1,7,0,,0
VF106532,Premium,20,29,M,Maipú,S04,Referido,7,4,0,48060,1,0,6,0,,0
VF106533,Full,16,42,M,Providencia,S12,Campaña RRSS,9,6,2,30250,1,0,10,1,,0
VF106534,Basico,14,17,F,Puente Alto,S12,Web,1,0,0,19860,0,1,7,1,,0
VF106535,Premium,24,46,M,La Florida,S02,Referido,7,3,2,44900,1,1,10,0,,0
VF106536,Premium,10,32,M,La Florida,S07,Web,11,6,0,44140,1,0,10,1,,0
VF106537,Full,13,45,F,Viña del Mar,S02,Campaña RRSS,7,1,1,29490,0,0,9,0,,0
VF106538,Full,75,29,M,San Miguel,S09,Referido,2,0,0,30920,0,2,4,1,Se cambió de gimnasio,1
VF106539,Full,6,57,F,Ñuñoa,S10,App,8,4,0,29780,1,0,7,0,,0
VF106540,Full,7,36,M,Maipú,S03,App,4,2,0,31920,0,0,6,1,,0
VF106541,Premium,13,51,F,Concepción,S11,Web,11,3,0,45420,1,1,6,1,Poco uso,1
VF106542,Basico,10,49,F,Vitacura,S12,Web,1,0,1,20060,1,1,5,0,,0
VF106543,Full,16,34,M,Viña del Mar,S02,Sucursal,8,1,0,28910,1,0,7,1,,0
VF106544,Full,26,16,M,Ñuñoa,S02,Referido,12,8,1,31500,0,0,10,1,,0
VF106545,Basico,13,37,F,Temuco,S12,Campaña RRSS,0,0,1,19860,0,0,3,2,,0
VF106546,Basico,11,32,M,Las Condes,S08,Sucursal,1,0,2,19210,1,1,9,1,,0
VF106547,Basico,7,19,M,La Florida,S03,Campaña RRSS,10,4,1,20500,0,0,5,0,,0
VF106548,Basico,13,48,F,Ñuñoa,S06,Campaña RRSS,6,3,1,20120,1,0,9,1,,0
VF106549,Basico,44,23,F,Viña del Mar,S07,Web,5,2,0,19010,0,0,10,0,,0
VF106550,Basico,71,22,F,Viña del Mar,S05,Campaña RRSS,7,3,0,18820,1,1,4,0,,0
VF106551,Full,14,25,F,Santiago,S09,Web,6,2,1,28480,1,1,10,1,,0
VF106552,Full,5,49,M,San Miguel,S07,Sucursal,4,1,1,29790,1,0,7,1,,0
VF106553,Full,14,35,F,Providencia,S06,Campaña RRSS,10,5,3,29650,1,1,9,0,,0
VF106554,Basico,9,32,F,Providencia,S10,Referido,3,1,2,20090,1,2,5,1,Se cambió de gimnasio,1
VF106555,Basico,13,21,M,Providencia,S08,App,14,7,2,20910,1,0,10,1,,0
VF106556,Basico,22,41,M,Santiago,S06,Referido,5,1,0,20040,0,1,10,0,,0
VF106557,Full,14,41,F,Concepción,S03,App,3,1,0,28200,0,0,10,1,,0
VF106558,Premium,31,30,F,Puente Alto,S11,Referido,13,7,2,46250,0,1,8,1,,0
VF106559,Full,48,31,M,Temuco,S09,App,7,2,0,30420,1,0,9,1,,0
VF106560,Premium,14,37,F,Viña del Mar,S04,App,12,4,0,45790,1,1,8,0,,0
VF106561,Basico,12,31,F,Providencia,S07,Web,3,0,0,19660,1,1,9,1,,0
VF106562,Basico,31,28,M,Santiago,S05,App,2,1,1,19760,0,1,8,1,,0
VF106563,Basico,59,43,M,La Florida,S10,Sucursal,3,0,0,19890,0,0,7,0,,0
VF106564,Basico,29,41,M,Concepción,S05,Referido,2,1,0,18640,0,2,6,0,,0
VF106565,Full,21,41,M,Temuco,S08,Web,4,1,0,29570,0,0,7,0,,0
VF106566,Full,24,32,F,La Florida,S01,Sucursal,8,5,1,28950,1,1,6,1,,0
VF106567,Full,5,42,F,La Florida,S10,App,9,1,0,30710,1,1,6,1,,0
VF106568,Basico,25,36,F,Vitacura,S07,Web,4,2,1,20180,0,0,8,0,,0
VF106569,Full,23,47,M,San Miguel,S12,Web,3,0,1,29030,1,0,8,1,,0
VF106570,Basico,7,23,F,Santiago,S02,Web,10,5,1,20010,0,0,9,1,,0
VF106571,Full,12,46,M,Ñuñoa,S06,Campaña RRSS,8,4,0,28330,1,1,9,1,,0
VF106572,Basico,9,56,M,Temuco,S06,Referido,6,1,1,19680,1,0,8,0,,0
VF106573,Full,18,41,F,San Miguel,S07,Referido,6,1,1,28670,0,1,9,1,,0
VF106574,Basico,25,29,F,Viña del Mar,S01,Sucursal,4,1,1,20420,0,0,7,1,,0
VF106575,Full,24,44,M,Las Condes,S06,Web,7,1,0,29560,1,0,6,1,,0
VF106576,Full,26,18,F,San Miguel,S05,Sucursal,6,3,0,30010,1,0,4,0,,0
VF106577,Basico,27,16,M,Las Condes,S02,Sucursal,1,0,0,21920,0,0,8,0,,0
VF106578,Basico,18,27,M,Ñuñoa,S01,Web,4,2,2,19720,0,3,7,1,Poco uso,1
VF106579,Basico,41,46,Otro,Vitacura,S01,Sucursal,5,2,0,20540,0,0,8,0,,0
VF106580,Basico,10,71,F,Concepción,S09,App,6,2,0,19230,1,1,10,0,,0
VF106581,Full,11,41,M,Las Condes,S08,Web,5,3,0,29510,1,0,10,0,,0
VF106582,Basico,6,19,M,Maipú,S04,Referido,4,1,0,20150,0,0,8,1,,0
VF106583,Premium,50,21,F,Temuco,S07,App,6,1,0,44730,1,0,6,1,,0
VF106584,Basico,22,21,F,Temuco,S02,Web,5,2,0,19400,1,1,4,0,,0
VF106585,Full,6,50,M,Viña del Mar,S01,Sucursal,3,1,0,30370,1,0,7,0,,0
VF106586,Basico,21,21,M,Viña del Mar,S08,Sucursal,7,2,0,20960,1,0,10,0,,0
VF106587,Premium,21,35,M,La Florida,S09,Campaña RRSS,10,2,0,46180,1,0,8,1,Se cambió de gimnasio,1
VF106588,Premium,22,54,M,Vitacura,S01,Referido,5,2,0,46050,0,0,9,0,,0
VF106589,Basico,34,38,M,Las Condes,S11,Web,2,0,0,20640,1,1,7,1,,0
VF106590,Premium,15,24,M,Temuco,S09,App,12,3,0,45400,1,0,10,1,,0
VF106591,Basico,12,23,F,Ñuñoa,S12,Referido,4,2,1,19140,0,0,7,0,,0
VF106592,Basico,27,34,M,Santiago,S09,Web,5,3,1,21210,0,0,9,0,,0
VF106593,Full,28,36,F,La Florida,S11,App,8,1,0,29060,1,0,8,1,,0
VF106594,Basico,16,40,F,Maipú,S06,Campaña RRSS,2,1,0,18910,0,1,5,1,Se cambió de gimnasio,1
VF106595,Premium,13,41,M,Ñuñoa,S10,App,12,4,1,45370,1,0,9,1,,0
VF106596,Basico,17,37,M,La Florida,S11,Campaña RRSS,0,0,0,21000,1,1,6,2,Poco uso,1
VF106597,Full,14,47,M,Las Condes,S01,Web,3,1,3,30450,1,2,8,0,Se mudó,1
VF106598,Full,17,28,F,Concepción,S08,Sucursal,10,4,0,29870,1,0,10,0,Mala atención,1
VF106599,Basico,27,39,F,Concepción,S02,App,2,0,0,20960,0,2,9,1,Poco uso,1
VF106600,Full,16,22,M,San Miguel,S08,Sucursal,7,4,0,30690,1,1,7,0,Poco uso,1
VF106601,Full,66,35,M,Viña del Mar,S07,Web,9,2,0,30490,1,0,8,0,,0
VF106602,Basico,32,38,F,Temuco,S09,Web,5,3,1,19840,1,0,9,0,Se cambió de gimnasio,1
VF106603,Full,29,38,F,San Miguel,S09,Web,4,2,0,29220,0,0,5,1,,0
VF106604,Basico,18,25,F,San Miguel,S07,Sucursal,8,1,0,20310,1,0,9,1,Precio,1
VF106605,Full,8,49,M,Las Condes,S12,App,8,5,0,30130,1,1,5,0,Se cambió de gimnasio,1
VF106606,Full,29,51,F,Maipú,S11,App,9,2,1,31690,1,1,5,0,,0
VF106607,Basico,18,38,F,Vitacura,S09,App,0,0,1,19620,0,1,8,2,,0
VF106608,Premium,35,24,F,Las Condes,S04,Referido,17,10,0,45720,1,0,9,1,,0
VF106609,Premium,28,37,F,Concepción,S11,Sucursal,10,2,2,44950,1,0,8,1,,0
VF106610,Full,3,46,F,Santiago,S12,Sucursal,5,3,0,30850,1,0,5,1,,0
VF106611,Full,23,44,M,Las Condes,S10,Web,4,1,0,29790,1,0,10,1,,0
VF106612,Full,15,36,F,Vitacura,S07,Sucursal,11,2,0,29430,1,0,10,0,Salud,1
VF106613,Full,30,42,M,Providencia,S03,Web,7,3,2,30160,1,0,5,0,,0
VF106614,Basico,13,41,M,Viña del Mar,S03,Referido,2,1,1,20050,1,4,5,1,Mala atención,1
VF106615,Premium,22,40,F,Vitacura,S07,App,10,6,0,48830,1,0,5,0,,0
VF106616,Basico,24,16,M,San Miguel,S11,Referido,1,0,0,19690,1,3,6,0,Mala atención,1
VF106617,Full,46,24,M,Santiago,S07,Sucursal,8,4,0,30060,1,0,7,0,,0
VF106618,Full,17,16,F,Santiago,S05,Campaña RRSS,8,2,0,28400,1,1,9,0,,0
VF106619,Full,26,16,M,Puente Alto,S04,Campaña RRSS,4,2,0,29380,1,1,8,0,,0
VF106620,Basico,24,41,M,Providencia,S05,Referido,8,3,1,20770,1,0,8,1,,0
VF106621,Full,38,22,M,Maipú,S08,Web,9,6,1,29980,1,0,10,1,,0
VF106622,Full,16,46,F,Vitacura,S04,Sucursal,6,1,1,26940,1,0,9,1,,0
VF106623,Full,9,65,F,La Florida,S11,Campaña RRSS,10,2,1,29800,1,0,4,1,Poco uso,1
VF106624,Full,36,23,M,Maipú,S07,Referido,8,4,0,29510,1,0,7,1,,0
VF106625,Full,11,33,M,Vitacura,S01,Web,8,4,0,29750,1,1,7,0,,0
VF106626,Basico,22,27,F,Vitacura,S06,Sucursal,4,1,1,21220,1,1,8,1,,0
VF106627,Basico,13,43,M,Puente Alto,S06,App,0,0,0,19840,1,0,8,3,Salud,1
VF106628,Basico,7,37,F,Maipú,S06,Web,3,0,0,20000,0,0,8,0,,0
VF106629,Basico,12,27,F,Puente Alto,S04,Web,2,1,1,19880,0,0,7,1,,0
VF106630,Basico,26,41,F,Concepción,S07,App,6,1,0,19230,1,0,8,0,,0
VF106631,Premium,10,33,F,Puente Alto,S03,Referido,16,9,1,46010,0,0,6,1,,0
VF106632,Basico,10,38,F,Santiago,S11,Web,7,2,0,20610,1,1,4,0,,0
VF106633,Basico,23,24,M,Santiago,S05,Web,4,1,1,19990,1,0,10,1,,0
VF106634,Premium,11,36,F,Concepción,S12,Web,10,4,0,46420,1,0,8,0,,0
VF106635,Basico,10,37,F,La Florida,S07,Sucursal,5,2,0,19320,1,0,9,1,,0
VF106636,Basico,7,42,F,Santiago,S08,Campaña RRSS,2,0,0,19830,1,1,4,1,,0
VF106637,Basico,8,26,F,Puente Alto,S10,Sucursal,6,1,0,20750,1,1,7,1,Precio,1
VF106638,Basico,9,36,F,Puente Alto,S04,App,1,0,4,20010,0,0,8,0,,0
VF106639,Basico,33,38,F,Puente Alto,S06,Web,1,0,0,19390,0,0,6,1,,0
VF106640,Full,35,24,F,Vitacura,S06,Web,8,4,0,30480,0,0,8,0,Se mudó,1
VF106641,Full,19,31,F,Maipú,S12,Sucursal,3,1,0,29880,0,0,10,1,Precio,1
VF106642,Basico,20,31,F,Viña del Mar,S10,Campaña RRSS,6,3,1,21520,1,0,10,1,,0
VF106643,Basico,15,36,F,Temuco,S03,Referido,3,1,0,21430,1,0,9,0,,0
VF106644,Full,19,16,M,Vitacura,S09,Sucursal,5,3,0,31330,1,1,5,1,,0
VF106645,Basico,15,35,M,La Florida,S02,App,3,1,1,18880,0,0,6,0,,0
VF106646,Full,27,43,F,La Florida,S07,Sucursal,10,6,0,28440,0,1,6,1,,0
VF106647,Premium,11,28,F,Puente Alto,S05,App,11,7,0,44380,1,0,6,1,,0
VF106648,Basico,15,34,F,Santiago,S01,Web,2,0,0,18700,1,0,9,0,,0
VF106649,Basico,3,32,F,Providencia,S06,Referido,3,1,0,20010,1,0,8,1,,0
VF106650,Basico,19,43,F,San Miguel,S08,App,5,3,1,20970,0,0,7,0,,0
VF106651,Premium,12,31,M,Providencia,S09,App,11,2,0,46600,1,0,9,1,Mala atención,1
VF106652,Full,7,34,F,Maipú,S08,Web,7,4,0,30480,1,0,10,1,Se mudó,1
VF106653,Full,13,35,F,Temuco,S06,Referido,7,3,0,30720,1,0,8,0,,0
VF106654,Basico,52,26,M,Vitacura,S11,Campaña RRSS,4,1,0,20260,0,0,10,0,,0
VF106655,Basico,12,49,M,Providencia,S06,Sucursal,1,0,0,19980,1,2,7,0,,0
VF106656,Premium,15,23,Otro,Vitacura,S08,Web,8,2,0,48420,0,0,8,1,,0
VF106657,Full,18,40,F,San Miguel,S09,Web,5,3,0,28930,1,1,6,1,Mala atención,1
VF106658,Full,25,41,F,Puente Alto,S02,Referido,7,2,1,29730,0,0,9,1,,0
VF106659,Full,20,50,M,Las Condes,S02,Sucursal,5,2,0,31240,0,0,10,0,Poco uso,1
VF106660,Basico,21,19,M,Las Condes,S06,App,3,1,0,19280,1,0,4,0,Poco uso,1
VF106661,Basico,26,32,M,Puente Alto,S09,Campaña RRSS,4,1,0,19570,1,0,9,1,Se mudó,1
VF106662,Full,12,45,F,Santiago,S06,Campaña RRSS,8,5,0,29940,1,2,10,0,Precio,1
VF106663,Basico,5,24,M,Santiago,S05,Campaña RRSS,4,1,1,20250,1,0,8,0,,0
VF106664,Full,14,42,M,Providencia,S10,Web,10,2,0,30840,1,0,7,0,Mala atención,1
VF106665,Premium,15,43,F,Las Condes,S07,Web,13,8,0,44050,1,0,6,0,,0
VF106666,Premium,12,62,M,Concepción,S11,Sucursal,7,3,0,45200,1,0,3,0,,0
VF106667,Full,38,45,F,Vitacura,S02,Campaña RRSS,1,0,0,29250,1,3,5,1,Se mudó,1
VF106668,Full,21,40,F,Concepción,S09,Campaña RRSS,10,3,0,30500,0,0,4,0,,0
VF106669,Full,51,29,F,Puente Alto,S12,Referido,8,2,1,29760,0,0,6,1,,0
VF106670,Basico,3,26,F,Concepción,S02,App,0,0,0,20130,0,1,7,6,Se cambió de gimnasio,1
VF106671,Premium,25,34,M,Las Condes,S11,Sucursal,11,5,0,46320,1,1,9,1,,0
VF106672,Basico,12,33,F,Viña del Mar,S03,Sucursal,7,2,1,20740,1,1,6,0,,0
VF106673,Full,7,39,F,Puente Alto,S04,Sucursal,8,5,1,30040,1,0,7,1,,0
VF106674,Basico,3,16,F,Temuco,S06,Referido,9,5,0,19630,1,0,9,1,,0
VF106675,Basico,33,41,M,Puente Alto,S09,Web,3,1,0,20190,0,0,9,1,Poco uso,1
VF106676,Full,6,43,M,La Florida,S11,App,8,3,0,30080,1,0,7,0,,0
VF106677,Full,24,29,F,Vitacura,S05,App,6,2,0,31200,0,0,5,0,,0
VF106678,Basico,6,45,F,Santiago,S06,App,6,1,0,20110,1,1,3,1,,0
VF106679,Full,20,32,F,Temuco,S06,Web,8,1,0,29150,1,0,7,1,Se cambió de gimnasio,1
VF106680,Full,10,35,M,Ñuñoa,S03,Campaña RRSS,8,4,0,29160,1,1,7,1,,0
VF106681,Full,25,32,M,Providencia,S03,Web,10,2,0,31770,0,0,7,1,,0
VF106682,Full,44,22,F,La Florida,S07,Referido,9,5,1,29060,0,0,10,0,Poco uso,1
VF106683,Full,15,34,F,Temuco,S09,Referido,5,2,0,30230,1,0,4,0,,0
VF106684,Basico,37,37,F,Concepción,S11,Referido,2,0,1,19980,1,1,6,1,Se mudó,1
VF106685,Full,21,43,F,Maipú,S05,App,7,2,2,31400,1,0,10,0,,0
VF106686,Basico,20,33,M,San Miguel,S05,Referido,2,0,0,19570,1,4,4,0,,0
VF106687,Full,7,16,M,Concepción,S09,App,2,1,0,29730,0,4,3,1,Poco uso,1
VF106688,Full,19,38,M,Viña del Mar,S08,Campaña RRSS,7,3,0,28200,1,0,6,0,Salud,1
VF106689,Basico,27,27,F,Viña del Mar,S01,Web,6,2,1,19810,0,0,10,1,Se mudó,1
VF106690,Full,24,16,M,San Miguel,S10,Sucursal,1,0,0,29620,0,1,8,0,Poco uso,1
VF106691,Basico,19,38,M,Providencia,S07,App,5,1,0,20120,0,0,6,1,,0
VF106692,Full,9,35,M,Maipú,S11,App,6,4,0,29170,1,0,6,0,,0
VF106693,Full,17,43,M,Concepción,S05,Campaña RRSS,2,1,0,29420,1,2,7,1,Poco uso,1
VF106694,Basico,27,30,M,Temuco,S07,Web,7,1,0,20420,0,0,5,0,,0
VF106695,Basico,36,63,F,La Florida,S09,Referido,2,1,0,19290,0,0,3,1,,0
VF106696,Basico,11,35,F,Puente Alto,S10,Referido,4,1,1,21060,0,1,8,0,,0
VF106697,Basico,7,34,M,Santiago,S06,Campaña RRSS,3,1,0,20540,1,0,9,1,,0
VF106698,Full,35,16,F,Puente Alto,S11,Web,1,0,0,29700,0,0,6,0,,0
VF106699,Full,35,17,F,Viña del Mar,S10,App,8,4,0,28880,1,0,5,1,,0
VF106700,Basico,26,41,M,Temuco,S01,App,4,2,1,19880,0,2,5,0,,0
VF106701,Full,22,16,M,Ñuñoa,S03,Sucursal,8,3,0,30370,0,1,5,1,Se cambió de gimnasio,1
VF106702,Basico,2,25,M,Las Condes,S10,Campaña RRSS,5,1,0,20020,0,1,8,0,,0
VF106703,Premium,30,54,F,La Florida,S03,Campaña RRSS,4,0,0,42220,1,0,5,0,Se cambió de gimnasio,1
VF106704,Full,6,50,F,Vitacura,S09,Sucursal,11,4,1,29370,0,1,7,1,,0
VF106705,Full,12,16,M,Vitacura,S07,Web,2,1,0,30030,0,2,5,0,,0
VF106706,Basico,5,54,M,Temuco,S11,Web,5,1,1,19630,0,0,3,0,,0
VF106707,Basico,16,35,M,Puente Alto,S05,Sucursal,10,6,1,20050,1,0,10,0,Salud,1
VF106708,Basico,31,41,F,Ñuñoa,S03,Referido,1,0,0,19790,0,2,8,0,,0
VF106709,Basico,14,33,M,Maipú,S06,App,6,4,1,18730,0,0,10,1,,0
VF106710,Basico,26,35,M,Las Condes,S08,App,3,1,2,19610,1,1,8,0,,0
VF106711,Basico,14,40,F,Las Condes,S04,App,3,0,0,19700,0,0,6,1,,0
VF106712,Basico,52,40,F,La Florida,S08,Sucursal,1,0,0,19470,1,2,6,0,,0
VF106713,Full,47,22,M,Concepción,S03,Campaña RRSS,6,3,0,29450,1,0,6,0,,0
VF106714,Basico,20,21,F,Concepción,S07,Web,6,1,0,20070,1,0,9,0,,0
VF106715,Full,19,26,M,Providencia,S06,Web,4,1,1,28810,0,0,8,0,Mala atención,1
VF106716,Full,28,23,M,San Miguel,S10,App,2,1,0,29140,1,0,8,0,,0
VF106717,Basico,7,50,M,San Miguel,S03,Sucursal,6,2,0,19970,0,1,6,1,,0
VF106718,Basico,54,32,F,Ñuñoa,S10,App,5,3,1,19130,0,0,4,1,,0
VF106719,Full,84,29,F,Maipú,S01,Web,8,1,0,29830,1,0,8,0,,0
VF106720,Full,28,29,F,Ñuñoa,S03,Referido,9,3,0,28520,1,0,7,0,,0
VF106721,Basico,12,29,F,Las Condes,S11,App,6,2,2,20770,1,1,10,1,,0
VF106722,Basico,40,66,F,Providencia,S05,Web,4,1,0,19990,0,1,8,0,Poco uso,1
VF106723,Basico,19,27,M,Viña del Mar,S03,Sucursal,2,1,0,21130,0,0,10,1,,0
VF106724,Premium,11,16,F,Temuco,S03,Referido,12,4,0,45920,1,0,9,1,,0
VF106725,Premium,25,35,M,La Florida,S08,App,5,2,1,47610,1,0,8,0,,0
VF106726,Basico,18,31,M,Santiago,S06,App,3,0,0,19930,1,1,8,0,,0
VF106727,Basico,3,48,F,Concepción,S10,Web,4,1,0,19970,1,0,9,1,,0
VF106728,Full,14,28,M,Santiago,S10,Sucursal,8,4,3,29550,0,0,8,1,Salud,1
VF106729,Full,43,36,M,Concepción,S04,App,8,2,1,28370,1,0,10,1,,0
VF106730,Basico,45,40,M,La Florida,S02,Web,0,0,1,20630,1,1,7,3,,0
VF106731,Basico,26,27,F,Vitacura,S03,Campaña RRSS,4,2,0,21570,0,1,7,0,Mala atención,1
VF106732,Basico,8,45,F,Ñuñoa,S09,Web,2,0,0,20510,0,0,7,0,Precio,1
VF106733,Basico,28,31,F,Puente Alto,S06,App,5,1,1,20710,0,0,8,0,,0
VF106734,Premium,23,51,F,Temuco,S08,Campaña RRSS,7,1,1,46500,0,0,8,1,,0
VF106735,Basico,29,26,F,Puente Alto,S10,App,5,3,1,18990,1,0,10,0,,0
VF106736,Full,21,29,M,Ñuñoa,S05,Sucursal,9,3,1,29290,1,0,5,0,,0
VF106737,Premium,34,21,F,Providencia,S06,Web,11,7,0,45330,1,0,6,0,,0
VF106738,Basico,3,35,F,Santiago,S02,Web,4,1,0,20490,1,0,9,1,,0
VF106739,Full,18,38,F,Puente Alto,S11,Campaña RRSS,10,5,0,28010,1,0,10,0,,0
VF106740,Basico,10,17,M,Temuco,S10,Sucursal,0,0,2,19680,1,2,5,6,,0
VF106741,Basico,14,27,Otro,Las Condes,S05,Web,5,1,0,20430,0,0,10,0,,0
VF106742,Full,24,17,M,Concepción,S02,Web,4,2,0,29140,1,0,7,0,,0
VF106743,Basico,19,38,F,Providencia,S10,Web,6,3,0,20120,0,1,7,1,,0
VF106744,Basico,9,40,M,Vitacura,S08,Campaña RRSS,5,1,0,19460,1,0,9,0,,0
VF106745,Basico,17,40,F,Santiago,S11,Web,4,2,0,19920,0,0,8,0,,0
VF106746,Full,10,40,M,Las Condes,S06,Referido,8,4,0,31090,1,1,9,1,,0
VF106747,Premium,15,32,F,La Florida,S09,Referido,11,3,0,46380,1,0,7,1,Se cambió de gimnasio,1
VF106748,Basico,26,25,F,San Miguel,S06,App,7,3,0,20680,0,1,8,0,,0
VF106749,Basico,18,31,M,Las Condes,S08,Web,0,0,1,20280,0,1,8,3,Se mudó,1
VF106750,Basico,19,32,F,Vitacura,S02,Sucursal,1,0,0,19600,1,2,7,1,Poco uso,1
VF106751,Full,13,31,M,Concepción,S12,App,5,1,1,30650,1,1,9,0,,0
VF106752,Full,38,16,F,Viña del Mar,S02,Campaña RRSS,7,4,0,29620,1,0,7,0,,0
VF106753,Full,21,32,F,Santiago,S09,Sucursal,4,1,1,30850,1,0,10,1,,0
VF106754,Full,4,28,F,La Florida,S04,Sucursal,4,1,0,27830,1,1,9,1,,0
VF106755,Full,41,22,M,Providencia,S06,Sucursal,9,3,0,28460,1,0,10,0,,0
VF106756,Premium,10,40,F,San Miguel,S01,Campaña RRSS,5,2,0,44710,1,0,10,0,,0
VF106757,Basico,4,34,M,Las Condes,S05,Sucursal,0,0,0,19270,0,1,7,7,,0
VF106758,Full,16,45,F,Maipú,S08,Referido,4,2,1,31110,0,0,8,0,,0
VF106759,Full,31,24,F,Temuco,S09,App,0,0,0,29890,1,1,6,1,Se mudó,1
VF106760,Basico,42,24,M,Providencia,S02,Web,1,0,1,20380,0,1,7,1,,0
VF106761,Basico,28,25,M,Vitacura,S03,Referido,0,0,1,20130,0,0,9,2,Mala atención,1
VF106762,Full,10,27,F,Santiago,S06,Web,4,2,0,29810,1,0,9,1,,0
VF106763,Basico,5,40,F,Las Condes,S06,App,6,2,0,21070,0,1,10,1,,0
VF106764,Premium,35,16,M,Providencia,S03,Campaña RRSS,12,3,0,46880,1,0,8,0,,0
VF106765,Basico,14,33,F,Concepción,S12,Campaña RRSS,0,0,0,19100,0,1,5,5,Se mudó,1
VF106766,Premium,2,42,M,Vitacura,S04,Campaña RRSS,11,4,0,45850,1,0,6,0,,0
VF106767,Basico,17,25,F,Santiago,S02,Web,4,1,0,19500,0,0,10,0,,0
VF106768,Premium,11,35,M,San Miguel,S01,Campaña RRSS,12,5,1,50210,1,1,8,1,,0
VF106769,Basico,14,35,F,Providencia,S02,Campaña RRSS,0,0,0,19440,1,2,4,1,,0
VF106770,Basico,15,49,M,Vitacura,S01,Web,0,0,0,19610,1,3,6,1,Poco uso,1
VF106771,Full,17,43,M,Maipú,S10,Web,10,3,0,28580,1,0,9,1,,0
VF106772,Basico,13,45,M,Providencia,S02,Web,3,0,2,19490,0,1,7,0,,0
VF106773,Full,10,25,F,Puente Alto,S03,App,13,7,0,29830,1,0,6,1,Salud,1
VF106774,Full,12,33,M,San Miguel,S10,Sucursal,10,4,0,31700,1,0,8,0,,0
VF106775,Full,1,40,M,San Miguel,S01,App,10,2,1,30590,1,0,9,0,,0
VF106776,Basico,12,41,M,Maipú,S07,Web,3,0,2,19530,0,0,9,1,,0
VF106777,Full,45,48,F,Temuco,S08,App,11,5,0,28020,0,0,7,0,,0
VF106778,Full,24,37,M,Puente Alto,S05,Web,13,3,1,28340,1,0,10,1,,0
VF106779,Basico,4,30,F,Maipú,S10,App,2,1,1,21070,0,2,4,0,Se cambió de gimnasio,1
VF106780,Basico,40,44,M,Temuco,S11,Campaña RRSS,4,2,0,20110,1,0,10,0,,0
VF106781,Basico,19,31,F,Maipú,S08,Sucursal,4,0,0,20010,0,0,5,0,,0
VF106782,Basico,13,27,F,Puente Alto,S05,Campaña RRSS,2,0,0,19220,1,0,10,0,Mala atención,1
VF106783,Basico,62,46,M,San Miguel,S05,Referido,0,0,0,20590,1,2,3,2,Precio,1
VF106784,Premium,10,35,F,Ñuñoa,S09,Web,6,1,0,46790,0,1,6,0,Se mudó,1
VF106785,Basico,14,24,M,San Miguel,S08,Referido,4,1,0,20250,0,0,5,1,,0
VF106786,Full,18,36,F,Ñuñoa,S05,App,3,1,0,30260,1,0,6,1,,0
VF106787,Full,18,39,F,Viña del Mar,S05,App,3,0,0,30340,1,1,8,1,,0
VF106788,Premium,22,46,M,Vitacura,S12,Referido,12,6,0,47440,0,0,6,0,Salud,1
VF106789,Basico,27,33,F,Ñuñoa,S05,App,4,1,0,20170,1,1,8,0,,0
VF106790,Premium,26,47,M,Vitacura,S04,App,8,5,0,45670,1,0,10,1,Precio,1
VF106791,Basico,5,27,M,Vitacura,S07,Web,0,0,1,19340,1,0,7,2,,0
VF106792,Full,21,49,F,Vitacura,S01,Web,7,3,0,29440,0,1,7,1,Poco uso,1
VF106793,Basico,6,48,F,Las Condes,S09,Web,2,0,1,20190,1,2,5,1,,0
VF106794,Premium,20,30,M,Providencia,S03,App,12,6,0,42860,1,0,9,0,,0
VF106795,Basico,5,39,F,Viña del Mar,S07,Campaña RRSS,8,4,1,20960,1,0,9,1,,0
VF106796,Basico,41,16,F,San Miguel,S01,Web,2,0,0,21080,1,3,6,0,Salud,1
VF106797,Basico,10,30,M,Puente Alto,S06,Campaña RRSS,0,0,1,19530,0,0,8,4,,0
VF106798,Full,14,17,Otro,Vitacura,S10,App,3,1,0,31260,1,0,7,1,,0
VF106799,Full,19,44,M,Ñuñoa,S07,Sucursal,10,6,0,30670,0,0,8,1,,0
VF106800,Premium,8,16,F,Concepción,S03,App,14,7,2,44720,1,1,9,1,Salud,1
VF106801,Basico,16,35,F,Viña del Mar,S03,Web,1,0,0,18940,1,0,7,0,,0
VF106802,Basico,15,28,F,Temuco,S07,Web,4,1,2,19690,0,0,8,1,,0
VF106803,Premium,6,32,F,Ñuñoa,S05,Referido,9,6,0,46340,1,0,9,0,,0
VF106804,Full,20,35,F,Ñuñoa,S04,Referido,7,3,0,30400,1,0,7,1,Salud,1
VF106805,Premium,8,29,M,Concepción,S08,Campaña RRSS,6,1,1,46560,1,0,10,0,,0
VF106806,Basico,21,21,M,Puente Alto,S08,App,0,0,1,20090,0,3,3,1,Se cambió de gimnasio,1
VF106807,Basico,35,33,M,Vitacura,S12,Sucursal,0,0,0,19580,1,0,7,4,Precio,1
VF106808,Basico,4,38,M,Providencia,S05,Campaña RRSS,3,0,1,19620,0,0,10,0,,0
VF106809,Premium,19,39,F,Providencia,S07,Campaña RRSS,6,3,1,45720,1,0,8,1,Se cambió de gimnasio,1
VF106810,Basico,19,35,M,Maipú,S01,Campaña RRSS,3,1,0,20150,0,0,7,1,,0
VF106811,Basico,25,32,F,Providencia,S07,App,1,0,1,20080,0,4,0,0,Poco uso,1
VF106812,Basico,41,16,F,Vitacura,S09,Referido,4,1,0,19410,1,0,8,1,,0
VF106813,Full,7,49,M,La Florida,S09,Web,5,2,0,29200,1,0,7,1,Poco uso,1
VF106814,Basico,18,22,M,Ñuñoa,S08,Web,1,0,1,18150,1,3,7,1,,0
VF106815,Full,34,34,F,Viña del Mar,S08,App,10,5,1,30600,1,0,10,0,,0
VF106816,Full,39,35,M,Maipú,S06,Web,6,2,0,30480,1,0,9,1,,0
VF106817,Basico,6,36,M,Las Condes,S06,App,9,5,0,20520,0,0,3,1,,0
VF106818,Basico,3,21,F,Vitacura,S01,Campaña RRSS,5,1,0,20370,1,0,3,1,Se mudó,1
VF106819,Basico,25,16,M,Santiago,S11,Referido,1,0,0,19730,1,2,3,1,,0
VF106820,Basico,2,39,M,Temuco,S12,Web,5,2,0,19670,0,0,8,1,,0
VF106821,Full,8,21,M,Concepción,S05,Campaña RRSS,6,2,0,30200,1,0,7,0,,0
VF106822,Full,20,32,F,Santiago,S08,Web,5,3,0,29590,1,1,6,1,,0
VF106823,Basico,27,39,M,Vitacura,S11,App,5,1,1,19290,0,1,9,1,,0
VF106824,Full,62,48,F,Las Condes,S01,App,7,1,0,30130,1,0,8,1,,0
VF106825,Basico,14,50,M,Providencia,S10,Web,3,2,0,19900,0,1,5,0,,0
VF106826,Basico,28,51,M,Concepción,S03,Sucursal,2,1,0,20410,1,0,10,1,,0
VF106827,Full,25,31,M,Providencia,S05,App,7,4,0,29260,1,0,10,1,,0
VF106828,Full,29,37,M,Puente Alto,S12,Campaña RRSS,4,1,0,29720,1,1,6,0,,0
VF106829,Basico,18,52,M,Providencia,S08,Web,2,1,1,20550,0,2,5,0,,0
VF106830,Basico,37,39,F,Santiago,S06,Referido,3,1,1,18590,1,0,9,0,,0
VF106831,Basico,21,35,F,Concepción,S04,Sucursal,4,2,2,20100,1,0,9,0,,0
VF106832,Basico,18,16,F,Puente Alto,S04,Sucursal,3,1,0,20820,1,0,7,0,Poco uso,1
VF106833,Basico,33,44,M,Temuco,S12,Web,4,0,1,20370,1,0,10,0,,0
VF106834,Premium,9,35,M,Concepción,S06,Sucursal,11,5,0,45500,0,0,10,1,Poco uso,1
VF106835,Basico,35,47,M,Vitacura,S08,Sucursal,4,2,1,19170,1,0,9,1,,0
VF106836,Basico,15,26,M,San Miguel,S05,Campaña RRSS,2,1,1,20360,0,0,7,1,,0
VF106837,Full,18,36,M,Temuco,S06,App,5,2,1,30810,0,0,8,1,,0
VF106838,Basico,10,28,F,Maipú,S10,Web,7,2,0,21050,1,0,7,1,,0
VF106839,Full,14,17,M,Maipú,S11,Web,8,2,0,29320,0,1,7,0,,0
VF106840,Basico,13,42,M,Santiago,S01,Web,4,0,0,20330,1,0,8,0,,0
VF106841,Basico,29,36,M,Ñuñoa,S11,Web,4,1,0,20270,1,0,7,0,,0
VF106842,Full,19,46,Otro,Las Condes,S12,Sucursal,5,2,2,31650,1,1,8,0,,0
VF106843,Premium,17,20,M,Las Condes,S09,App,13,6,0,45860,1,0,8,0,Se cambió de gimnasio,1
VF106844,Premium,14,39,F,Viña del Mar,S03,App,12,5,1,46360,1,0,10,1,,0
VF106845,Full,7,28,F,Puente Alto,S08,Sucursal,4,1,0,29680,1,1,7,0,,0
VF106846,Full,16,46,M,Temuco,S08,Web,10,5,0,30710,1,0,10,0,,0
VF106847,Basico,44,49,F,Providencia,S10,Web,5,1,1,20230,0,1,9,1,Se mudó,1
VF106848,Full,25,41,M,Maipú,S03,Sucursal,5,2,2,29540,1,1,6,0,,0
VF106849,Basico,13,52,M,Providencia,S11,Web,9,5,0,19560,0,0,6,0,,0
VF106850,Basico,39,29,F,San Miguel,S02,Web,9,2,0,20320,1,0,7,0,,0
VF106851,Basico,9,32,F,Ñuñoa,S08,Referido,1,0,0,18770,0,1,6,1,Se cambió de gimnasio,1
VF106852,Basico,26,35,F,Vitacura,S07,App,3,1,0,19060,0,0,8,1,,0
VF106853,Full,4,33,F,Santiago,S03,Web,3,1,0,30250,1,0,7,1,,0
VF106854,Basico,19,31,F,Las Condes,S03,Referido,3,1,1,20660,1,0,10,0,,0
VF106855,Full,8,25,M,San Miguel,S07,Campaña RRSS,8,1,0,30260,1,0,7,0,Salud,1
VF106856,Full,17,52,F,Santiago,S03,Web,8,5,0,30670,1,0,9,0,,0
VF106857,Premium,21,31,M,Concepción,S02,Web,15,4,2,44920,1,0,6,0,,0
VF106858,Basico,14,27,F,Concepción,S01,Sucursal,8,5,0,19810,1,0,8,1,,0
VF106859,Basico,8,23,F,Santiago,S06,Campaña RRSS,1,0,0,19530,1,0,10,1,,0
VF106860,Basico,40,25,F,La Florida,S01,Referido,3,1,1,20550,1,0,7,1,,0
VF106861,Basico,9,41,Otro,Puente Alto,S04,Sucursal,7,2,1,19890,1,0,4,0,,0
VF106862,Premium,15,42,F,Ñuñoa,S01,Sucursal,6,2,1,46960,1,0,9,0,,0
VF106863,Full,35,16,M,Temuco,S05,Web,10,5,0,30070,1,0,10,0,,0
VF106864,Full,19,29,M,Providencia,S12,Sucursal,3,0,1,31400,0,0,6,1,,0
VF106865,Basico,22,19,M,San Miguel,S09,Web,5,2,0,19950,0,2,7,0,,0
VF106866,Full,35,30,M,Maipú,S10,Sucursal,5,1,1,29560,0,0,7,0,,0
VF106867,Full,29,41,F,Temuco,S04,Web,6,2,0,29540,0,0,8,0,,0
VF106868,Full,26,22,F,La Florida,S07,Campaña RRSS,5,1,0,30630,1,1,10,0,Mala atención,1
VF106869,Full,7,42,F,Concepción,S06,Sucursal,4,1,2,30000,0,0,7,0,Se mudó,1
VF106870,Full,40,19,F,Concepción,S10,Sucursal,8,4,1,30860,0,0,6,0,,0
VF106871,Full,40,34,M,Santiago,S08,Referido,5,2,0,29580,1,0,10,1,,0
VF106872,Basico,38,29,M,Vitacura,S03,Web,3,1,0,20500,0,1,4,1,,0
VF106873,Basico,19,25,F,Puente Alto,S04,Campaña RRSS,3,0,0,20460,1,0,7,0,,0
VF106874,Full,33,30,F,Temuco,S02,Sucursal,7,4,0,30240,1,1,7,1,,0
VF106875,Premium,5,26,M,Providencia,S02,Sucursal,12,6,0,44690,1,1,10,1,Poco uso,1
VF106876,Premium,12,51,F,Ñuñoa,S04,Sucursal,9,5,0,45970,1,0,6,0,,0
VF106877,Premium,5,28,F,Puente Alto,S09,Sucursal,13,5,0,47000,1,0,9,0,,0
VF106878,Premium,38,48,F,Vitacura,S09,Campaña RRSS,10,5,1,47610,0,1,4,1,,0
VF106879,Basico,36,43,M,Ñuñoa,S07,Web,0,0,0,19690,0,1,8,2,Se mudó,1
VF106880,Full,14,38,F,Ñuñoa,S11,Web,6,3,1,30620,1,1,7,0,Salud,1
VF106881,Basico,24,56,F,Santiago,S07,Web,4,2,0,19440,1,0,4,1,Precio,1
VF106882,Basico,9,40,F,Las Condes,S08,Campaña RRSS,9,5,0,20900,0,0,7,0,Se cambió de gimnasio,1
VF106883,Basico,22,39,M,Vitacura,S10,Web,2,1,0,22010,0,1,8,0,,0
VF106884,Basico,15,27,M,Vitacura,S04,Campaña RRSS,2,0,0,20030,1,1,9,1,,0
VF106885,Full,28,32,F,Providencia,S10,App,3,0,0,31300,0,1,5,1,,0
VF106886,Full,15,32,F,Temuco,S04,Sucursal,8,3,0,30860,1,1,10,1,,0
VF106887,Full,36,16,F,La Florida,S04,Sucursal,5,1,0,29600,1,1,6,0,Precio,1
VF106888,Full,24,31,M,Concepción,S08,App,4,1,1,29580,1,0,8,0,,0
VF106889,Basico,30,36,F,Maipú,S08,Campaña RRSS,5,2,0,19590,1,0,8,0,,0
VF106890,Full,14,17,M,Vitacura,S07,Referido,2,1,1,29570,1,4,1,1,Se mudó,1
VF106891,Basico,8,28,F,Santiago,S11,App,4,2,0,20830,0,1,8,1,,0
VF106892,Premium,27,27,M,Ñuñoa,S10,Sucursal,13,7,1,47090,1,0,5,1,,0
VF106893,Basico,25,45,M,Concepción,S08,Web,3,1,0,20190,1,0,8,0,,0
VF106894,Full,26,31,F,Concepción,S05,App,8,3,1,28740,1,1,7,0,,0
VF106895,Full,39,39,M,Maipú,S09,Web,8,5,0,29920,1,1,7,1,,0
VF106896,Basico,16,36,M,Las Condes,S01,Sucursal,6,4,0,20610,0,0,9,0,,0
VF106897,Full,12,45,M,Ñuñoa,S04,Sucursal,7,2,1,30860,0,0,6,1,,0
VF106898,Basico,17,37,F,Maipú,S03,Web,4,1,1,19900,1,1,8,0,,0
VF106899,Premium,42,33,F,Puente Alto,S05,Sucursal,14,5,0,46780,0,0,2,1,,0
VF106900,Basico,22,34,F,Viña del Mar,S12,Campaña RRSS,5,1,0,20240,1,1,9,1,,0
VF106901,Full,10,19,F,Concepción,S01,App,10,6,0,30280,0,0,7,0,,0
VF106902,Basico,13,50,M,Puente Alto,S10,App,9,5,0,20320,1,0,10,1,,0
VF106903,Basico,19,23,M,Temuco,S01,Web,3,1,0,20070,0,1,4,1,,0
VF106904,Full,12,49,M,Temuco,S04,App,6,1,0,27170,0,1,7,0,,0
VF106905,Full,20,23,M,Viña del Mar,S01,Web,7,3,0,30220,0,0,5,0,,0
VF106906,Premium,8,22,F,Vitacura,S04,Web,10,2,1,47580,1,0,7,0,,0
VF106907,Full,28,45,F,Temuco,S05,Referido,7,1,0,30310,0,0,9,0,,0
VF106908,Premium,7,45,M,Temuco,S10,Web,5,2,1,43830,1,0,9,1,,0
VF106909,Full,24,22,M,Ñuñoa,S09,Web,5,1,0,29260,1,0,10,1,,0
VF106910,Full,29,42,M,Vitacura,S10,Web,12,5,0,28550,1,3,4,0,,0
VF106911,Basico,9,45,F,Providencia,S06,Sucursal,2,1,1,20040,0,1,6,0,,0
VF106912,Full,25,42,F,Puente Alto,S09,Web,3,1,0,29000,0,0,9,1,,0
VF106913,Full,11,31,F,Santiago,S03,App,8,3,0,29560,1,0,9,1,,0
VF106914,Basico,30,28,F,Viña del Mar,S01,Referido,1,0,0,20440,0,3,4,0,,0
VF106915,Full,16,44,M,Temuco,S06,Referido,7,1,1,29910,1,0,5,0,,0
VF106916,Full,8,42,M,Temuco,S09,Campaña RRSS,5,1,0,29570,1,0,10,1,,0
VF106917,Full,8,47,M,Viña del Mar,S04,Web,5,1,0,31310,1,0,10,0,,0
VF106918,Basico,42,23,M,Concepción,S08,App,6,3,1,20150,1,0,10,0,,0
VF106919,Basico,38,16,M,Vitacura,S11,Web,2,0,1,19460,0,1,6,0,,0
VF106920,Premium,15,61,F,La Florida,S09,Referido,6,2,1,49220,0,2,9,0,,0
VF106921,Basico,9,45,M,Santiago,S08,Web,5,2,0,19390,1,0,10,0,,0
VF106922,Basico,17,34,F,Providencia,S07,App,8,4,2,20140,1,0,7,0,,0
VF106923,Basico,5,16,Otro,Temuco,S05,Web,2,0,0,20090,1,2,8,0,Precio,1
VF106924,Premium,18,42,M,Vitacura,S10,Web,11,6,0,45780,1,0,7,1,Poco uso,1
VF106925,Basico,20,35,F,Puente Alto,S08,App,1,0,0,19620,1,1,7,0,,0
VF106926,Full,45,43,F,Puente Alto,S01,App,0,0,0,29510,1,2,7,6,Se cambió de gimnasio,1
VF106927,Full,21,28,F,Temuco,S11,Web,12,6,0,30490,1,0,6,0,,0
VF106928,Full,32,42,F,Ñuñoa,S06,Web,8,4,1,28790,1,0,10,0,Mala atención,1
VF106929,Basico,35,51,F,Temuco,S10,Referido,3,0,1,19850,0,0,10,0,,0
VF106930,Premium,4,45,F,Las Condes,S07,Campaña RRSS,7,3,0,46620,1,0,7,1,,0
VF106931,Full,16,48,F,Santiago,S07,Sucursal,6,2,1,30390,0,0,10,1,,0
VF106932,Full,17,31,F,Vitacura,S08,Campaña RRSS,7,4,0,30510,1,0,9,0,,0
VF106933,Full,14,42,M,Santiago,S04,Web,8,3,1,29740,1,0,5,0,,0
VF106934,Full,41,33,M,Vitacura,S11,Referido,4,1,0,29490,0,0,8,1,,0
VF106935,Basico,45,38,M,Puente Alto,S12,App,1,0,0,19430,0,0,7,1,,0
VF106936,Full,48,32,F,Viña del Mar,S07,Web,9,3,0,29500,0,0,7,0,,0
VF106937,Basico,11,22,M,Santiago,S10,Referido,2,0,0,19950,1,3,2,1,Se cambió de gimnasio,1
VF106938,Basico,14,39,F,Concepción,S12,App,2,1,0,20070,0,1,5,1,,0
VF106939,Full,35,39,F,Puente Alto,S06,App,10,3,0,30380,1,1,7,1,,0
VF106940,Full,27,38,M,Ñuñoa,S04,Campaña RRSS,6,3,0,28720,1,0,9,1,,0
VF106941,Full,33,39,M,Puente Alto,S07,Campaña RRSS,8,5,0,29930,1,0,4,1,,0
VF106942,Basico,10,52,M,Las Condes,S08,Campaña RRSS,5,1,0,20060,1,1,6,1,,0
VF106943,Full,14,26,F,Las Condes,S08,Web,4,2,0,30300,1,0,7,0,,0
VF106944,Full,17,40,F,Maipú,S06,Referido,11,5,0,29940,0,0,7,0,,0
VF106945,Full,31,59,M,Maipú,S05,Referido,9,5,0,28850,0,0,8,1,,0
VF106946,Full,12,35,F,Ñuñoa,S05,Sucursal,9,3,0,30350,1,0,8,0,,0
VF106947,Premium,17,41,F,Providencia,S03,App,11,6,0,46100,0,1,7,1,,0
VF106948,Basico,5,32,M,Providencia,S06,Sucursal,2,0,0,21250,1,3,7,1,Poco uso,1
VF106949,Premium,10,39,F,Temuco,S03,App,9,5,0,44400,1,1,7,1,,0
VF106950,Basico,15,40,M,Providencia,S06,App,3,1,0,19010,0,0,6,0,,0
VF106951,Basico,32,18,F,Vitacura,S03,Web,1,0,1,19890,0,0,7,1,,0
VF106952,Premium,24,26,M,Maipú,S10,Web,11,7,2,47200,1,1,8,0,,0
VF106953,Premium,21,47,M,Santiago,S01,App,12,4,1,46870,1,1,3,1,,0
VF106954,Basico,25,44,M,San Miguel,S07,Sucursal,1,0,1,20360,1,1,6,1,,0
VF106955,Basico,30,44,F,Temuco,S09,App,0,0,0,20520,0,3,3,3,Precio,1
VF106956,Basico,9,20,M,Vitacura,S06,Web,5,3,0,19800,0,0,4,0,,0
VF106957,Basico,18,29,F,Puente Alto,S02,Sucursal,4,0,0,19300,1,2,8,0,,0
VF106958,Full,25,46,M,Viña del Mar,S10,Campaña RRSS,8,4,0,30030,0,1,5,1,Salud,1
VF106959,Basico,5,43,F,San Miguel,S07,Web,4,1,1,20630,1,0,6,1,,0
VF106960,Full,15,31,F,Santiago,S04,Sucursal,11,2,0,30230,1,0,5,1,Mala atención,1
VF106961,Full,17,36,F,Concepción,S12,Sucursal,6,3,0,29130,1,0,9,0,,0
VF106962,Basico,11,42,F,Las Condes,S07,Web,3,0,0,20310,0,0,8,0,,0
VF106963,Basico,14,18,F,Concepción,S05,Referido,4,2,2,20030,1,1,6,1,,0
VF106964,Basico,11,30,M,Providencia,S07,Web,6,3,0,20310,1,1,9,0,,0
VF106965,Basico,8,54,M,Providencia,S08,Web,3,1,0,20090,0,1,8,0,Precio,1
VF106966,Basico,22,39,M,La Florida,S01,Web,2,0,0,19830,0,1,10,0,,0
VF106967,Basico,12,51,M,Temuco,S12,Web,8,3,1,19910,0,0,8,1,,0
VF106968,Basico,17,25,M,Vitacura,S06,Referido,3,2,0,19630,0,0,10,1,,0
VF106969,Full,51,16,M,San Miguel,S09,Web,3,0,0,29440,1,0,8,0,,0
VF106970,Full,18,24,F,San Miguel,S09,Campaña RRSS,3,1,0,30070,1,0,9,1,,0
VF106971,Premium,46,37,F,La Florida,S11,Web,11,6,0,45000,0,0,10,1,,0
VF106972,Basico,10,30,F,San Miguel,S03,Sucursal,8,5,1,19070,1,0,9,0,,0
VF106973,Full,6,40,M,Providencia,S06,Sucursal,11,4,0,29640,1,1,7,0,Se mudó,1
VF106974,Basico,11,42,M,Santiago,S02,Web,0,0,0,20010,1,2,9,5,,0
VF106975,Full,15,50,F,Santiago,S03,Referido,10,4,0,30760,1,0,4,0,,0
VF106976,Full,38,39,F,Concepción,S11,App,8,5,0,29730,0,0,5,0,,0
VF106977,Basico,18,45,F,Ñuñoa,S06,Campaña RRSS,3,1,0,19660,0,0,10,0,,0
VF106978,Full,32,41,M,Viña del Mar,S03,Sucursal,8,4,0,30800,0,0,8,0,,0
VF106979,Full,7,22,F,Santiago,S08,Web,10,5,0,29830,0,1,6,0,Se cambió de gimnasio,1
VF106980,Basico,46,45,M,Providencia,S10,Campaña RRSS,5,1,0,19530,0,1,8,1,,0
VF106981,Full,40,54,F,San Miguel,S01,Sucursal,9,4,0,31290,1,1,4,1,,0
VF106982,Basico,27,30,F,Vitacura,S12,Web,5,1,1,19940,1,2,7,1,,0
VF106983,Basico,18,49,M,Viña del Mar,S06,Sucursal,1,0,0,20320,0,1,7,1,Salud,1
VF106984,Full,15,40,M,Maipú,S12,App,2,0,0,28770,1,2,6,0,,0
VF106985,Full,11,40,M,Temuco,S09,Sucursal,6,3,0,30330,0,1,8,0,,0
VF106986,Basico,28,18,M,Las Condes,S08,Campaña RRSS,0,0,0,20100,0,3,8,4,Poco uso,1
VF106987,Premium,4,40,M,Ñuñoa,S05,Sucursal,6,2,0,46750,1,0,6,1,,0
VF106988,Basico,6,32,M,Temuco,S11,Web,3,1,0,19430,0,0,10,1,,0
VF106989,Full,30,38,F,Concepción,S08,App,10,2,0,31510,1,0,8,0,,0
VF106990,Basico,23,29,F,Santiago,S07,Sucursal,9,5,0,19140,0,0,10,0,,0
VF106991,Full,22,44,M,Concepción,S01,Web,4,0,0,29340,1,0,8,0,,0
VF106992,Full,58,45,M,Concepción,S06,Campaña RRSS,3,1,0,30420,1,0,6,0,,0
VF106993,Premium,7,31,F,Santiago,S11,Referido,5,3,0,44170,1,0,6,1,Se mudó,1
VF106994,Basico,19,27,M,Puente Alto,S01,Web,4,2,0,20510,0,0,10,0,,0
VF106995,Basico,15,36,M,Santiago,S08,Sucursal,6,4,3,20050,1,0,8,1,Mala atención,1
VF106996,Basico,41,32,F,San Miguel,S06,Sucursal,2,1,1,19150,0,1,5,1,,0
VF106997,Premium,33,26,M,La Florida,S12,Sucursal,7,4,0,45480,0,0,7,1,,0
VF106998,Basico,9,44,M,Concepción,S01,App,4,2,0,19480,0,0,9,1,,0
VF106999,Basico,39,31,F,Temuco,S10,App,4,1,1,19120,1,0,10,1,,0
VF107000,Full,43,27,F,Vitacura,S09,Sucursal,5,1,0,28890,1,0,6,0,,0
VF107001,Basico,21,40,M,Providencia,S10,App,4,1,1,20290,1,1,9,1,,0
VF107002,Premium,10,48,M,Ñuñoa,S08,App,16,9,0,47110,0,0,8,0,,0
VF107003,Premium,27,30,F,Viña del Mar,S10,Sucursal,11,2,0,46560,1,0,3,0,,0
VF107004,Full,49,23,F,Vitacura,S07,Sucursal,12,5,0,31030,1,2,10,1,,0
VF107005,Full,8,47,M,Vitacura,S08,Sucursal,9,4,0,29340,1,0,10,0,,0
VF107006,Basico,5,31,M,Ñuñoa,S02,App,0,0,0,21030,1,0,9,2,,0
VF107007,Premium,7,32,F,La Florida,S11,Sucursal,8,1,0,47190,0,1,7,0,Poco uso,1
VF107008,Full,5,16,F,Concepción,S04,Campaña RRSS,8,3,0,29430,0,0,7,1,,0
VF107009,Full,15,54,F,Maipú,S09,Web,6,3,0,31190,1,1,6,0,,0
VF107010,Full,22,50,F,Santiago,S01,Web,6,2,0,30280,1,0,10,1,,0
VF107011,Full,3,46,M,Providencia,S09,Web,8,3,0,30200,0,0,9,1,,0
VF107012,Full,14,38,F,La Florida,S12,Web,9,4,0,31380,1,0,6,0,,0
VF107013,Basico,10,33,M,Maipú,S07,App,1,0,0,19330,0,2,7,0,,0
VF107014,Basico,9,30,F,Ñuñoa,S03,Campaña RRSS,4,2,0,19930,1,0,5,0,,0
VF107015,Premium,20,35,F,San Miguel,S12,Sucursal,9,5,2,45750,1,0,10,1,,0
VF107016,Premium,15,28,F,Maipú,S06,Sucursal,13,4,1,48460,0,1,4,0,,0
VF107017,Basico,13,27,F,Concepción,S06,Referido,2,0,1,20070,1,0,7,1,,0
VF107018,Full,23,24,M,San Miguel,S04,Referido,2,0,0,28570,1,0,10,0,,0
VF107019,Basico,49,16,M,Viña del Mar,S06,Web,5,2,1,20140,1,0,8,1,Se cambió de gimnasio,1
VF107020,Basico,14,25,F,San Miguel,S02,Campaña RRSS,3,0,0,20150,1,0,8,0,Mala atención,1
VF107021,Full,28,52,M,Ñuñoa,S02,Web,9,3,0,29860,1,0,9,1,,0
VF107022,Basico,21,26,M,Las Condes,S02,Web,0,0,1,18830,1,2,6,5,Se cambió de gimnasio,1
VF107023,Basico,8,16,F,Maipú,S12,Campaña RRSS,6,1,0,20210,0,1,6,0,,0
VF107024,Full,40,36,F,Providencia,S05,Sucursal,4,1,0,29410,1,0,6,0,,0
VF107025,Basico,5,38,M,San Miguel,S02,Sucursal,0,0,0,21120,0,0,10,6,Salud,1
VF107026,Basico,66,37,F,Concepción,S12,Campaña RRSS,2,1,0,19440,0,2,6,0,,0
VF107027,Full,18,34,F,Ñuñoa,S01,Sucursal,5,2,0,30080,0,0,8,1,,0
VF107028,Basico,10,22,M,Concepción,S03,Campaña RRSS,1,0,1,20810,1,3,6,0,,0
VF107029,Basico,12,26,M,Providencia,S08,Campaña RRSS,5,3,0,20670,0,0,7,1,,0
VF107030,Basico,25,37,M,San Miguel,S06,App,0,0,0,20200,0,1,6,2,Mala atención,1
VF107031,Basico,11,46,F,Concepción,S02,App,6,3,0,19400,0,0,7,1,,0
VF107032,Full,3,20,F,Temuco,S08,Web,10,4,1,29930,1,0,10,1,,0
VF107033,Full,18,35,M,Providencia,S10,Campaña RRSS,3,0,1,30930,1,0,10,0,,0
VF107034,Premium,21,33,F,La Florida,S09,App,13,8,0,47340,1,0,7,1,Mala atención,1
VF107035,Premium,18,32,F,Las Condes,S08,Referido,8,1,0,46910,1,1,4,1,Poco uso,1
VF107036,Basico,9,43,M,Santiago,S04,Campaña RRSS,3,0,0,19530,0,1,5,1,,0
VF107037,Basico,13,35,F,Providencia,S01,App,5,1,0,19480,1,0,9,0,,0
VF107038,Basico,3,36,M,Puente Alto,S12,App,5,2,0,20980,1,0,10,0,,0
VF107039,Full,24,29,F,Santiago,S12,Sucursal,8,3,0,30390,1,0,8,1,,0
VF107040,Premium,10,23,M,Ñuñoa,S03,Web,3,0,0,45630,0,0,4,0,,0
VF107041,Basico,12,54,F,Puente Alto,S02,App,7,3,0,20100,1,0,9,0,,0
VF107042,Basico,22,27,M,Concepción,S02,Web,7,2,0,21100,0,1,8,1,,0
VF107043,Basico,9,62,M,Santiago,S02,Web,2,1,0,21070,1,1,6,0,,0
VF107044,Basico,12,49,F,Ñuñoa,S02,Web,4,0,1,20250,0,0,5,1,,0
VF107045,Full,24,35,M,Puente Alto,S05,Web,5,3,1,29570,0,1,8,1,Precio,1
VF107046,Full,14,18,M,Santiago,S01,Campaña RRSS,4,2,0,30190,1,0,8,0,,0
VF107047,Basico,7,28,F,Las Condes,S11,Campaña RRSS,0,0,0,20070,0,1,9,7,Mala atención,1
VF107048,Premium,17,49,F,Puente Alto,S05,Sucursal,9,2,0,44990,1,0,9,1,,0
VF107049,Full,15,42,M,La Florida,S03,Referido,7,3,0,29460,1,1,10,0,,0
VF107050,Full,14,43,M,Viña del Mar,S10,Sucursal,4,2,0,30500,1,0,10,1,,0
VF107051,Basico,6,42,F,Ñuñoa,S04,Sucursal,5,2,1,20110,0,0,7,1,,0
VF107052,Basico,33,38,M,Viña del Mar,S06,Sucursal,8,2,0,19690,0,0,4,0,Poco uso,1
VF107053,Basico,5,24,M,Las Condes,S06,Campaña RRSS,0,0,1,21180,1,2,5,7,Precio,1
VF107054,Full,13,46,F,Las Condes,S02,Web,1,0,1,29970,1,0,5,1,,0
VF107055,Basico,41,44,F,San Miguel,S11,App,5,1,0,20520,0,0,6,0,,0
VF107056,Full,30,41,M,Vitacura,S12,App,3,1,0,30480,0,0,10,0,,0
VF107057,Basico,12,43,F,Puente Alto,S01,Web,6,3,0,18830,1,0,4,1,,0
VF107058,Full,6,41,M,La Florida,S08,Sucursal,4,1,1,30510,1,1,5,1,,0
VF107059,Basico,19,38,F,Las Condes,S11,Sucursal,2,1,0,20280,1,1,7,0,Mala atención,1
VF107060,Basico,47,35,M,Providencia,S02,Referido,4,2,1,20750,0,1,8,1,,0
VF107061,Premium,28,21,F,Maipú,S06,Sucursal,13,3,1,46870,1,0,7,0,,0
VF107062,Premium,9,49,M,Viña del Mar,S05,Sucursal,6,1,0,44620,0,1,6,0,,0
VF107063,Basico,34,32,M,San Miguel,S09,Web,4,2,0,19640,0,0,6,1,,0
VF107064,Basico,40,60,M,Santiago,S02,Campaña RRSS,4,1,0,19900,1,1,9,0,,0
VF107065,Basico,62,37,F,Viña del Mar,S09,Sucursal,3,1,0,19370,1,0,6,0,,0
VF107066,Basico,11,37,M,Maipú,S10,App,0,0,0,19840,1,2,5,5,Se cambió de gimnasio,1
VF107067,Full,23,28,F,Vitacura,S05,Web,7,2,0,29290,1,1,7,1,,0
VF107068,Full,2,33,M,San Miguel,S05,Campaña RRSS,6,3,0,29670,0,0,10,1,,0
VF107069,Full,5,34,M,Maipú,S03,Web,3,1,1,28840,1,0,7,0,,0
VF107070,Basico,7,39,F,Puente Alto,S09,Sucursal,2,0,0,20220,0,2,2,1,Se cambió de gimnasio,1
VF107071,Full,5,42,M,Vitacura,S06,Campaña RRSS,11,7,0,31150,1,1,10,1,,0
VF107072,Premium,26,30,M,San Miguel,S04,Web,9,2,1,45770,1,2,8,1,,0
VF107073,Full,22,26,F,Maipú,S03,Campaña RRSS,7,3,1,31160,1,1,10,1,,0
VF107074,Full,17,44,F,Vitacura,S05,Campaña RRSS,6,2,0,31290,1,2,5,0,Se cambió de gimnasio,1
VF107075,Basico,19,27,M,Las Condes,S11,Referido,2,1,0,21560,0,5,6,0,Se mudó,1
VF107076,Premium,15,35,F,La Florida,S06,App,7,4,1,49020,0,1,4,0,,0
VF107077,Full,26,35,M,Temuco,S09,Sucursal,7,4,0,29980,0,2,6,1,,0
VF107078,Full,5,49,M,Santiago,S08,Web,8,3,0,29760,1,0,9,1,,0
VF107079,Full,16,41,M,Vitacura,S12,Web,10,3,0,30580,1,1,8,0,Se cambió de gimnasio,1
VF107080,Basico,6,34,M,Ñuñoa,S08,Referido,3,1,1,20020,0,1,7,1,Mala atención,1
VF107081,Basico,38,25,M,Providencia,S06,App,3,1,0,19410,0,1,9,1,,0
VF107082,Full,21,62,M,Santiago,S12,Sucursal,2,0,0,29540,0,1,1,0,,0
VF107083,Premium,44,37,F,Santiago,S08,App,2,1,1,47670,1,0,8,0,,0
VF107084,Basico,4,29,M,Santiago,S01,Sucursal,2,0,0,18570,0,2,7,1,Se mudó,1
VF107085,Full,11,50,F,La Florida,S10,App,6,2,1,28910,1,1,10,0,,0
VF107086,Basico,39,51,M,Santiago,S02,App,3,1,0,19680,0,0,10,0,,0
VF107087,Full,13,18,M,Vitacura,S10,Sucursal,6,2,0,30580,1,1,9,0,,0
VF107088,Full,14,21,F,San Miguel,S11,Web,7,3,1,29970,1,0,9,1,,0
VF107089,Basico,25,55,M,La Florida,S08,Sucursal,0,0,2,20260,0,0,8,2,,0
VF107090,Full,14,16,M,Las Condes,S07,Web,8,4,0,29630,1,1,9,1,Mala atención,1
VF107091,Full,9,44,F,San Miguel,S03,App,3,1,1,30140,0,1,6,1,,0
VF107092,Basico,14,36,F,Temuco,S06,Sucursal,5,2,0,18820,1,0,10,1,,0
VF107093,Basico,12,33,Otro,Santiago,S11,Sucursal,4,2,1,19800,1,1,10,0,Mala atención,1
VF107094,Basico,32,48,M,Temuco,S05,Sucursal,5,3,0,20920,0,0,5,0,,0
VF107095,Basico,13,39,M,Las Condes,S12,Sucursal,3,0,0,19410,0,0,9,1,Salud,1
VF107096,Full,29,48,M,La Florida,S08,Web,5,3,1,29590,1,0,9,0,,0
VF107097,Basico,6,30,M,Maipú,S04,Sucursal,9,2,0,20890,0,0,10,0,,0
VF107098,Full,21,30,F,San Miguel,S06,Referido,8,2,0,29070,1,0,6,1,Se cambió de gimnasio,1
VF107099,Basico,42,41,M,Santiago,S06,Web,1,0,0,20320,1,1,6,1,,0
VF107100,Basico,11,18,F,Maipú,S10,Referido,5,1,0,20200,0,0,9,0,,0
VF107101,Basico,27,33,F,Santiago,S12,Web,3,0,0,19680,0,1,9,1,,0
VF107102,Full,5,17,F,Vitacura,S09,Web,5,2,1,30360,1,1,5,0,,0
VF107103,Basico,39,36,F,Temuco,S09,Web,3,1,0,19770,0,0,8,1,Poco uso,1
VF107104,Premium,30,36,F,La Florida,S07,Referido,4,2,0,47120,0,0,6,0,,0
VF107105,Basico,16,39,F,Viña del Mar,S10,Web,6,1,2,19590,0,0,7,0,,0
VF107106,Premium,11,34,F,Puente Alto,S06,Campaña RRSS,9,5,0,48220,1,0,5,0,,0
VF107107,Basico,16,43,F,San Miguel,S05,Sucursal,4,2,0,20740,1,0,6,1,,0
VF107108,Basico,16,34,M,Maipú,S01,Web,0,0,0,19430,1,0,6,2,,0
VF107109,Full,17,42,F,Concepción,S06,Campaña RRSS,11,3,1,30160,1,0,8,0,,0
VF107110,Full,35,25,F,Santiago,S04,Referido,2,1,0,29770,0,0,4,0,,0
VF107111,Premium,55,39,F,Las Condes,S11,Campaña RRSS,7,2,0,47410,1,0,6,1,,0
VF107112,Full,3,22,Otro,Viña del Mar,S07,Web,4,1,1,29770,1,0,8,1,,0
VF107113,Premium,19,47,M,Concepción,S08,App,8,2,0,45800,1,0,5,0,,0
VF107114,Basico,20,35,M,Maipú,S05,Campaña RRSS,2,1,1,19130,0,1,6,0,,0
VF107115,Full,16,23,M,Santiago,S06,Referido,7,3,0,30310,1,0,8,0,,0
VF107116,Full,27,30,M,Santiago,S02,Referido,10,4,0,31410,1,0,5,1,,0
VF107117,Premium,57,16,F,Las Condes,S06,Referido,13,5,0,46950,1,1,4,1,,0
VF107118,Basico,68,49,M,Providencia,S05,Referido,1,0,0,19920,1,1,7,1,,0
VF107119,Basico,12,48,F,Vitacura,S11,App,5,3,0,19150,0,1,6,1,Precio,1
VF107120,Full,11,24,M,Providencia,S06,App,8,1,0,29390,1,0,10,0,,0
VF107121,Full,16,27,F,Providencia,S10,Referido,8,4,2,29540,1,0,9,1,,0
VF107122,Full,8,44,F,Maipú,S02,Sucursal,7,2,0,29880,1,0,6,1,,0
VF107123,Full,5,24,F,Maipú,S11,Campaña RRSS,5,1,1,30050,0,1,4,1,Poco uso,1
VF107124,Full,22,41,F,Viña del Mar,S12,Web,7,4,0,31330,1,0,9,0,,0
VF107125,Full,25,36,F,La Florida,S02,Web,6,1,0,30890,1,1,10,0,,0
VF107126,Full,47,35,M,Concepción,S03,Web,9,5,1,30910,1,1,10,0,Poco uso,1
VF107127,Basico,4,25,M,San Miguel,S06,Referido,5,2,1,19310,1,0,9,1,,0
VF107128,Basico,26,36,M,Ñuñoa,S03,Campaña RRSS,1,0,1,19920,1,1,5,1,,0
VF107129,Premium,49,26,M,Concepción,S03,Campaña RRSS,4,2,0,45340,1,0,7,1,Poco uso,1
VF107130,Full,34,22,M,Temuco,S06,App,7,2,0,30770,1,0,10,0,,0
VF107131,Full,4,50,F,Las Condes,S06,Web,6,3,2,29730,0,0,8,0,,0
VF107132,Full,8,43,F,Maipú,S08,Referido,9,2,0,31180,1,0,8,1,Poco uso,1
VF107133,Basico,13,42,F,Santiago,S12,Campaña RRSS,1,0,0,19820,1,0,9,1,,0
VF107134,Full,23,36,F,Maipú,S06,Sucursal,2,0,0,30740,1,0,10,1,,0
VF107135,Basico,6,33,F,Maipú,S10,Campaña RRSS,6,3,0,20400,1,0,5,0,,0
VF107136,Premium,34,36,F,Providencia,S09,Referido,5,3,2,46000,1,0,9,0,,0
VF107137,Basico,15,36,M,Puente Alto,S08,Sucursal,3,0,0,19570,0,1,7,0,,0
VF107138,Premium,3,34,M,Ñuñoa,S11,Campaña RRSS,16,3,1,44930,1,0,10,0,,0
VF107139,Full,18,29,F,Viña del Mar,S04,Sucursal,10,2,0,29300,1,0,6,0,,0
VF107140,Basico,4,30,F,Providencia,S02,Web,0,0,0,20830,1,0,6,2,Se cambió de gimnasio,1
VF107141,Basico,10,26,M,Puente Alto,S06,App,1,0,0,20990,1,0,7,0,Se mudó,1
VF107142,Basico,12,34,F,San Miguel,S10,Referido,5,1,0,19550,1,0,8,1,,0
VF107143,Premium,25,32,F,Puente Alto,S05,Referido,8,3,0,46800,1,3,6,1,Mala atención,1
VF107144,Basico,5,45,F,Concepción,S06,Campaña RRSS,6,1,1,20510,0,0,7,0,,0
VF107145,Premium,13,41,F,Temuco,S04,Referido,13,5,0,46380,1,0,4,1,,0
VF107146,Full,12,29,M,Concepción,S02,Campaña RRSS,6,3,0,30700,1,0,7,0,,0
VF107147,Full,5,44,F,Viña del Mar,S10,App,6,1,1,29750,0,0,6,1,,0
VF107148,Basico,28,29,M,Maipú,S03,Web,6,2,0,21030,1,0,6,0,,0
VF107149,Full,7,41,M,Vitacura,S06,Sucursal,9,3,0,30400,1,0,7,1,Se cambió de gimnasio,1
VF107150,Basico,12,30,M,Providencia,S02,Sucursal,0,0,0,20260,1,2,6,6,Se cambió de gimnasio,1
VF107151,Basico,10,33,M,Vitacura,S05,Sucursal,3,0,1,19810,0,1,7,1,Se cambió de gimnasio,1
VF107152,Basico,29,29,F,Vitacura,S06,Web,5,1,1,19800,1,0,7,1,,0
VF107153,Full,17,20,F,La Florida,S11,Web,4,0,0,30230,0,0,9,0,,0
VF107154,Full,41,16,M,Vitacura,S02,Web,5,1,1,28760,1,0,7,0,,0
VF107155,Full,9,28,M,Providencia,S06,Campaña RRSS,4,1,0,29830,1,0,8,0,,0
VF107156,Full,18,38,M,Concepción,S10,Web,8,4,0,29290,0,0,8,1,,0
VF107157,Basico,21,35,F,San Miguel,S02,Sucursal,2,0,1,19490,0,0,5,1,,0
VF107158,Basico,25,53,F,San Miguel,S10,Sucursal,1,0,0,19030,0,0,10,1,,0
VF107159,Premium,4,16,F,Viña del Mar,S06,App,12,7,0,44880,1,1,9,1,Se cambió de gimnasio,1
VF107160,Full,28,36,F,Santiago,S08,Campaña RRSS,7,3,0,29900,1,0,6,0,,0
VF107161,Basico,28,17,M,Ñuñoa,S10,Sucursal,5,1,0,19880,1,0,10,0,,0
VF107162,Basico,17,24,F,Providencia,S10,Campaña RRSS,7,4,0,19290,0,0,6,1,,0
VF107163,Basico,23,17,M,Vitacura,S04,Web,0,0,0,20170,1,1,6,2,,0
VF107164,Full,10,21,F,Maipú,S07,App,7,2,0,31500,0,0,7,1,Precio,1
VF107165,Full,17,31,M,Vitacura,S07,App,6,1,1,27600,1,0,7,1,,0
VF107166,Basico,11,48,F,Providencia,S03,Sucursal,4,1,1,20900,1,0,8,1,,0
VF107167,Full,23,19,F,Puente Alto,S05,App,13,6,0,30020,1,1,7,1,Precio,1
VF107168,Full,13,37,F,Providencia,S09,Web,4,0,1,30030,0,0,10,0,,0
VF107169,Basico,4,50,M,La Florida,S08,App,10,5,0,20100,1,0,10,1,,0
VF107170,Basico,18,42,F,Providencia,S02,Web,9,5,0,19400,1,0,9,0,,0
VF107171,Full,27,16,M,Santiago,S06,Sucursal,6,2,0,30500,1,0,8,0,,0
VF107172,Basico,17,46,F,Viña del Mar,S07,Campaña RRSS,8,1,0,20340,1,1,8,0,Se cambió de gimnasio,1
VF107173,Full,24,31,M,Viña del Mar,S12,App,10,6,0,30380,0,0,8,0,,0
VF107174,Full,24,41,M,Puente Alto,S08,App,5,1,0,30100,1,1,5,0,,0
VF107175,Basico,20,21,F,Viña del Mar,S12,Referido,6,2,0,20720,0,1,8,1,Salud,1
VF107176,Full,35,48,M,Puente Alto,S07,Web,2,0,0,29550,1,0,6,0,,0
VF107177,Premium,12,48,M,La Florida,S05,Referido,10,5,0,44560,1,0,7,0,Se cambió de gimnasio,1
VF107178,Full,29,39,M,Vitacura,S02,Sucursal,5,1,0,30530,1,2,10,0,,0
VF107179,Full,9,32,M,Maipú,S09,App,3,1,0,29250,1,0,10,0,,0
VF107180,Full,12,44,M,Santiago,S07,Referido,10,4,1,29940,0,0,9,0,,0
VF107181,Full,10,23,F,Las Condes,S03,Web,5,1,0,31450,1,1,8,1,,0
VF107182,Premium,11,16,M,San Miguel,S07,App,10,3,1,47560,1,1,7,0,,0
VF107183,Basico,20,27,M,Las Condes,S09,Sucursal,5,2,0,21040,0,1,9,1,,0
VF107184,Full,34,25,M,Puente Alto,S06,Web,6,3,0,29010,1,0,6,1,Mala atención,1
VF107185,Basico,36,30,F,Viña del Mar,S11,Campaña RRSS,3,0,0,19530,0,1,8,0,,0
VF107186,Basico,18,39,M,Temuco,S02,Web,9,3,1,20100,1,0,6,0,,0
VF107187,Premium,7,18,F,Temuco,S12,App,9,3,1,44400,1,0,6,0,,0
VF107188,Basico,18,21,F,Providencia,S03,Sucursal,3,1,0,19680,0,0,10,1,Poco uso,1
VF107189,Basico,22,26,F,Puente Alto,S05,Web,4,2,0,21470,0,1,3,1,,0
VF107190,Premium,27,29,M,Maipú,S11,Referido,7,4,1,47300,1,2,2,1,,0
VF107191,Basico,2,22,F,Vitacura,S11,App,5,1,0,18970,0,0,6,1,,0
VF107192,Premium,6,27,F,Providencia,S11,Campaña RRSS,18,9,0,48390,1,1,7,0,Salud,1
VF107193,Full,11,57,M,Las Condes,S06,App,7,4,0,30460,1,1,6,0,Precio,1
VF107194,Basico,18,55,M,La Florida,S03,Sucursal,4,1,0,19570,1,1,8,0,,0
VF107195,Full,19,42,F,Las Condes,S10,Campaña RRSS,7,2,0,29760,0,0,5,0,,0
VF107196,Full,51,32,M,Santiago,S01,Referido,9,5,1,29550,1,0,10,1,Precio,1
VF107197,Full,32,50,M,Ñuñoa,S08,App,13,8,1,30450,1,0,8,1,,0
VF107198,Premium,5,39,F,Temuco,S12,Campaña RRSS,11,5,0,45240,0,0,9,1,,0
VF107199,Full,10,32,M,Santiago,S10,Web,10,4,0,29920,1,0,8,1,,0
VF107200,Basico,22,70,M,Puente Alto,S02,Campaña RRSS,5,1,0,18970,1,0,5,0,,0
VF107201,Basico,6,33,F,Vitacura,S01,Sucursal,6,4,0,20350,1,0,7,1,,0
VF107202,Premium,7,29,F,Las Condes,S12,Campaña RRSS,14,8,0,42940,1,0,7,1,,0
VF107203,Full,9,60,F,San Miguel,S10,Web,6,2,0,29220,1,1,8,1,,0
VF107204,Full,54,38,M,Puente Alto,S06,Sucursal,3,0,0,30120,1,0,7,0,,0
VF107205,Full,11,32,F,San Miguel,S03,Sucursal,5,3,2,28700,0,0,5,1,,0
VF107206,Full,15,32,M,Santiago,S08,App,4,1,1,29340,1,0,10,0,,0
VF107207,Premium,15,41,F,Ñuñoa,S06,Web,7,3,0,47140,1,0,9,0,,0
VF107208,Full,15,29,F,Las Condes,S05,Web,13,4,0,28380,1,0,8,1,,0
VF107209,Basico,34,46,F,Puente Alto,S05,App,0,0,1,19540,0,1,6,6,Se mudó,1
VF107210,Basico,10,49,M,Las Condes,S06,Sucursal,3,1,0,19340,0,0,9,1,Se mudó,1
VF107211,Full,9,26,F,Ñuñoa,S08,Sucursal,8,3,0,32410,0,1,5,0,Se mudó,1
VF107212,Full,22,36,M,Las Condes,S08,App,1,0,1,29980,1,3,4,0,Se cambió de gimnasio,1
VF107213,Premium,11,44,F,Puente Alto,S12,Sucursal,9,5,1,44800,1,0,10,1,,0
VF107214,Basico,24,18,F,Temuco,S04,Web,1,0,1,20020,1,0,5,0,,0
VF107215,Full,8,37,F,Santiago,S10,Referido,7,3,0,29260,1,1,6,1,,0
VF107216,Basico,21,50,M,Las Condes,S02,Web,8,5,0,19460,0,0,8,1,,0
VF107217,Basico,25,45,M,Maipú,S01,Referido,2,0,1,19420,0,0,10,1,,0
VF107218,Basico,14,30,F,Maipú,S01,Referido,5,2,1,21030,0,0,8,1,,0
VF107219,Basico,8,36,F,Maipú,S02,Referido,1,0,1,19570,0,1,8,1,Salud,1
VF107220,Premium,13,37,M,Santiago,S10,Referido,12,5,1,45130,0,0,10,0,,0
VF107221,Premium,10,42,F,Concepción,S01,Campaña RRSS,6,2,0,43760,0,1,6,0,,0
VF107222,Basico,12,18,F,La Florida,S03,App,4,2,0,19580,0,0,8,1,,0
VF107223,Full,39,46,F,San Miguel,S10,Referido,2,1,0,29050,1,1,9,1,,0
VF107224,Full,64,32,F,Maipú,S06,Web,6,1,0,28800,1,0,9,0,,0
VF107225,Full,11,16,M,Vitacura,S06,Referido,7,1,0,30210,1,0,7,0,,0
VF107226,Basico,13,34,M,Ñuñoa,S08,Sucursal,4,1,1,20050,0,0,5,0,,0
VF107227,Full,11,29,M,Viña del Mar,S08,Referido,7,3,0,29980,1,0,7,0,,0
VF107228,Full,13,39,F,Providencia,S01,Web,3,1,1,29190,1,0,7,0,,0
VF107229,Basico,41,44,M,Maipú,S08,Web,9,3,0,20230,0,0,8,1,,0
VF107230,Basico,17,37,F,La Florida,S05,Sucursal,3,1,0,20360,0,0,8,0,,0
VF107231,Full,5,36,F,Puente Alto,S04,Sucursal,4,1,0,30220,1,0,10,1,,0
VF107232,Basico,9,16,F,La Florida,S05,App,5,1,0,20220,1,0,8,0,,0
VF107233,Full,6,32,F,Vitacura,S03,App,12,5,1,30000,1,0,10,1,,0
VF107234,Full,15,51,M,Santiago,S08,Web,8,4,0,30670,1,1,7,0,Se mudó,1
VF107235,Full,9,34,M,La Florida,S09,Web,8,2,0,29800,1,0,9,0,,0
VF107236,Full,17,37,M,La Florida,S04,Web,13,8,0,28660,1,1,9,1,,0
VF107237,Premium,13,33,F,Temuco,S06,Web,11,3,1,45640,0,0,8,1,,0
VF107238,Basico,24,33,F,Las Condes,S05,Sucursal,9,2,0,20130,1,0,7,0,,0
VF107239,Premium,11,27,F,La Florida,S07,App,9,3,0,46520,1,0,8,1,Poco uso,1
VF107240,Full,14,25,M,Las Condes,S02,Campaña RRSS,6,1,0,29450,1,0,10,0,,0
VF107241,Basico,14,46,M,Puente Alto,S02,Sucursal,8,2,1,20860,1,2,6,1,,0
VF107242,Full,33,48,M,Vitacura,S08,Web,4,2,0,29570,0,0,6,0,,0
VF107243,Basico,19,27,F,Vitacura,S05,Sucursal,2,0,1,20900,1,1,10,0,,0
VF107244,Basico,17,24,F,Maipú,S05,Web,5,2,1,19670,1,1,10,1,Precio,1
VF107245,Full,16,33,M,Concepción,S09,Web,9,2,0,31630,1,2,9,0,,0
VF107246,Full,4,25,F,Vitacura,S06,Web,11,4,1,28450,1,0,7,1,,0
VF107247,Full,11,30,M,Temuco,S06,App,11,6,0,31400,1,0,5,0,,0
VF107248,Full,22,41,F,San Miguel,S10,App,16,6,0,31240,1,1,4,0,,0
VF107249,Basico,35,24,F,Concepción,S05,Referido,4,2,0,19730,0,0,8,0,,0
VF107250,Basico,13,35,M,Providencia,S10,Web,3,0,0,20030,0,1,5,1,,0
VF107251,Basico,24,42,Otro,La Florida,S05,Sucursal,4,1,1,20370,1,1,9,0,,0
VF107252,Full,20,35,F,Puente Alto,S07,App,8,4,0,29920,1,1,10,1,,0
VF107253,Basico,4,20,F,Puente Alto,S04,App,2,1,0,19810,1,2,10,1,,0
VF107254,Full,23,21,F,Puente Alto,S07,Referido,8,5,0,30150,0,0,7,1,,0
VF107255,Basico,21,37,M,Viña del Mar,S07,Sucursal,5,2,0,19870,0,1,4,1,,0
VF107256,Full,32,22,M,Concepción,S01,App,14,7,0,30020,0,0,7,1,,0
VF107257,Premium,13,35,Otro,Providencia,S08,Web,7,3,0,45780,1,0,10,0,,0
VF107258,Premium,38,31,F,Providencia,S01,Web,11,3,0,44470,1,0,6,0,,0
VF107259,Basico,7,30,F,Las Condes,S05,Web,5,1,0,20410,1,1,8,1,,0
VF107260,Full,2,51,F,Viña del Mar,S03,App,5,2,0,28630,1,0,7,0,,0
VF107261,Full,6,42,F,Santiago,S06,App,4,2,2,29810,1,0,10,1,,0
VF107262,Basico,38,36,M,Vitacura,S06,App,3,1,0,19450,0,0,7,0,,0
VF107263,Basico,52,34,F,Maipú,S05,Sucursal,8,5,0,19750,0,0,9,0,,0
VF107264,Full,39,44,M,Puente Alto,S07,App,8,3,0,31090,0,2,6,0,,0
VF107265,Premium,33,24,F,Providencia,S03,App,13,2,0,44990,1,0,6,0,Precio,1
VF107266,Full,19,42,M,San Miguel,S09,App,2,1,0,28760,1,2,7,1,Mala atención,1
VF107267,Basico,13,32,F,Ñuñoa,S12,Sucursal,3,1,2,21200,0,0,8,1,,0
VF107268,Full,14,45,Otro,Puente Alto,S09,Campaña RRSS,5,1,0,29830,1,0,7,0,Poco uso,1
VF107269,Premium,35,47,F,Providencia,S03,Referido,13,5,1,46530,1,0,9,0,,0
VF107270,Basico,10,27,F,San Miguel,S08,App,4,1,0,20370,1,1,7,0,Se mudó,1
VF107271,Basico,3,24,F,Temuco,S06,Sucursal,2,1,1,20630,0,0,10,0,,0
VF107272,Full,22,25,M,Temuco,S07,Sucursal,9,6,1,30020,1,0,6,0,,0
VF107273,Full,18,46,F,Concepción,S03,Web,9,2,0,31220,1,0,6,0,,0
VF107274,Full,31,26,M,Viña del Mar,S07,Sucursal,5,2,2,29260,1,0,7,0,Precio,1
VF107275,Basico,9,24,F,Las Condes,S07,Sucursal,5,3,0,20460,0,0,9,1,,0
VF107276,Basico,22,30,M,Vitacura,S05,Campaña RRSS,1,0,0,19690,0,1,9,1,,0
VF107277,Basico,9,44,M,Concepción,S12,App,4,1,0,20320,0,1,9,1,,0
VF107278,Basico,29,27,M,Concepción,S04,Web,4,2,0,19820,1,0,6,0,,0
VF107279,Full,38,30,F,Santiago,S06,Sucursal,1,0,0,29510,1,0,8,1,,0
VF107280,Full,16,45,M,Temuco,S08,App,9,5,0,30170,1,2,7,1,,0
VF107281,Full,9,32,F,Providencia,S10,Referido,8,4,0,29460,1,2,9,1,,0
VF107282,Basico,8,48,F,Santiago,S04,Web,4,2,0,20160,1,0,7,1,,0
VF107283,Basico,31,25,M,Viña del Mar,S07,App,4,0,0,19870,0,0,6,0,,0
VF107284,Basico,12,39,F,Viña del Mar,S02,App,5,2,0,18570,0,0,8,1,,0
VF107285,Basico,18,34,F,Puente Alto,S05,Web,0,0,1,21270,0,1,6,3,Mala atención,1
VF107286,Basico,29,23,M,Ñuñoa,S05,App,3,1,0,20330,1,0,8,1,,0
VF107287,Basico,7,29,M,Las Condes,S05,Web,3,1,0,20190,1,0,5,0,Precio,1
VF107288,Premium,6,32,M,Providencia,S11,Campaña RRSS,13,7,0,47280,1,0,9,0,Poco uso,1
VF107289,Premium,9,29,M,Vitacura,S05,Campaña RRSS,8,5,0,45860,0,1,7,0,,0
VF107290,Basico,17,42,F,Ñuñoa,S08,Sucursal,6,3,0,20050,0,0,8,1,,0
VF107291,Full,15,30,F,Santiago,S12,App,9,6,0,31320,1,1,8,1,,0
VF107292,Full,7,42,M,Santiago,S05,Referido,6,2,0,28780,0,1,7,0,Poco uso,1
VF107293,Full,24,46,F,Santiago,S08,Sucursal,7,2,0,30290,1,2,10,1,Poco uso,1
VF107294,Basico,14,38,F,Providencia,S03,Web,3,1,0,19950,0,0,6,1,,0
VF107295,Basico,34,38,M,Temuco,S09,Referido,4,1,1,20210,0,1,6,0,,0
VF107296,Premium,2,26,F,Ñuñoa,S05,Campaña RRSS,7,2,0,46550,1,0,9,1,,0
VF107297,Full,5,36,M,La Florida,S10,Web,5,2,0,30560,1,0,9,1,Se mudó,1
VF107298,Full,7,25,M,Puente Alto,S01,Referido,5,2,0,31150,1,0,9,0,,0
VF107299,Full,50,39,F,Maipú,S04,Web,8,3,1,30390,1,0,5,0,Precio,1
VF107300,Premium,10,34,M,Ñuñoa,S06,Referido,11,4,0,47000,1,0,9,1,,0
VF107301,Full,10,45,M,Puente Alto,S05,Campaña RRSS,5,2,0,31460,0,0,7,1,,0
VF107302,Basico,25,47,M,San Miguel,S03,Campaña RRSS,2,0,0,20700,0,1,4,1,,0
VF107303,Basico,14,17,M,Puente Alto,S05,App,3,0,1,20140,0,1,7,1,,0
VF107304,Basico,21,41,M,Puente Alto,S11,Campaña RRSS,3,1,0,20160,1,0,7,1,,0
VF107305,Full,18,42,M,Las Condes,S12,Sucursal,5,1,0,29060,1,1,6,1,,0
VF107306,Full,26,38,M,Puente Alto,S06,Web,3,1,0,31170,1,0,7,1,,0
VF107307,Basico,28,16,F,Santiago,S05,Sucursal,4,0,1,19580,1,1,3,1,,0
VF107308,Full,9,43,M,Ñuñoa,S08,Sucursal,6,2,1,29680,0,1,9,1,,0
VF107309,Premium,14,41,M,Puente Alto,S04,App,13,6,0,46760,1,0,6,1,,0
VF107310,Basico,6,17,M,Las Condes,S03,Web,5,3,0,19600,0,0,9,0,Poco uso,1
VF107311,Basico,16,38,F,Santiago,S04,Referido,3,1,0,19130,1,0,10,0,,0
VF107312,Basico,33,38,M,Temuco,S09,App,4,1,0,19870,0,0,9,0,,0
VF107313,Basico,22,36,M,Ñuñoa,S02,Sucursal,0,0,2,20370,1,1,7,5,,0
VF107314,Basico,14,44,F,Temuco,S11,App,4,1,1,19490,0,0,5,1,,0
VF107315,Full,20,32,F,San Miguel,S09,Web,7,4,2,28990,1,0,5,0,,0
VF107316,Basico,9,36,M,Temuco,S06,Sucursal,3,1,0,20720,1,0,10,0,,0
VF107317,Premium,18,46,M,Concepción,S06,App,13,3,1,46140,1,1,7,1,,0
VF107318,Full,29,29,F,Providencia,S02,Sucursal,7,2,0,28780,1,1,9,1,,0
VF107319,Full,24,52,M,Concepción,S07,Sucursal,6,2,0,28870,0,0,5,1,,0
VF107320,Full,22,51,F,Ñuñoa,S07,Web,15,4,0,30610,0,0,6,0,,0
VF107321,Basico,15,42,M,Ñuñoa,S01,Web,2,0,2,20020,0,1,4,0,,0
VF107322,Full,16,34,F,Vitacura,S02,Referido,13,4,1,30500,1,0,9,1,,0
VF107323,Basico,22,21,F,Las Condes,S03,Web,1,0,0,20320,1,1,8,1,,0
VF107324,Full,38,16,F,Ñuñoa,S12,Web,6,3,1,29070,1,1,8,1,,0
VF107325,Basico,34,52,M,La Florida,S08,Web,3,1,0,20760,1,0,5,1,,0
VF107326,Basico,16,37,F,Maipú,S12,App,3,1,0,19740,1,0,6,1,,0
VF107327,Basico,22,56,F,San Miguel,S05,Web,6,3,1,19850,0,0,6,1,,0
VF107328,Premium,16,16,M,Vitacura,S05,Campaña RRSS,16,8,0,48700,0,0,8,0,,0
VF107329,Full,35,16,M,San Miguel,S03,App,8,1,0,30700,0,0,9,1,,0
VF107330,Full,18,34,M,Concepción,S08,Sucursal,4,2,0,30330,1,0,9,0,Precio,1
VF107331,Full,14,19,F,Las Condes,S02,Campaña RRSS,7,2,0,29430,0,1,7,0,,0
VF107332,Basico,4,27,M,Ñuñoa,S08,Sucursal,0,0,0,20190,1,0,5,5,,0
VF107333,Basico,20,35,M,Santiago,S02,Web,1,0,0,19920,0,1,6,1,,0
VF107334,Full,21,22,F,San Miguel,S03,Web,5,1,0,28630,1,1,8,0,,0
VF107335,Full,27,23,F,Maipú,S03,Referido,10,2,2,31580,1,0,10,0,,0
VF107336,Full,61,28,M,Viña del Mar,S11,Campaña RRSS,3,1,1,30660,1,0,10,1,,0
VF107337,Basico,29,35,M,Viña del Mar,S01,Web,0,0,1,19540,1,1,7,4,,0
VF107338,Full,4,32,M,Santiago,S11,Web,6,2,0,28420,0,0,5,1,,0
VF107339,Premium,11,19,F,Maipú,S11,Web,2,0,1,48020,0,0,9,1,,0
VF107340,Premium,5,40,F,San Miguel,S01,Campaña RRSS,11,6,0,45280,1,1,8,0,Poco uso,1
VF107341,Full,48,20,M,Las Condes,S07,Web,8,5,2,28560,1,0,10,0,,0
VF107342,Basico,48,26,Otro,Las Condes,S10,Referido,2,1,1,20330,0,3,4,0,,0
VF107343,Full,33,16,F,Vitacura,S08,Referido,6,2,0,28600,0,0,5,0,,0
VF107344,Basico,7,25,F,Providencia,S09,App,2,0,1,19190,1,0,9,1,,0
VF107345,Basico,9,34,F,Viña del Mar,S01,Sucursal,7,2,0,20950,0,1,9,0,,0
VF107346,Full,8,39,M,Temuco,S06,Sucursal,6,1,0,30600,1,0,7,1,,0
VF107347,Basico,11,23,F,Santiago,S09,Sucursal,9,3,0,20220,0,1,5,1,,0
VF107348,Premium,22,34,M,Santiago,S10,App,9,2,2,45790,0,0,5,0,,0
VF107349,Full,9,28,F,Maipú,S04,Referido,8,3,0,28850,1,0,6,1,Mala atención,1
VF107350,Premium,6,59,F,Las Condes,S12,App,11,4,1,45630,1,0,9,1,Se cambió de gimnasio,1
VF107351,Basico,16,36,M,Viña del Mar,S04,Sucursal,1,0,0,19290,1,1,5,1,,0
VF107352,Basico,5,26,M,Temuco,S09,App,4,0,0,19550,0,1,4,0,,0
VF107353,Full,42,50,F,Puente Alto,S10,Referido,10,2,0,30020,0,0,7,0,,0
VF107354,Full,16,34,F,Las Condes,S01,Web,7,4,1,29860,1,1,7,1,Mala atención,1
VF107355,Basico,39,39,Otro,Las Condes,S08,Web,4,1,1,20640,1,0,8,1,,0
VF107356,Full,6,34,M,Providencia,S06,Campaña RRSS,3,1,0,29180,1,0,8,0,Precio,1
VF107357,Basico,15,25,F,Puente Alto,S04,App,2,0,0,20530,1,1,6,1,,0
VF107358,Full,16,25,F,San Miguel,S02,Web,8,2,1,30790,0,1,5,0,Salud,1
VF107359,Basico,19,48,M,Providencia,S10,Sucursal,7,1,1,20180,0,0,8,0,,0
VF107360,Premium,58,34,M,Las Condes,S03,Campaña RRSS,8,1,0,44660,1,0,4,1,,0
VF107361,Basico,45,39,M,Providencia,S07,App,9,3,0,19420,1,0,9,1,,0
VF107362,Premium,13,45,F,Providencia,S10,Referido,10,3,1,42840,1,0,8,1,,0
VF107363,Basico,7,29,F,Viña del Mar,S05,Campaña RRSS,0,0,0,21010,1,1,8,7,Se mudó,1
VF107364,Full,23,36,M,Vitacura,S12,Referido,9,3,0,28200,1,0,10,1,,0
VF107365,Basico,16,46,M,Vitacura,S03,App,7,3,1,20210,1,0,8,0,,0
VF107366,Basico,72,30,F,Maipú,S04,Sucursal,4,1,0,19880,1,0,8,0,,0
VF107367,Basico,37,33,M,Maipú,S11,Referido,3,1,0,19820,1,0,9,0,,0
VF107368,Premium,21,31,F,Puente Alto,S03,Campaña RRSS,5,1,0,47750,1,0,9,1,,0
VF107369,Basico,24,33,M,Concepción,S03,Web,3,2,0,20600,1,1,5,1,,0
VF107370,Basico,12,27,M,Puente Alto,S10,Sucursal,6,2,0,20440,1,0,8,0,,0
VF107371,Premium,15,45,M,La Florida,S05,Sucursal,14,6,0,44560,1,0,8,1,,0
VF107372,Premium,28,31,F,Puente Alto,S03,Web,9,3,0,45970,0,0,6,0,,0
VF107373,Basico,16,30,F,Santiago,S12,Web,3,1,0,20130,0,1,7,0,,0
VF107374,Premium,17,19,F,San Miguel,S09,Sucursal,13,8,0,46980,1,0,10,1,Se mudó,1
VF107375,Full,18,38,M,Viña del Mar,S01,Web,6,1,0,31440,1,0,8,0,,0
VF107376,Basico,21,19,F,Ñuñoa,S12,Sucursal,3,1,1,19860,0,0,10,0,,0
VF107377,Basico,11,48,M,Viña del Mar,S02,Sucursal,1,0,0,19950,0,1,7,1,Se cambió de gimnasio,1
VF107378,Premium,7,27,F,Vitacura,S06,Sucursal,11,6,0,47180,1,0,8,1,,0
VF107379,Full,19,25,F,Providencia,S11,App,9,3,0,29830,0,3,6,0,Mala atención,1
VF107380,Basico,14,47,F,Las Condes,S06,Referido,2,0,0,20930,0,2,7,0,Mala atención,1
VF107381,Basico,25,45,F,Concepción,S04,Sucursal,3,1,0,20130,0,0,8,0,,0
VF107382,Full,4,35,F,Maipú,S01,Referido,4,1,0,30100,1,0,7,0,,0
VF107383,Basico,19,29,M,Concepción,S04,Campaña RRSS,3,2,1,19740,1,1,4,0,,0
VF107384,Premium,42,16,F,La Florida,S08,Web,10,3,0,45620,1,0,7,1,,0
VF107385,Basico,24,38,M,Las Condes,S05,Referido,2,1,0,19810,0,1,8,0,,0
VF107386,Basico,10,48,M,Viña del Mar,S02,Referido,6,2,0,19530,1,0,8,1,,0
VF107387,Basico,60,45,F,Maipú,S04,Web,4,1,1,20450,0,0,6,1,,0
VF107388,Full,21,31,M,Maipú,S10,App,10,2,0,31700,0,0,7,0,Poco uso,1
VF107389,Premium,21,31,F,Temuco,S11,Web,10,3,1,47450,1,1,8,0,,0
VF107390,Basico,30,28,F,Ñuñoa,S12,Sucursal,6,3,0,20100,1,0,9,1,,0
VF107391,Basico,24,30,F,Puente Alto,S07,Sucursal,1,0,1,21220,1,1,7,0,,0
VF107392,Basico,23,35,M,Concepción,S06,Web,5,1,0,20090,0,1,8,0,,0
VF107393,Full,9,31,M,Providencia,S02,Web,7,1,0,31190,0,2,3,1,Se cambió de gimnasio,1
VF107394,Basico,18,40,M,Providencia,S04,Web,2,1,0,21120,1,1,5,1,Salud,1
VF107395,Premium,34,38,M,Las Condes,S01,Web,12,5,1,46460,0,0,5,0,,0
VF107396,Basico,28,39,M,Las Condes,S10,Sucursal,1,0,1,19000,0,0,7,0,Se mudó,1
VF107397,Premium,13,25,M,Viña del Mar,S05,Web,11,5,0,46090,1,0,8,1,,0
VF107398,Basico,22,23,M,Concepción,S02,Campaña RRSS,2,0,0,19480,1,1,6,0,Salud,1
VF107399,Basico,20,41,F,San Miguel,S05,Web,5,1,0,20430,0,0,7,0,,0
VF107400,Full,35,41,Otro,La Florida,S06,Referido,6,2,1,30740,0,0,7,1,,0
VF107401,Basico,11,31,M,San Miguel,S06,Web,6,3,1,19720,1,0,9,0,,0
VF107402,Full,26,46,F,Ñuñoa,S04,Sucursal,6,1,0,30100,0,0,7,1,Precio,1
VF107403,Basico,15,25,F,Providencia,S12,Web,2,1,1,20520,1,1,10,1,,0
VF107404,Basico,8,34,F,Santiago,S11,App,1,0,1,20570,1,3,4,0,Se cambió de gimnasio,1
VF107405,Full,19,44,F,Puente Alto,S05,Campaña RRSS,3,0,2,30330,1,0,7,0,,0
VF107406,Basico,48,49,M,Temuco,S04,Campaña RRSS,2,1,0,20960,0,1,7,0,,0
VF107407,Basico,74,30,M,Maipú,S04,Referido,6,1,0,20920,0,1,8,0,,0
VF107408,Full,5,38,F,Temuco,S07,App,7,1,0,30980,1,1,6,1,Salud,1
VF107409,Basico,24,22,M,Puente Alto,S05,App,4,1,0,19550,1,1,10,0,,0
VF107410,Basico,8,21,M,Puente Alto,S06,Referido,3,1,1,19430,1,0,7,0,,0
VF107411,Full,19,30,F,Concepción,S04,Campaña RRSS,10,5,1,31980,0,0,6,1,,0
VF107412,Premium,14,28,M,La Florida,S09,Campaña RRSS,9,2,2,45690,1,0,8,1,,0
VF107413,Basico,13,35,F,Vitacura,S09,Sucursal,4,2,0,19590,0,0,9,0,,0
VF107414,Full,11,23,Otro,Santiago,S09,Campaña RRSS,9,5,1,30670,1,0,8,1,,0
VF107415,Full,20,47,F,Viña del Mar,S08,Campaña RRSS,1,0,0,31250,0,0,5,1,,0
VF107416,Full,9,50,F,Ñuñoa,S09,App,9,2,1,29580,0,0,2,0,,0
VF107417,Full,19,31,F,Maipú,S05,Sucursal,3,1,0,30900,1,0,5,1,,0
VF107418,Premium,35,49,F,Santiago,S11,Web,21,9,0,43810,1,0,10,1,,0
VF107419,Full,25,48,F,La Florida,S08,Campaña RRSS,7,3,0,30050,1,0,10,0,,0
VF107420,Basico,18,37,F,San Miguel,S11,Referido,4,1,1,18470,0,2,9,1,,0
VF107421,Basico,17,30,F,Santiago,S09,Referido,2,0,0,19600,1,2,9,1,,0
VF107422,Basico,10,41,M,Maipú,S12,App,4,0,0,18580,0,0,7,0,,0
VF107423,Basico,46,17,F,La Florida,S05,Sucursal,4,2,0,20220,1,0,8,1,,0
VF107424,Basico,24,47,F,Puente Alto,S10,Web,1,0,0,20400,1,1,7,1,Se cambió de gimnasio,1
VF107425,Full,23,40,F,Puente Alto,S11,Sucursal,10,3,0,30350,1,1,6,0,,0
VF107426,Basico,60,57,M,Viña del Mar,S02,Campaña RRSS,6,4,2,19030,1,0,6,0,,0
VF107427,Basico,4,45,F,Viña del Mar,S03,Web,0,0,0,19720,0,1,6,7,Poco uso,1
VF107428,Full,9,24,F,Santiago,S01,Web,10,4,1,30220,1,0,7,0,,0
VF107429,Full,7,29,M,Ñuñoa,S01,App,8,5,0,28700,0,0,6,0,,0
VF107430,Basico,22,19,F,Maipú,S10,Referido,2,0,0,20230,0,1,6,1,,0
VF107431,Full,15,34,F,Vitacura,S04,Referido,13,3,0,31280,1,0,10,1,,0
VF107432,Full,16,25,M,Puente Alto,S10,Sucursal,10,6,0,28850,1,0,9,1,,0
VF107433,Basico,28,27,F,San Miguel,S09,Campaña RRSS,2,0,0,20530,1,2,5,0,,0
VF107434,Full,9,46,F,Ñuñoa,S02,Sucursal,5,2,0,30030,1,1,9,0,,0
VF107435,Full,14,44,M,San Miguel,S08,Web,7,1,2,29650,1,0,9,1,,0
VF107436,Full,9,39,M,La Florida,S09,Web,4,1,2,29910,1,0,6,1,,0
VF107437,Basico,16,35,M,Temuco,S06,App,0,0,0,19170,0,1,5,2,Se cambió de gimnasio,1
VF107438,Premium,37,58,M,Maipú,S10,Campaña RRSS,10,5,1,46820,1,0,8,0,,0
VF107439,Basico,7,16,F,Puente Alto,S12,Web,3,0,0,21570,0,0,8,1,,0
VF107440,Full,44,30,Otro,Puente Alto,S09,Sucursal,9,2,0,30970,1,0,4,1,,0
VF107441,Basico,18,16,F,Temuco,S02,Referido,6,1,0,20650,1,0,9,1,,0
VF107442,Basico,4,40,F,Temuco,S06,App,5,1,1,19860,0,0,10,1,Se mudó,1
VF107443,Premium,32,39,M,Vitacura,S04,Web,12,7,0,46770,1,0,7,0,,0
VF107444,Full,64,53,F,La Florida,S12,Campaña RRSS,5,1,2,29790,1,0,6,1,,0
VF107445,Basico,13,21,M,Providencia,S08,App,4,1,1,20390,0,0,6,1,Salud,1
VF107446,Full,7,16,M,Santiago,S11,Referido,3,1,0,31630,0,0,8,0,,0
VF107447,Premium,17,58,M,Maipú,S05,Sucursal,10,4,0,45900,1,0,9,1,,0
VF107448,Basico,24,19,F,Providencia,S10,Web,2,0,0,20200,1,1,10,1,,0
VF107449,Premium,4,38,M,Temuco,S01,Campaña RRSS,9,2,1,44390,1,0,7,0,,0
VF107450,Premium,17,44,F,Puente Alto,S03,Referido,9,3,1,48250,0,0,6,0,,0
VF107451,Full,21,42,F,Concepción,S02,Web,4,1,0,30130,0,2,6,0,Salud,1
VF107452,Basico,45,16,M,Vitacura,S06,Web,12,6,2,20060,0,0,7,0,,0
VF107453,Full,8,27,F,Providencia,S10,App,5,2,0,28830,0,2,4,0,,0
VF107454,Full,13,37,F,Puente Alto,S12,Campaña RRSS,12,5,0,29280,1,0,10,1,Precio,1
VF107455,Basico,18,37,M,San Miguel,S07,Campaña RRSS,0,0,1,20610,1,0,7,3,,0
VF107456,Basico,5,17,F,Temuco,S12,Web,3,1,1,20620,0,1,7,0,Se cambió de gimnasio,1
VF107457,Basico,74,23,M,Concepción,S12,Campaña RRSS,7,2,0,20210,0,1,5,1,,0
VF107458,Basico,35,25,F,Ñuñoa,S12,Campaña RRSS,4,1,0,19930,0,0,8,0,,0
VF107459,Full,11,17,M,Santiago,S01,Sucursal,2,1,0,31850,0,0,3,1,Poco uso,1
VF107460,Basico,15,33,M,Ñuñoa,S10,Referido,2,0,1,20060,1,0,7,0,,0
VF107461,Full,17,29,F,Providencia,S02,Sucursal,4,1,1,31210,1,0,8,1,,0
VF107462,Basico,14,40,M,Viña del Mar,S02,App,3,1,1,19930,1,0,7,1,,0
VF107463,Full,14,48,M,Santiago,S03,Sucursal,8,2,0,30670,1,0,10,0,,0
VF107464,Premium,26,40,M,Puente Alto,S10,App,6,3,0,45860,1,1,6,0,,0
VF107465,Premium,6,45,M,Santiago,S05,Sucursal,7,2,0,44690,0,0,10,1,Mala atención,1
VF107466,Full,41,44,M,San Miguel,S03,Sucursal,6,4,1,29630,1,0,9,0,,0
VF107467,Full,1,51,M,Maipú,S04,App,12,5,1,30070,1,2,6,0,Precio,1
VF107468,Premium,25,42,F,San Miguel,S09,Campaña RRSS,3,1,0,47170,1,1,9,0,,0
VF107469,Basico,43,21,F,Santiago,S07,App,1,0,0,20040,1,0,6,0,,0
VF107470,Basico,21,47,F,Temuco,S01,Campaña RRSS,5,1,1,19830,1,0,10,1,,0
VF107471,Full,27,24,F,Las Condes,S07,Web,5,1,0,30340,1,0,9,0,,0
VF107472,Basico,15,37,F,Puente Alto,S04,Sucursal,7,1,1,21520,0,0,8,1,,0
VF107473,Basico,17,27,M,Viña del Mar,S04,Campaña RRSS,1,0,0,20270,0,1,8,1,,0
VF107474,Full,23,26,M,Providencia,S10,App,1,0,1,30480,1,1,9,1,,0
VF107475,Basico,8,25,M,San Miguel,S07,Web,4,2,0,19440,0,0,10,0,,0
VF107476,Full,23,45,F,Providencia,S12,App,7,2,0,29490,0,1,7,1,,0
VF107477,Basico,35,28,F,Las Condes,S01,Web,6,3,0,20170,1,3,8,1,,0
VF107478,Premium,23,32,F,La Florida,S02,Campaña RRSS,13,7,0,46220,1,0,9,1,,0
VF107479,Basico,17,35,M,Providencia,S05,Sucursal,2,0,1,20100,0,1,3,0,,0
VF107480,Premium,9,54,F,Vitacura,S12,App,8,1,0,44490,1,0,9,1,,0
VF107481,Basico,21,44,F,Las Condes,S11,App,2,0,0,20730,0,0,7,0,,0
VF107482,Basico,10,33,F,Vitacura,S12,Sucursal,1,0,0,19720,0,2,7,1,Se mudó,1
VF107483,Basico,37,27,M,Santiago,S05,Web,0,0,0,19690,1,1,7,2,Salud,1
VF107484,Basico,17,29,M,Viña del Mar,S12,Referido,2,1,0,19930,0,1,5,1,Se cambió de gimnasio,1
VF107485,Full,16,43,M,San Miguel,S09,Campaña RRSS,9,4,0,28570,1,1,4,0,Mala atención,1
VF107486,Full,23,32,F,Concepción,S07,Sucursal,9,2,0,31860,1,1,5,1,Se cambió de gimnasio,1
VF107487,Premium,13,45,M,Puente Alto,S03,Referido,9,5,0,45650,1,0,10,0,,0
VF107488,Premium,13,33,F,San Miguel,S05,Referido,8,4,0,43920,0,2,4,0,Se mudó,1
VF107489,Premium,13,20,F,Providencia,S11,Referido,10,6,0,44880,1,0,8,1,,0
VF107490,Full,8,36,F,Providencia,S07,Web,10,3,0,31010,1,0,8,1,,0
VF107491,Premium,62,32,M,Vitacura,S02,Web,12,5,1,47650,1,0,8,1,Mala atención,1
VF107492,Full,25,31,F,Las Condes,S11,Referido,6,1,0,30060,1,0,5,1,Salud,1
VF107493,Full,19,22,F,Santiago,S03,Web,5,2,0,28080,0,0,8,0,,0
VF107494,Full,49,18,F,Ñuñoa,S06,Web,8,4,1,31280,0,0,8,0,,0
VF107495,Premium,37,28,M,Providencia,S06,App,12,7,0,45180,1,0,5,1,,0
VF107496,Full,9,28,F,San Miguel,S06,App,3,1,0,29420,1,0,10,1,,0
VF107497,Full,37,16,M,Concepción,S05,App,1,0,0,29690,1,0,6,0,Mala atención,1
VF107498,Full,27,57,M,Ñuñoa,S04,Web,9,5,1,30360,1,0,10,1,,0
VF107499,Basico,17,51,F,Viña del Mar,S07,Web,2,1,0,20580,0,2,8,1,,0
VF107500,Basico,13,29,M,Ñuñoa,S09,Web,7,3,3,20540,1,1,7,0,,0
VF107501,Full,19,45,M,Puente Alto,S10,Referido,7,2,0,31100,1,1,9,1,,0
VF107502,Premium,28,28,M,Ñuñoa,S12,Web,14,5,0,45530,1,0,10,1,,0
VF107503,Basico,13,16,M,La Florida,S09,Web,7,3,2,19620,1,0,8,1,,0
VF107504,Basico,51,42,M,La Florida,S09,Campaña RRSS,2,0,1,20350,0,1,4,0,Poco uso,1
VF107505,Basico,3,28,F,Viña del Mar,S12,Sucursal,6,2,0,19050,0,2,6,0,Precio,1
VF107506,Basico,14,17,F,Providencia,S11,Web,3,1,0,19830,0,0,10,0,,0
VF107507,Premium,19,32,F,Concepción,S11,Referido,9,3,1,45340,1,0,9,0,,0
VF107508,Premium,16,50,M,Providencia,S06,Referido,10,3,0,46080,1,0,9,1,,0
VF107509,Basico,2,39,F,Providencia,S02,Web,8,2,0,20520,0,0,6,1,Se cambió de gimnasio,1
VF107510,Premium,22,30,M,La Florida,S06,Referido,5,2,1,44650,0,1,7,0,,0
VF107511,Full,4,39,M,Puente Alto,S11,Sucursal,0,0,1,29470,0,1,8,6,Se cambió de gimnasio,1
VF107512,Basico,15,34,M,La Florida,S09,Referido,4,1,0,19280,0,0,8,0,,0
VF107513,Full,16,43,M,Las Condes,S04,Web,5,3,0,29730,1,0,9,0,Precio,1
VF107514,Full,7,54,M,La Florida,S06,Campaña RRSS,1,0,0,30300,1,3,8,0,Precio,1
VF107515,Full,8,19,M,Puente Alto,S04,App,8,4,1,30530,1,0,5,0,,0
VF107516,Basico,27,34,F,Providencia,S02,App,1,0,1,19340,1,1,5,0,,0
VF107517,Basico,12,43,F,Concepción,S03,App,3,1,0,19240,1,1,6,0,,0
VF107518,Full,33,40,M,Vitacura,S03,Web,3,1,1,29280,1,0,6,0,,0
VF107519,Basico,24,51,M,Maipú,S03,Web,1,0,0,21370,1,0,7,0,,0
VF107520,Full,26,28,M,La Florida,S10,App,7,3,0,28820,1,0,10,1,,0
VF107521,Basico,11,30,F,Vitacura,S09,Referido,7,4,2,18690,0,0,8,0,,0
VF107522,Basico,4,51,M,San Miguel,S07,Web,4,2,0,19930,1,0,9,1,,0
VF107523,Basico,19,22,F,Vitacura,S10,Web,0,0,0,19910,1,2,6,6,Se mudó,1
VF107524,Basico,30,49,F,Santiago,S08,Web,1,0,0,19500,1,3,10,0,Salud,1
VF107525,Basico,22,32,M,Santiago,S03,Referido,3,1,0,19470,0,0,6,0,,0
VF107526,Basico,30,41,F,Concepción,S07,App,4,1,1,20210,0,0,6,0,,0
VF107527,Basico,49,32,F,Providencia,S03,Web,8,1,0,19580,0,1,6,0,,0
VF107528,Full,2,26,F,Viña del Mar,S11,Web,8,5,0,30190,1,1,6,1,,0
VF107529,Full,26,34,F,La Florida,S04,Campaña RRSS,9,2,2,29220,1,0,6,0,Precio,1
VF107530,Basico,23,30,F,Maipú,S06,App,3,1,0,20520,0,0,8,0,,0
VF107531,Basico,36,46,F,Puente Alto,S04,Web,8,5,1,19460,1,0,9,0,,0
VF107532,Premium,24,45,F,La Florida,S09,Web,7,2,0,43010,1,0,6,0,Se cambió de gimnasio,1
VF107533,Basico,14,25,F,San Miguel,S01,Web,8,2,0,20660,0,0,8,1,,0
VF107534,Basico,14,58,F,Ñuñoa,S09,Sucursal,6,1,0,19690,0,0,6,0,Se mudó,1
VF107535,Full,38,44,M,La Florida,S09,App,7,2,0,31610,0,0,8,0,,0
VF107536,Basico,12,31,F,La Florida,S05,App,3,1,0,19490,0,0,5,1,,0
VF107537,Premium,9,39,F,La Florida,S06,Sucursal,12,8,0,46380,1,0,7,1,,0
VF107538,Full,28,40,M,Temuco,S05,Web,3,1,0,29140,1,0,8,1,,0
VF107539,Basico,8,42,F,Vitacura,S11,Sucursal,5,1,0,20670,0,0,7,0,,0
VF107540,Basico,9,37,M,Las Condes,S01,Campaña RRSS,4,2,0,21330,1,0,10,0,,0
VF107541,Full,11,45,F,La Florida,S05,Campaña RRSS,8,4,1,30090,1,0,8,1,,0
VF107542,Full,6,33,F,Santiago,S03,App,8,3,1,29880,1,0,9,1,Mala atención,1
VF107543,Full,13,32,M,San Miguel,S07,Campaña RRSS,2,1,1,29710,0,0,8,1,,0
VF107544,Basico,21,41,M,Viña del Mar,S02,Web,4,1,1,19930,0,0,5,1,,0
VF107545,Full,7,51,M,La Florida,S01,Web,8,2,0,29810,0,0,10,1,Salud,1
VF107546,Full,18,34,F,La Florida,S01,App,4,1,0,30460,1,0,8,0,,0
VF107547,Basico,12,62,F,La Florida,S03,Sucursal,8,5,1,20590,0,0,4,1,Se cambió de gimnasio,1
VF107548,Basico,24,33,M,Las Condes,S10,Web,5,2,0,19540,1,0,10,1,,0
VF107549,Full,20,55,F,Maipú,S11,Referido,7,2,1,29520,1,0,10,1,,0
VF107550,Basico,28,27,M,La Florida,S05,Web,4,1,0,19290,0,0,7,0,,0
VF107551,Basico,19,23,F,La Florida,S11,Referido,0,0,1,18920,1,2,7,7,Se mudó,1
VF107552,Basico,27,44,M,Puente Alto,S03,Web,7,3,1,21400,0,0,7,1,,0
VF107553,Basico,13,57,F,San Miguel,S07,Referido,8,2,0,21040,0,1,6,0,,0
VF107554,Premium,23,46,F,Ñuñoa,S01,Sucursal,6,3,0,47850,1,0,6,0,,0
VF107555,Basico,16,31,M,Puente Alto,S01,Campaña RRSS,5,2,0,19850,0,0,10,1,,0
VF107556,Basico,8,40,M,La Florida,S09,Campaña RRSS,2,0,0,20360,1,1,5,1,Poco uso,1
VF107557,Basico,34,52,M,Maipú,S06,App,5,1,1,19070,0,1,9,0,,0
VF107558,Full,11,27,F,Viña del Mar,S11,Referido,6,3,0,28800,1,0,9,0,,0
VF107559,Full,5,38,M,La Florida,S08,Web,9,5,1,28600,1,1,10,1,,0
VF107560,Basico,23,31,F,Providencia,S08,Web,2,1,0,20850,1,1,5,1,,0
VF107561,Basico,13,28,F,Puente Alto,S04,App,4,1,2,20340,0,0,9,1,,0
VF107562,Basico,12,22,F,Vitacura,S04,Sucursal,0,0,0,19850,1,1,8,2,,0
VF107563,Basico,15,41,F,Puente Alto,S10,App,7,3,0,19730,0,0,9,1,,0
VF107564,Full,4,27,F,La Florida,S03,App,9,2,2,28880,1,0,10,0,,0
VF107565,Full,17,24,M,Ñuñoa,S07,Campaña RRSS,0,0,1,30340,0,1,8,1,Salud,1
VF107566,Basico,17,39,M,San Miguel,S01,Sucursal,3,2,1,19210,0,1,8,0,,0
VF107567,Basico,26,20,M,Vitacura,S03,App,1,0,1,20210,1,0,10,0,,0
VF107568,Basico,1,39,M,Viña del Mar,S07,Sucursal,3,0,0,20330,1,0,9,0,,0
VF107569,Full,19,43,M,San Miguel,S04,Web,6,3,0,29450,1,2,5,1,Precio,1
VF107570,Full,34,48,F,Puente Alto,S12,Referido,8,4,1,30310,1,0,3,1,,0
VF107571,Premium,34,26,M,Maipú,S06,Web,12,2,0,44990,1,0,6,1,,0
VF107572,Full,2,49,M,Providencia,S02,Referido,6,4,1,29550,1,0,5,0,,0
VF107573,Premium,20,35,M,Concepción,S03,Web,18,12,0,44260,1,2,1,1,Mala atención,1
VF107574,Full,9,32,F,Santiago,S04,Web,8,3,0,30250,1,0,9,1,,0
VF107575,Basico,11,45,F,Concepción,S06,App,1,0,0,19720,0,1,8,1,,0
VF107576,Basico,12,23,F,Ñuñoa,S06,Web,3,1,1,20120,0,2,5,1,Se cambió de gimnasio,1
VF107577,Premium,11,34,F,Viña del Mar,S11,Referido,6,2,0,43470,1,0,9,1,Mala atención,1
VF107578,Full,11,46,F,San Miguel,S05,Sucursal,6,1,0,30340,0,1,4,0,,0
VF107579,Full,13,35,M,Maipú,S01,Web,2,1,0,29650,1,1,4,1,,0
VF107580,Full,8,30,M,Santiago,S09,App,4,2,0,30170,1,0,8,1,,0
VF107581,Basico,16,21,M,Puente Alto,S08,App,4,2,0,21160,1,1,6,1,,0
VF107582,Basico,16,23,M,Las Condes,S12,Sucursal,6,1,0,19720,0,0,8,0,,0
VF107583,Basico,40,38,M,Santiago,S02,Web,2,0,2,20010,0,1,6,1,,0
VF107584,Basico,11,37,F,Providencia,S01,App,1,0,0,19630,0,1,9,1,Salud,1
VF107585,Full,28,40,F,Las Condes,S11,App,4,0,0,29230,1,0,5,1,,0
VF107586,Basico,14,34,F,Vitacura,S04,App,1,0,0,19860,1,0,10,1,,0
VF107587,Full,13,66,M,Providencia,S08,Sucursal,6,3,0,30520,1,1,9,1,,0
VF107588,Basico,22,25,M,Maipú,S11,Campaña RRSS,7,3,0,19480,0,1,5,1,,0
VF107589,Premium,18,25,F,Viña del Mar,S07,Web,8,4,0,46030,0,0,10,1,,0
VF107590,Basico,23,27,M,Ñuñoa,S10,Campaña RRSS,6,2,0,20300,0,0,10,0,,0
VF107591,Full,6,21,M,Providencia,S03,App,8,2,1,29250,1,0,6,1,,0
VF107592,Full,65,27,F,Ñuñoa,S04,Referido,9,3,1,30880,0,0,4,0,,0
VF107593,Basico,17,42,F,Ñuñoa,S10,App,2,0,0,19460,1,2,7,1,Precio,1
VF107594,Premium,6,38,F,La Florida,S08,Campaña RRSS,8,3,1,45540,0,1,6,0,,0
VF107595,Basico,33,23,F,Viña del Mar,S09,Web,6,3,1,20230,0,1,6,1,,0
VF107596,Basico,34,22,F,La Florida,S10,Web,7,2,0,20010,0,0,5,0,,0
VF107597,Premium,9,35,M,Providencia,S01,App,9,4,0,42980,1,0,7,1,,0
VF107598,Full,7,68,M,La Florida,S02,App,6,1,1,30680,0,1,7,1,,0
VF107599,Full,21,31,F,La Florida,S11,Referido,8,4,0,29410,1,0,9,0,,0
VF107600,Basico,23,22,M,Temuco,S12,Referido,0,0,0,20070,1,2,5,1,Poco uso,1
VF107601,Basico,13,30,F,San Miguel,S11,App,5,3,0,20430,1,0,8,1,Se mudó,1
VF107602,Full,14,46,M,Santiago,S12,App,7,3,1,32360,0,0,5,1,,0
VF107603,Full,33,33,M,San Miguel,S07,Sucursal,5,2,0,30170,1,0,6,0,Salud,1
VF107604,Full,8,28,M,Vitacura,S02,App,12,2,0,29330,0,0,10,0,Salud,1
VF107605,Full,27,16,F,Viña del Mar,S08,Sucursal,8,3,0,28490,1,0,10,1,,0
VF107606,Full,7,38,F,Santiago,S10,Referido,10,6,0,30370,1,1,7,1,Salud,1
VF107607,Premium,29,51,M,Puente Alto,S03,Web,5,2,0,46520,1,0,4,1,,0
VF107608,Full,25,41,F,Santiago,S03,Campaña RRSS,1,0,0,30010,1,1,5,1,Se mudó,1
VF107609,Basico,12,50,F,Vitacura,S07,Web,6,1,1,20080,1,0,9,1,,0
VF107610,Full,4,25,F,Concepción,S10,Sucursal,1,0,1,31090,1,3,7,1,Poco uso,1
VF107611,Basico,5,39,M,Concepción,S08,Web,5,2,0,20300,0,0,10,1,,0
VF107612,Full,16,32,F,Puente Alto,S10,Web,7,3,0,29490,0,1,6,0,,0
VF107613,Basico,17,28,M,Concepción,S02,App,5,2,0,20580,0,0,7,0,,0
VF107614,Basico,14,30,F,Providencia,S09,Web,3,0,0,21040,1,0,7,1,,0
VF107615,Premium,22,19,M,Puente Alto,S03,Sucursal,14,9,0,45110,1,0,6,1,,0
VF107616,Full,7,21,F,Ñuñoa,S01,Referido,11,3,0,31510,1,2,9,0,,0
VF107617,Full,12,33,M,Viña del Mar,S08,Sucursal,9,5,1,29420,1,1,4,0,,0
VF107618,Basico,29,38,M,Temuco,S02,Web,1,0,0,19540,0,2,8,1,,0
VF107619,Basico,12,56,M,Providencia,S02,Campaña RRSS,4,1,1,20550,0,0,8,1,,0
VF107620,Full,13,25,M,Vitacura,S02,Referido,5,3,0,29980,0,0,7,1,,0
VF107621,Basico,4,31,F,Puente Alto,S06,Web,2,0,0,20000,0,1,8,1,Precio,1
VF107622,Basico,18,20,M,Puente Alto,S01,Sucursal,1,0,0,19620,1,0,8,0,,0
VF107623,Full,19,35,F,Maipú,S08,Sucursal,6,3,0,31670,1,0,7,0,,0
VF107624,Basico,5,33,M,Temuco,S02,Referido,7,4,1,20030,1,0,6,0,,0
VF107625,Premium,2,60,F,Las Condes,S04,Sucursal,13,3,1,44080,1,0,9,0,,0
VF107626,Full,18,34,M,Temuco,S02,Web,8,4,0,30190,0,0,10,0,,0
VF107627,Full,20,32,M,Las Condes,S01,App,11,6,0,30630,1,0,5,0,Se cambió de gimnasio,1
VF107628,Premium,39,41,M,Santiago,S11,Web,10,6,0,45030,1,0,8,1,,0
VF107629,Full,12,41,M,San Miguel,S08,App,6,3,0,29510,1,0,10,0,,0
VF107630,Full,28,16,F,Providencia,S02,Referido,11,3,1,29200,1,2,10,1,,0
VF107631,Full,38,37,F,Viña del Mar,S08,Web,6,1,1,29800,1,1,7,0,,0
VF107632,Basico,42,63,F,San Miguel,S01,Sucursal,4,1,0,19600,0,1,7,1,,0
VF107633,Basico,11,44,F,Providencia,S01,App,0,0,1,19780,0,1,6,5,Se mudó,1
VF107634,Premium,23,41,M,San Miguel,S04,Web,6,3,1,46510,0,1,6,0,,0
VF107635,Basico,22,16,M,San Miguel,S02,Sucursal,3,1,0,19330,0,0,5,1,,0
VF107636,Basico,21,22,M,Las Condes,S12,Web,3,1,0,20020,1,0,6,1,,0
VF107637,Basico,22,16,F,Puente Alto,S08,Sucursal,2,1,0,20700,0,1,9,0,Se cambió de gimnasio,1
VF107638,Basico,27,51,F,Ñuñoa,S04,Web,5,3,1,19790,0,0,7,0,,0
VF107639,Premium,44,38,M,Providencia,S05,Web,13,2,0,46420,1,0,6,0,,0
VF107640,Full,17,19,F,Maipú,S01,Web,8,4,0,29160,1,0,9,0,,0
VF107641,Basico,17,29,F,San Miguel,S07,Web,4,1,1,21520,0,0,7,0,,0
VF107642,Basico,15,42,F,Maipú,S02,Referido,3,1,1,19930,0,0,8,0,,0
VF107643,Full,22,46,F,Maipú,S04,Campaña RRSS,4,1,1,30580,1,0,9,1,,0
VF107644,Premium,31,42,F,Concepción,S11,Web,5,2,0,47900,0,0,5,0,,0
VF107645,Premium,2,49,F,Puente Alto,S07,App,5,1,0,47410,1,0,7,1,,0
VF107646,Full,16,22,M,Viña del Mar,S02,Sucursal,4,2,1,29370,0,0,4,1,,0
VF107647,Basico,33,44,M,Santiago,S08,App,7,3,0,19670,0,1,3,1,,0
VF107648,Basico,11,32,Otro,Ñuñoa,S07,Campaña RRSS,6,2,0,19690,1,0,10,1,,0
VF107649,Full,18,30,F,Providencia,S07,App,11,6,1,30790,1,0,8,0,,0
VF107650,Full,36,41,M,Santiago,S12,Referido,4,2,0,28750,1,0,10,0,,0
VF107651,Basico,3,46,F,San Miguel,S02,App,0,0,2,20480,0,0,8,5,Poco uso,1
VF107652,Full,8,42,F,Providencia,S09,App,3,1,0,29720,1,3,8,0,Precio,1
VF107653,Basico,36,52,M,La Florida,S10,Referido,2,1,1,20240,1,0,6,0,,0
VF107654,Full,11,59,M,Concepción,S10,Referido,6,3,1,28790,1,0,10,1,,0
VF107655,Basico,12,16,M,Viña del Mar,S12,App,4,2,0,20100,1,0,7,0,,0
VF107656,Full,9,58,M,Concepción,S11,App,8,3,1,29910,1,0,8,0,,0
VF107657,Full,21,45,F,San Miguel,S12,Web,10,4,0,31110,1,0,9,0,Se mudó,1
VF107658,Full,10,16,M,Temuco,S04,Web,16,10,0,28410,1,1,7,1,Poco uso,1
VF107659,Full,26,16,F,Providencia,S12,Referido,5,2,1,29730,1,1,8,1,,0
VF107660,Full,9,41,M,Concepción,S09,Campaña RRSS,6,3,0,29720,1,0,6,0,Salud,1
VF107661,Full,25,46,M,Ñuñoa,S11,Web,3,1,1,30590,1,1,4,0,,0
VF107662,Basico,14,51,F,Temuco,S07,App,2,1,1,19430,1,1,6,1,,0
VF107663,Basico,26,17,M,Ñuñoa,S07,Campaña RRSS,5,1,1,20460,0,0,5,1,Mala atención,1
VF107664,Full,5,25,F,Vitacura,S09,Sucursal,5,2,0,29650,1,1,6,1,,0
VF107665,Premium,6,55,F,Las Condes,S01,Campaña RRSS,12,6,0,47260,1,0,9,0,,0
VF107666,Basico,25,47,F,Puente Alto,S06,Web,3,1,1,19680,0,0,8,0,Poco uso,1
VF107667,Full,8,33,M,Viña del Mar,S01,Web,5,1,0,29650,1,1,10,1,,0
VF107668,Full,12,46,F,Viña del Mar,S01,Referido,0,0,1,29310,1,2,4,6,Se mudó,1
VF107669,Full,30,30,F,Santiago,S01,Web,7,3,0,29640,1,0,8,0,,0
VF107670,Basico,7,16,F,Concepción,S05,App,5,1,0,19470,1,0,6,0,,0
VF107671,Full,33,21,F,Santiago,S09,Sucursal,11,4,1,28150,1,0,7,1,,0
VF107672,Full,47,41,F,San Miguel,S01,App,3,0,0,31680,0,0,8,1,,0
VF107673,Basico,11,41,F,Providencia,S04,Sucursal,7,3,0,19620,1,0,8,0,,0
VF107674,Full,36,38,M,Ñuñoa,S07,Campaña RRSS,5,1,1,30590,1,0,8,0,,0
VF107675,Full,12,36,M,Ñuñoa,S05,Campaña RRSS,8,2,0,29100,0,0,10,0,,0
VF107676,Basico,14,43,F,Santiago,S09,Referido,2,0,1,20360,1,1,9,1,,0
VF107677,Full,38,19,F,Maipú,S10,Referido,9,6,0,30770,1,0,9,1,,0
VF107678,Full,10,41,M,Providencia,S04,Campaña RRSS,5,2,1,31140,1,0,6,0,,0
VF107679,Basico,34,20,F,Providencia,S11,Web,5,3,0,20560,1,0,9,1,,0
VF107680,Premium,18,46,F,Viña del Mar,S09,Campaña RRSS,6,2,0,44250,0,0,6,0,,0
VF107681,Basico,13,20,F,La Florida,S04,App,4,2,0,19000,1,2,7,1,Mala atención,1
VF107682,Basico,3,42,F,Vitacura,S02,Web,2,1,0,20640,0,0,4,0,Se mudó,1
VF107683,Full,11,30,M,La Florida,S04,Sucursal,8,3,1,31080,1,1,4,1,Se mudó,1
VF107684,Basico,14,22,M,Ñuñoa,S09,Sucursal,1,0,0,19370,1,0,4,0,,0
VF107685,Basico,3,43,F,Ñuñoa,S02,Web,3,1,0,20480,1,0,8,0,Se cambió de gimnasio,1
VF107686,Basico,14,44,M,Puente Alto,S08,Web,3,1,1,19870,1,0,10,0,,0
VF107687,Full,40,41,M,Santiago,S05,Referido,1,0,1,31280,1,1,4,0,,0
VF107688,Basico,14,33,F,Santiago,S10,Web,4,2,0,19640,0,0,6,1,,0
VF107689,Basico,12,58,F,Ñuñoa,S02,App,0,0,1,19530,1,0,8,5,Poco uso,1
VF107690,Full,28,28,F,Temuco,S07,App,5,2,1,30180,1,0,10,1,,0
VF107691,Basico,9,48,F,Maipú,S05,Campaña RRSS,6,3,0,20400,1,0,9,1,,0
VF107692,Basico,7,18,M,Maipú,S09,Referido,1,0,0,20000,1,4,10,1,Mala atención,1
VF107693,Full,54,31,M,Puente Alto,S03,App,7,2,2,30710,0,0,9,1,,0
VF107694,Basico,20,20,M,Maipú,S09,Web,1,0,1,20040,0,1,6,1,,0
VF107695,Premium,26,22,M,Viña del Mar,S12,Web,10,6,0,46800,1,0,7,0,,0
VF107696,Full,27,24,M,Santiago,S07,App,3,0,0,29920,1,1,4,1,Salud,1
VF107697,Basico,3,30,M,Concepción,S10,App,5,1,0,18630,0,0,10,0,Se mudó,1
VF107698,Basico,13,30,M,Santiago,S06,Web,11,3,1,19770,0,0,9,0,,0
VF107699,Full,8,49,M,Puente Alto,S01,Referido,3,1,0,28970,1,1,10,1,,0
VF107700,Basico,21,19,F,Las Condes,S07,Sucursal,0,0,0,21450,0,1,4,2,Se cambió de gimnasio,1
VF107701,Basico,8,48,M,La Florida,S07,Campaña RRSS,2,1,0,20200,1,1,10,1,,0
VF107702,Basico,22,29,F,Maipú,S09,Referido,8,5,1,20000,0,0,10,1,,0
VF107703,Full,26,36,M,Maipú,S05,App,3,1,0,28510,1,0,10,0,Se mudó,1
VF107704,Basico,20,27,M,Vitacura,S02,Referido,0,0,0,19330,1,0,6,7,Poco uso,1
VF107705,Basico,4,20,M,Puente Alto,S12,Web,3,0,0,19770,1,0,9,1,,0
VF107706,Premium,12,20,M,Viña del Mar,S10,Web,9,6,1,45250,0,0,7,1,,0
VF107707,Full,31,31,M,Viña del Mar,S07,Web,8,4,2,29750,1,0,8,1,,0
VF107708,Full,22,47,M,Concepción,S12,Web,9,2,0,29940,1,0,9,0,,0
VF107709,Full,25,19,F,Vitacura,S05,Web,1,0,0,30350,1,1,8,0,,0
VF107710,Basico,18,43,F,Providencia,S03,App,3,2,1,20390,0,0,7,1,,0
VF107711,Basico,27,16,M,Providencia,S08,Campaña RRSS,3,2,1,20660,1,0,6,0,,0
VF107712,Basico,25,16,M,San Miguel,S02,App,6,1,0,20150,1,0,7,0,,0
VF107713,Basico,9,26,M,San Miguel,S06,Sucursal,1,0,0,20010,0,0,5,0,,0
VF107714,Full,6,28,M,Viña del Mar,S12,App,5,1,1,30660,1,0,7,1,,0
VF107715,Full,33,16,Otro,San Miguel,S05,Sucursal,6,2,0,28860,1,0,7,0,,0
VF107716,Basico,33,32,M,San Miguel,S11,Web,5,1,0,19420,1,0,7,0,,0
VF107717,Basico,35,17,M,San Miguel,S06,Sucursal,2,0,0,20480,0,1,7,1,,0
VF107718,Full,34,34,M,Temuco,S12,Web,9,4,0,31600,0,0,8,1,,0
VF107719,Basico,16,30,F,Maipú,S01,App,5,2,0,19570,0,1,0,0,,0
VF107720,Basico,33,31,M,Concepción,S04,App,5,2,0,19830,0,0,9,1,,0
VF107721,Full,3,25,M,Temuco,S03,Referido,5,3,0,31140,1,0,8,1,Se cambió de gimnasio,1
VF107722,Premium,52,31,M,Viña del Mar,S11,App,5,2,1,45540,1,0,9,1,,0
VF107723,Full,7,41,M,Puente Alto,S07,Web,6,1,1,30320,1,1,6,0,,0
VF107724,Basico,14,40,F,Concepción,S06,Web,6,2,0,19740,0,1,5,1,,0
VF107725,Full,34,19,M,Concepción,S03,Web,7,3,0,29350,0,0,7,1,Se mudó,1
VF107726,Premium,14,16,M,San Miguel,S11,Sucursal,8,2,0,46760,1,0,9,0,,0
VF107727,Full,10,19,F,La Florida,S05,Web,10,4,0,29110,1,0,8,1,Se mudó,1
VF107728,Premium,20,46,F,Vitacura,S05,Web,10,2,2,47550,1,0,3,0,Se cambió de gimnasio,1
VF107729,Basico,12,41,F,Las Condes,S10,App,0,0,1,19520,1,0,9,6,,0
VF107730,Full,15,31,M,Viña del Mar,S05,Referido,6,2,0,28140,1,1,7,0,,0
VF107731,Basico,38,38,F,Temuco,S12,Sucursal,5,1,0,19730,0,0,9,1,,0
VF107732,Basico,35,28,F,Temuco,S12,Web,2,0,0,20260,0,1,9,0,,0
VF107733,Premium,14,17,M,Concepción,S07,Web,12,3,0,44470,0,0,6,0,,0
VF107734,Full,39,31,M,Temuco,S05,Sucursal,7,4,1,29240,1,0,9,1,,0
VF107735,Basico,20,32,M,Maipú,S06,Sucursal,4,1,0,19650,0,0,9,0,,0
VF107736,Full,17,25,F,Maipú,S08,App,5,2,2,31030,1,0,7,0,,0
VF107737,Full,20,24,F,Temuco,S11,Referido,7,1,1,28960,1,0,10,1,,0
VF107738,Basico,14,21,M,Viña del Mar,S07,Sucursal,5,1,1,19740,1,0,4,0,Salud,1
VF107739,Basico,15,19,F,La Florida,S02,Web,3,1,0,19560,1,0,8,0,,0
VF107740,Premium,14,32,F,Concepción,S06,Campaña RRSS,10,6,0,45010,0,0,5,1,,0
VF107741,Full,3,27,F,Las Condes,S04,Sucursal,9,1,0,30710,1,0,10,1,,0
VF107742,Basico,51,43,F,Puente Alto,S05,App,5,1,1,20970,0,0,8,1,,0
VF107743,Full,18,18,M,San Miguel,S06,Campaña RRSS,8,5,1,29720,0,0,6,1,,0
VF107744,Full,30,45,F,Providencia,S02,App,7,2,0,29270,0,0,5,1,,0
VF107745,Premium,8,38,F,Santiago,S03,Referido,12,4,0,44340,1,1,9,0,,0
VF107746,Basico,42,39,F,Temuco,S09,Referido,1,0,1,19190,0,2,4,0,Mala atención,1
VF107747,Full,14,26,F,Maipú,S02,Sucursal,6,1,0,28790,1,0,8,0,,0
VF107748,Basico,18,24,M,Concepción,S04,Web,2,0,2,19220,1,2,3,1,Precio,1
VF107749,Basico,19,31,F,Puente Alto,S03,App,2,1,0,20630,0,1,8,1,Mala atención,1
VF107750,Premium,26,25,F,Concepción,S11,Campaña RRSS,8,2,0,45990,0,0,6,0,,0
VF107751,Full,37,23,F,Maipú,S05,Sucursal,12,7,0,29640,1,1,8,1,,0
VF107752,Premium,27,23,F,Concepción,S04,Referido,6,1,1,46260,1,1,9,0,,0
VF107753,Premium,9,43,M,Providencia,S12,Web,10,4,1,46220,1,1,7,1,,0
VF107754,Full,30,41,M,Concepción,S03,Sucursal,5,1,0,30460,1,0,5,1,,0
VF107755,Basico,21,29,M,Viña del Mar,S07,Web,7,2,0,19300,0,0,5,0,,0
VF107756,Full,26,40,M,Providencia,S04,Sucursal,8,3,0,29250,0,0,8,0,,0
VF107757,Basico,4,16,M,Puente Alto,S10,Web,1,0,0,20460,1,0,7,1,Se mudó,1
VF107758,Premium,7,39,M,Concepción,S01,Referido,7,2,0,44640,1,1,6,1,Precio,1
VF107759,Premium,20,26,M,Providencia,S08,App,8,5,0,45200,0,0,6,0,,0
VF107760,Basico,18,42,M,La Florida,S05,Web,5,3,0,19160,1,0,10,0,,0
VF107761,Basico,3,39,F,Puente Alto,S07,Campaña RRSS,8,2,1,19810,0,0,8,0,,0
VF107762,Full,32,16,F,La Florida,S07,Web,9,5,0,30010,1,1,8,1,,0
VF107763,Basico,11,38,F,La Florida,S03,App,4,2,0,20420,0,0,10,0,,0
VF107764,Basico,87,36,F,Viña del Mar,S10,Web,11,3,0,19850,1,0,10,1,,0
VF107765,Full,51,44,F,San Miguel,S12,Web,4,1,0,30990,1,0,6,1,,0
VF107766,Full,10,36,F,Santiago,S12,App,4,2,1,28540,0,0,3,1,,0
VF107767,Premium,10,29,M,La Florida,S02,Sucursal,15,8,1,46920,1,0,7,1,,0
VF107768,Basico,41,39,M,Maipú,S09,Sucursal,3,1,1,20500,1,0,8,0,,0
VF107769,Basico,16,36,M,San Miguel,S03,App,2,0,1,21370,1,1,9,0,,0
VF107770,Full,13,32,F,Providencia,S02,Referido,2,1,1,29590,1,0,6,1,,0
VF107771,Full,11,33,F,La Florida,S03,Sucursal,8,2,2,29240,1,0,6,1,Poco uso,1
VF107772,Basico,7,16,M,Viña del Mar,S01,Campaña RRSS,4,0,0,18880,0,0,7,0,,0
VF107773,Full,19,34,M,Ñuñoa,S02,Web,3,1,0,29090,1,1,6,0,,0
VF107774,Basico,12,29,M,Concepción,S08,Referido,2,1,1,20390,0,2,3,0,,0
VF107775,Basico,10,19,F,Vitacura,S02,Referido,10,6,0,19800,0,0,4,1,Mala atención,1
VF107776,Full,8,33,F,Santiago,S02,App,10,4,1,30570,1,2,8,1,,0
VF107777,Basico,6,52,F,Vitacura,S10,App,3,2,0,19820,1,0,7,1,,0
VF107778,Full,13,31,M,San Miguel,S09,Web,11,7,1,30160,1,0,10,0,,0
VF107779,Premium,6,28,F,Providencia,S02,Sucursal,8,4,0,47640,0,2,7,1,,0
VF107780,Full,12,24,M,Puente Alto,S04,Campaña RRSS,5,3,0,31180,1,0,9,1,,0
VF107781,Basico,6,27,F,La Florida,S04,Referido,1,0,1,19330,0,1,3,0,Mala atención,1
VF107782,Basico,48,36,F,Vitacura,S11,App,4,2,0,19670,1,2,5,0,,0
VF107783,Full,30,22,F,Vitacura,S08,Sucursal,7,2,0,28390,1,1,7,1,,0
VF107784,Full,41,18,F,Ñuñoa,S10,Web,8,2,1,30310,1,1,9,0,,0
VF107785,Full,9,31,M,Santiago,S09,Sucursal,9,2,0,30250,0,0,7,0,,0
VF107786,Basico,10,42,M,Vitacura,S07,App,5,1,2,20280,0,0,7,1,,0
VF107787,Basico,23,49,F,Santiago,S09,Referido,3,1,1,20370,0,1,8,0,,0
VF107788,Full,33,28,M,Vitacura,S02,Sucursal,10,5,0,29700,1,0,10,1,,0
VF107789,Basico,16,38,M,Ñuñoa,S11,App,3,0,1,19940,0,0,10,1,,0
VF107790,Full,29,16,M,Vitacura,S11,Web,9,5,0,30980,1,0,10,1,,0
VF107791,Full,44,23,M,Santiago,S05,App,4,1,0,29760,1,1,4,0,,0
VF107792,Full,33,49,F,Puente Alto,S07,Referido,4,0,0,29140,1,0,7,0,,0
VF107793,Basico,35,26,F,Concepción,S01,Referido,5,1,0,19610,0,1,7,0,,0
VF107794,Full,11,29,M,Viña del Mar,S02,Campaña RRSS,13,8,1,28420,1,0,10,1,,0
VF107795,Premium,30,55,M,Vitacura,S06,Web,10,3,0,46700,0,0,10,0,,0
VF107796,Full,12,49,M,Ñuñoa,S12,Sucursal,5,3,0,29210,1,1,10,0,,0
VF107797,Basico,21,31,F,Concepción,S12,App,0,0,0,19810,0,0,9,4,,0
VF107798,Basico,5,23,F,Maipú,S02,Sucursal,2,0,0,20160,0,1,6,0,Poco uso,1
VF107799,Full,7,31,M,Puente Alto,S12,Web,3,0,1,30530,1,0,4,0,,0
VF107800,Premium,29,16,M,Providencia,S11,Referido,5,2,0,43650,1,0,6,1,Precio,1
VF107801,Full,42,34,F,La Florida,S02,Referido,9,4,0,29210,0,0,7,1,,0
VF107802,Full,17,34,F,Vitacura,S10,Campaña RRSS,9,4,0,29070,1,0,9,1,Se mudó,1
VF107803,Full,18,40,F,Maipú,S05,App,10,2,0,31750,1,0,9,0,,0
VF107804,Full,22,42,F,Providencia,S10,Web,8,5,0,29100,0,0,8,0,,0
VF107805,Full,19,43,M,Temuco,S06,Sucursal,2,0,0,29900,1,0,6,0,Poco uso,1
VF107806,Full,45,41,M,Puente Alto,S09,Campaña RRSS,9,3,1,30830,1,1,9,0,,0
VF107807,Basico,19,21,F,Temuco,S08,Sucursal,3,1,2,20000,1,0,10,0,,0
VF107808,Full,27,34,F,Santiago,S06,Campaña RRSS,5,2,0,31740,1,1,10,1,Precio,1
VF107809,Basico,49,40,F,Providencia,S03,Web,4,2,0,19250,0,0,9,0,,0
VF107810,Full,34,43,F,Viña del Mar,S06,App,8,2,1,29600,0,0,10,1,,0
VF107811,Full,2,37,F,Las Condes,S06,Campaña RRSS,3,0,1,30120,1,0,6,0,,0
VF107812,Full,8,42,F,La Florida,S09,App,9,5,1,28320,0,0,9,1,,0
VF107813,Basico,16,47,F,Vitacura,S06,Web,3,1,1,21190,1,1,6,1,Salud,1
VF107814,Basico,12,57,M,La Florida,S09,Referido,0,0,0,20390,0,2,7,3,,0
VF107815,Full,19,40,M,Temuco,S09,App,13,5,0,29370,1,0,5,0,,0
VF107816,Full,16,22,M,Las Condes,S02,Referido,4,1,0,30830,1,2,7,1,Mala atención,1
VF107817,Basico,3,38,M,Vitacura,S11,Campaña RRSS,8,5,1,19640,0,0,7,1,,0
VF107818,Premium,8,47,M,Maipú,S10,Web,7,2,0,46070,1,0,7,1,,0
VF107819,Full,10,19,F,Puente Alto,S03,Web,6,4,1,28540,1,0,10,0,,0
VF107820,Basico,14,31,M,Vitacura,S08,Campaña RRSS,3,1,0,20540,1,0,10,1,,0
VF107821,Full,20,31,F,Providencia,S04,Referido,5,2,2,30120,0,0,6,0,Mala atención,1
VF107822,Basico,41,37,F,San Miguel,S09,App,1,0,0,19020,1,1,8,1,Precio,1
VF107823,Full,5,40,F,Santiago,S11,Referido,5,2,2,29880,0,1,5,0,,0
VF107824,Basico,14,43,M,Maipú,S09,Referido,3,1,1,20220,0,1,9,1,,0
VF107825,Basico,47,21,F,La Florida,S11,Web,1,0,0,20810,0,0,8,0,Se mudó,1
VF107826,Basico,12,28,F,Santiago,S02,Sucursal,0,0,0,19560,0,1,7,6,Salud,1
VF107827,Premium,22,29,M,Maipú,S06,Sucursal,8,4,0,44130,0,1,4,0,,0
VF107828,Basico,10,49,M,Las Condes,S07,Web,6,3,0,20640,0,1,7,1,,0
VF107829,Full,27,37,F,La Florida,S05,Campaña RRSS,11,5,1,29000,1,0,10,0,,0
VF107830,Basico,14,16,F,Maipú,S01,Sucursal,5,1,0,19490,0,0,10,0,,0
VF107831,Basico,11,44,F,Providencia,S07,App,2,0,0,18840,0,1,7,0,Salud,1
VF107832,Full,9,21,F,La Florida,S09,Web,8,2,0,30590,0,0,7,1,,0
VF107833,Full,24,39,F,San Miguel,S08,Web,2,0,4,29940,1,1,7,0,,0
VF107834,Basico,23,27,M,Puente Alto,S06,Sucursal,2,1,0,19800,0,0,5,1,,0
VF107835,Basico,25,36,M,Providencia,S03,Sucursal,7,4,0,18750,1,0,10,1,,0
VF107836,Basico,63,29,M,Puente Alto,S09,Campaña RRSS,2,1,0,19830,0,1,3,1,Se cambió de gimnasio,1
VF107837,Full,13,25,F,Las Condes,S11,App,4,2,2,31770,1,0,10,0,,0
VF107838,Basico,42,25,F,Maipú,S10,Campaña RRSS,6,3,1,18380,0,1,1,0,,0
VF107839,Basico,18,20,F,Concepción,S10,Web,2,1,0,19410,1,3,6,1,Salud,1
VF107840,Full,37,28,F,Santiago,S07,Sucursal,4,1,0,31000,0,1,9,0,,0
VF107841,Basico,37,31,F,Viña del Mar,S06,Sucursal,7,2,0,19700,0,0,9,0,,0
VF107842,Full,58,26,F,Temuco,S07,Web,8,4,0,29840,1,0,9,0,,0
VF107843,Full,19,18,F,Providencia,S08,Web,10,6,1,31890,1,0,10,1,,0
VF107844,Full,6,24,M,Santiago,S07,Sucursal,5,1,1,30810,1,1,7,0,,0
VF107845,Full,19,37,Otro,Viña del Mar,S08,Campaña RRSS,4,1,0,31070,1,0,10,1,,0
VF107846,Basico,45,43,F,Las Condes,S12,App,5,1,0,20360,1,0,7,1,,0
VF107847,Full,31,38,F,Concepción,S09,App,10,6,0,29980,1,0,9,1,,0
VF107848,Full,8,34,M,Maipú,S01,Sucursal,10,2,0,30320,1,0,9,1,,0
VF107849,Basico,5,37,M,Vitacura,S02,Campaña RRSS,1,0,1,20490,0,3,4,1,,0
VF107850,Basico,4,33,M,Concepción,S07,Web,5,1,0,20750,1,1,7,1,,0
VF107851,Full,8,33,F,Viña del Mar,S03,App,3,1,0,30140,1,0,9,0,,0
VF107852,Basico,26,28,M,Concepción,S07,Sucursal,0,0,1,20220,1,2,10,1,Poco uso,1
VF107853,Full,14,39,M,Vitacura,S09,Web,7,2,0,29100,1,0,8,1,,0
VF107854,Full,22,32,M,Vitacura,S07,Campaña RRSS,6,3,1,29530,0,0,6,0,,0
VF107855,Basico,28,29,F,Maipú,S09,Campaña RRSS,5,1,1,20130,1,0,8,1,,0
VF107856,Full,21,22,M,Temuco,S05,Sucursal,9,5,1,30740,1,1,7,1,,0
VF107857,Full,51,39,M,Vitacura,S10,Sucursal,1,0,0,31180,0,2,3,1,Mala atención,1
VF107858,Full,34,33,F,Concepción,S10,Sucursal,0,0,0,29030,0,1,4,6,Salud,1
VF107859,Basico,6,32,F,San Miguel,S09,Web,1,0,2,20350,1,0,7,0,,0
VF107860,Full,42,34,F,Viña del Mar,S04,App,11,7,1,30500,1,0,5,0,,0
VF107861,Basico,17,25,M,Providencia,S09,Sucursal,2,0,2,20040,0,0,8,1,,0
VF107862,Basico,41,16,F,Temuco,S12,Referido,1,0,0,20460,1,3,5,1,,0
VF107863,Full,45,25,M,Concepción,S12,Web,12,8,0,30900,1,0,7,0,,0
VF107864,Premium,10,33,M,Santiago,S03,Web,8,3,0,45740,1,0,5,0,,0
VF107865,Full,19,61,F,Ñuñoa,S05,App,4,1,1,29130,1,0,9,0,,0
VF107866,Premium,55,25,F,Puente Alto,S08,Campaña RRSS,4,1,1,45880,0,0,8,0,Precio,1
VF107867,Full,20,42,F,Ñuñoa,S09,Sucursal,9,4,0,29640,1,1,8,1,Precio,1
VF107868,Basico,33,32,F,Puente Alto,S08,Referido,6,2,1,20150,0,1,9,1,,0
VF107869,Basico,11,29,F,Las Condes,S06,Web,1,0,0,19820,1,0,9,1,Salud,1
VF107870,Basico,13,47,M,Las Condes,S12,Referido,5,2,0,20350,0,0,5,0,Se cambió de gimnasio,1
VF107871,Basico,22,33,M,Puente Alto,S05,Referido,5,3,1,20000,1,0,7,1,,0
VF107872,Full,21,25,M,San Miguel,S06,Web,8,3,1,30180,1,0,6,1,,0
VF107873,Full,40,37,F,Maipú,S09,Web,6,3,0,29860,1,0,5,1,,0
VF107874,Full,49,20,F,Temuco,S09,Sucursal,6,3,0,30140,1,1,6,1,,0
VF107875,Full,27,44,F,Concepción,S08,Sucursal,3,0,0,30490,1,0,8,1,Precio,1
VF107876,Basico,6,16,M,Viña del Mar,S01,Campaña RRSS,5,1,0,20300,1,0,7,0,,0
VF107877,Full,9,28,F,La Florida,S11,Sucursal,9,4,0,30280,0,0,9,1,,0
VF107878,Full,14,44,F,Providencia,S11,Referido,7,4,0,30020,1,0,8,0,,0
VF107879,Basico,24,44,M,Concepción,S09,App,2,1,0,19520,0,1,8,0,,0
VF107880,Premium,15,37,F,Concepción,S06,Web,13,5,1,44580,1,0,8,1,Precio,1
VF107881,Basico,23,23,M,Concepción,S11,Sucursal,3,1,0,18560,1,1,7,1,,0
VF107882,Full,16,30,M,Temuco,S04,Web,10,2,0,31220,0,0,3,0,Precio,1
VF107883,Premium,9,36,M,Ñuñoa,S04,Campaña RRSS,14,9,0,48140,1,1,8,1,Precio,1
VF107884,Basico,14,28,F,Vitacura,S04,Sucursal,1,0,1,19800,1,1,7,0,,0
VF107885,Premium,27,58,M,Providencia,S07,Web,10,2,0,44970,0,1,6,0,,0
VF107886,Premium,18,29,M,San Miguel,S08,App,7,2,0,46550,0,0,9,0,,0
VF107887,Basico,17,32,M,San Miguel,S09,Web,6,1,1,20000,0,0,5,0,,0
VF107888,Basico,37,36,M,Santiago,S08,App,8,5,0,19230,0,0,5,0,Se cambió de gimnasio,1
VF107889,Full,7,27,M,Santiago,S08,Sucursal,5,1,0,30200,1,0,9,0,,0
VF107890,Full,8,31,M,Las Condes,S06,Web,5,2,1,29340,1,0,9,0,,0
VF107891,Basico,48,23,M,Concepción,S07,Campaña RRSS,3,1,1,20290,1,1,7,1,,0
VF107892,Premium,4,50,F,Concepción,S04,Web,5,2,0,46870,1,0,9,0,,0
VF107893,Basico,20,24,F,San Miguel,S01,Campaña RRSS,5,1,0,19700,0,0,7,1,,0
VF107894,Basico,48,16,M,Concepción,S10,Web,2,1,0,20110,0,3,7,1,,0
VF107895,Full,17,35,M,Santiago,S05,Web,7,3,0,30280,1,0,7,1,,0
VF107896,Premium,12,16,M,Las Condes,S07,Sucursal,8,4,3,48040,1,0,7,0,Se cambió de gimnasio,1
VF107897,Basico,33,34,F,Vitacura,S03,Campaña RRSS,5,1,1,20470,1,1,7,0,,0
VF107898,Full,42,43,F,La Florida,S08,Web,5,1,0,29970,1,1,7,0,,0
VF107899,Basico,27,27,F,Providencia,S11,Sucursal,6,3,1,20100,0,0,10,0,,0
VF107900,Basico,13,28,F,Viña del Mar,S06,App,4,0,1,20360,0,1,4,1,,0
VF107901,Basico,30,38,F,La Florida,S10,Web,7,3,0,19870,1,0,10,0,,0
VF107902,Basico,4,62,M,Providencia,S03,Campaña RRSS,5,3,0,20170,0,0,9,1,,0
VF107903,Basico,49,61,F,Las Condes,S07,Web,4,0,0,19900,0,0,7,1,,0
VF107904,Basico,18,36,F,Maipú,S02,Referido,1,0,0,19820,0,1,8,0,,0
VF107905,Basico,11,37,F,Maipú,S05,Web,5,2,0,20270,1,0,10,0,,0
VF107906,Basico,20,30,M,Las Condes,S03,Sucursal,3,1,0,19520,0,0,7,0,,0
VF107907,Basico,19,50,F,Puente Alto,S07,Campaña RRSS,4,0,0,20040,1,1,7,0,Mala atención,1
VF107908,Full,17,20,M,Puente Alto,S11,Web,5,2,0,30230,1,0,8,0,,0
VF107909,Full,16,48,M,Ñuñoa,S04,Referido,1,0,1,30080,1,1,8,1,Se mudó,1
VF107910,Full,15,19,F,Temuco,S11,Sucursal,7,4,0,29130,1,0,8,1,,0
VF107911,Basico,5,50,M,Las Condes,S06,App,0,0,1,20140,0,0,8,3,,0
VF107912,Full,5,37,M,Maipú,S07,Campaña RRSS,3,1,0,30900,1,0,5,0,,0
VF107913,Full,9,54,M,Las Condes,S07,Sucursal,6,2,1,29270,0,0,9,1,,0
VF107914,Basico,47,37,M,Santiago,S02,Web,5,1,1,19200,0,0,4,1,Se mudó,1
VF107915,Full,20,46,M,Providencia,S06,Web,6,1,0,30590,0,0,8,0,Precio,1
VF107916,Full,6,19,F,Concepción,S01,Web,8,2,0,28670,1,0,6,0,,0
VF107917,Basico,16,44,F,San Miguel,S12,Sucursal,6,4,1,19550,1,0,9,0,,0
VF107918,Premium,15,51,F,Vitacura,S03,Web,12,6,0,46760,0,0,10,1,,0
VF107919,Premium,11,50,F,Temuco,S04,App,8,4,1,46100,1,1,5,1,,0
VF107920,Full,8,36,M,Providencia,S03,Sucursal,11,5,1,29300,1,0,4,1,,0
VF107921,Basico,10,37,F,Providencia,S07,App,3,1,0,20470,1,0,8,1,,0
VF107922,Full,25,45,F,Santiago,S03,Referido,0,0,1,31000,1,2,7,2,,0
VF107923,Basico,13,60,M,San Miguel,S02,Web,4,2,0,20160,1,1,10,0,,0
VF107924,Premium,18,22,F,Puente Alto,S03,Referido,5,1,0,45740,1,0,8,0,,0
VF107925,Basico,26,29,F,Ñuñoa,S04,Web,4,1,0,20140,0,0,8,1,Se mudó,1
VF107926,Full,14,48,F,Ñuñoa,S03,Campaña RRSS,8,4,0,29320,1,0,9,0,,0
VF107927,Basico,21,55,F,Puente Alto,S01,Web,4,1,0,21330,0,0,10,0,,0
VF107928,Full,14,52,F,Providencia,S08,Referido,7,2,0,29200,1,0,8,0,,0
VF107929,Full,53,16,F,Puente Alto,S09,Campaña RRSS,0,0,0,29590,0,2,6,1,,0
VF107930,Full,15,42,F,Providencia,S07,Web,3,1,1,30190,1,1,8,1,,0
VF107931,Full,56,16,F,Concepción,S06,Web,12,4,0,30140,1,0,10,1,,0
VF107932,Premium,18,20,F,Las Condes,S09,App,9,2,0,47360,1,0,7,0,Mala atención,1
VF107933,Full,16,38,M,Maipú,S04,Web,5,1,0,28120,1,1,6,0,,0
VF107934,Basico,22,37,M,San Miguel,S12,Referido,1,0,0,20290,1,2,7,0,Salud,1
VF107935,Basico,7,33,M,Temuco,S08,App,6,3,0,20190,0,0,4,0,,0
VF107936,Basico,23,40,F,Ñuñoa,S09,Web,2,0,0,19570,1,3,4,0,,0
VF107937,Full,4,31,F,Vitacura,S03,Campaña RRSS,10,4,0,30350,1,0,7,1,,0
VF107938,Full,41,37,M,Temuco,S09,Campaña RRSS,7,4,1,29690,0,1,8,1,,0
VF107939,Full,67,26,M,Puente Alto,S12,Web,4,2,0,30660,1,1,8,1,,0
VF107940,Premium,37,32,F,Puente Alto,S09,Web,12,5,0,46930,1,0,7,0,,0
VF107941,Full,13,40,F,Temuco,S03,Web,5,2,0,29470,0,1,10,0,,0
VF107942,Full,12,27,M,Vitacura,S01,App,6,3,0,30970,0,0,8,1,,0
VF107943,Full,37,22,F,Santiago,S11,Campaña RRSS,11,4,0,30340,0,0,8,1,,0
VF107944,Premium,18,28,F,Puente Alto,S06,Web,7,2,1,41220,1,0,10,0,,0
VF107945,Basico,10,38,F,Ñuñoa,S02,Web,1,0,0,20410,0,1,7,0,Salud,1
VF107946,Basico,24,41,F,Santiago,S02,Campaña RRSS,3,0,0,19010,1,1,6,0,,0
VF107947,Basico,26,24,M,La Florida,S11,Web,3,1,0,20040,1,0,8,0,,0
VF107948,Basico,5,16,F,La Florida,S02,Campaña RRSS,3,1,0,20950,1,0,10,1,,0
VF107949,Basico,15,49,M,La Florida,S07,Web,3,1,2,19850,0,1,9,0,,0
VF107950,Full,45,28,M,Puente Alto,S09,Web,5,1,0,28580,0,0,7,0,,0
VF107951,Full,20,26,F,Ñuñoa,S07,Referido,7,3,0,28850,1,1,9,0,,0
VF107952,Basico,13,20,M,Santiago,S08,Web,5,1,0,20200,0,0,9,1,,0
VF107953,Basico,9,26,F,Temuco,S04,Sucursal,2,1,0,19460,0,2,7,0,,0
VF107954,Full,8,31,F,Providencia,S06,Campaña RRSS,5,1,0,29370,1,0,7,1,,0
VF107955,Premium,14,25,F,Las Condes,S07,Campaña RRSS,9,3,0,46340,1,1,7,0,,0
VF107956,Basico,34,36,M,Maipú,S06,Referido,3,0,0,18610,0,1,6,1,Se cambió de gimnasio,1
VF107957,Full,21,53,F,Providencia,S04,App,7,1,0,30570,1,0,10,0,,0
VF107958,Basico,29,31,F,Concepción,S06,Web,1,0,0,20010,0,0,6,1,Mala atención,1
VF107959,Basico,24,32,M,Providencia,S02,App,5,1,2,20130,0,0,6,1,Salud,1
VF107960,Basico,9,32,F,Viña del Mar,S01,Referido,2,0,0,20460,1,2,9,1,Se cambió de gimnasio,1
VF107961,Premium,42,41,M,Puente Alto,S03,Referido,9,2,0,45220,0,0,8,0,,0
VF107962,Basico,14,23,M,San Miguel,S02,App,3,1,0,19970,1,0,6,0,,0
VF107963,Full,12,26,F,Vitacura,S01,App,2,0,1,27430,0,1,10,0,,0
VF107964,Premium,11,38,F,Ñuñoa,S05,Web,7,2,0,44590,1,0,7,0,,0
VF107965,Full,36,33,F,Concepción,S06,Campaña RRSS,11,2,1,30230,1,0,10,0,,0
VF107966,Full,12,45,F,Maipú,S02,App,7,3,1,30660,1,0,8,0,,0
VF107967,Premium,13,29,M,Viña del Mar,S02,Web,7,2,0,47960,1,1,7,0,,0
VF107968,Full,23,35,M,Ñuñoa,S05,App,5,2,0,29950,1,2,5,0,,0
VF107969,Full,6,66,F,Providencia,S07,App,7,2,0,29140,0,2,6,0,,0
VF107970,Full,15,29,F,Vitacura,S09,Sucursal,6,1,0,30280,1,0,8,0,,0
VF107971,Basico,11,62,F,Viña del Mar,S11,Campaña RRSS,2,1,0,20740,0,2,7,0,Mala atención,1
VF107972,Basico,26,39,F,Temuco,S07,Web,6,3,0,19940,1,0,9,1,,0
VF107973,Basico,22,55,M,Vitacura,S11,App,3,1,1,19610,0,1,6,1,,0
VF107974,Basico,11,51,M,Puente Alto,S07,App,1,0,0,20110,1,1,4,0,,0
VF107975,Full,23,25,M,Santiago,S01,Web,6,2,0,31160,1,0,6,0,,0
VF107976,Full,30,32,F,La Florida,S03,Sucursal,8,4,0,30430,1,0,7,1,,0
VF107977,Premium,33,39,M,Viña del Mar,S05,App,9,5,1,45170,1,0,9,1,Se mudó,1
VF107978,Full,23,30,F,Maipú,S10,Web,3,1,0,30880,1,0,6,0,,0
VF107979,Premium,35,20,F,Temuco,S11,Web,10,5,1,45570,0,1,2,0,,0
VF107980,Full,15,27,M,San Miguel,S06,Referido,7,1,0,30040,1,1,10,0,,0
VF107981,Basico,6,46,F,Puente Alto,S02,Sucursal,0,0,0,20240,0,0,6,4,Precio,1
VF107982,Basico,26,33,F,Vitacura,S07,Web,8,4,2,19490,0,1,8,0,,0
VF107983,Basico,46,16,M,Temuco,S12,Referido,2,0,0,20840,0,0,10,1,,0
VF107984,Premium,45,30,F,Providencia,S11,App,16,5,0,45650,1,0,9,1,,0
VF107985,Premium,31,28,M,Viña del Mar,S02,App,13,4,1,46840,1,0,9,1,,0
VF107986,Basico,21,36,F,Ñuñoa,S11,Web,3,1,0,21220,0,0,9,0,,0
VF107987,Basico,28,34,F,Las Condes,S07,Web,2,1,0,18830,0,1,6,1,,0
VF107988,Basico,25,48,F,San Miguel,S04,App,4,1,0,20460,0,1,5,1,,0
VF107989,Full,25,47,M,San Miguel,S04,Sucursal,4,1,0,31520,1,0,9,0,,0
VF107990,Full,13,44,M,Providencia,S03,Sucursal,1,0,1,29450,1,3,8,0,,0
VF107991,Full,73,37,M,Viña del Mar,S11,Campaña RRSS,7,2,0,29590,1,0,10,1,,0
VF107992,Full,27,39,F,Santiago,S01,Referido,9,3,0,30950,0,0,6,1,,0
VF107993,Premium,8,31,F,Ñuñoa,S03,App,4,2,0,44850,0,0,5,0,,0
VF107994,Basico,30,52,M,Las Condes,S02,Campaña RRSS,1,0,0,19860,1,0,7,0,,0
VF107995,Premium,7,52,F,San Miguel,S04,Referido,5,1,0,47240,1,0,7,1,,0
VF107996,Full,13,26,F,Vitacura,S11,Web,7,2,1,28270,0,0,7,0,,0
VF107997,Full,9,33,F,Las Condes,S09,Sucursal,11,5,0,30710,1,0,7,1,,0
VF107998,Premium,7,37,F,Las Condes,S02,Sucursal,7,2,0,46630,1,1,7,0,,0
VF107999,Basico,18,29,F,Santiago,S08,App,2,1,0,19330,1,3,3,1,,0
VF108000,Premium,16,53,F,Providencia,S02,Referido,10,6,0,45400,0,0,5,1,,0
VF108001,Premium,25,32,M,Concepción,S07,App,8,3,0,46920,0,0,5,1,,0
VF108002,Basico,21,30,F,Viña del Mar,S07,Campaña RRSS,1,0,0,18480,0,2,5,1,,0
VF108003,Full,9,48,M,Vitacura,S12,Web,10,6,1,30270,0,0,6,0,,0
VF108004,Basico,30,65,F,Las Condes,S04,Campaña RRSS,4,1,0,19680,0,0,6,1,,0
VF108005,Full,8,39,F,Temuco,S11,Sucursal,5,2,0,28240,1,0,7,0,,0
VF108006,Premium,18,25,M,Santiago,S07,App,7,4,0,45010,1,0,10,1,,0
VF108007,Full,11,28,M,Concepción,S10,App,4,1,0,30200,1,1,9,1,,0
VF108008,Full,6,41,F,Vitacura,S04,Referido,6,4,0,28140,0,0,6,1,,0
VF108009,Basico,10,36,F,Vitacura,S06,Sucursal,3,0,1,20010,0,0,5,0,,0
VF108010,Full,15,38,M,Ñuñoa,S12,Web,2,0,1,31110,1,3,7,0,,0
VF108011,Premium,22,16,F,Vitacura,S10,App,8,1,0,44000,1,1,9,1,,0
VF108012,Basico,19,53,M,San Miguel,S08,Sucursal,0,0,0,20040,1,3,7,3,,0
VF108013,Full,48,52,M,Viña del Mar,S02,App,10,4,0,29820,1,0,10,1,,0
VF108014,Basico,14,27,M,Viña del Mar,S12,Sucursal,2,1,0,20340,1,1,6,1,,0
VF108015,Basico,2,16,F,Concepción,S08,Referido,6,2,0,20130,1,0,9,0,,0
VF108016,Full,17,46,F,Santiago,S09,Sucursal,8,1,0,30550,0,1,3,1,Se mudó,1
VF108017,Basico,19,45,F,Santiago,S02,Web,3,0,0,20750,1,0,10,0,,0
VF108018,Basico,16,40,M,Concepción,S10,Sucursal,5,2,0,19300,1,0,7,1,,0
VF108019,Full,10,38,F,Temuco,S01,App,12,4,1,28870,1,0,10,1,,0
VF108020,Full,5,54,M,Santiago,S07,Referido,5,2,0,29060,1,1,5,1,,0
VF108021,Full,28,47,F,San Miguel,S05,App,7,4,1,30800,1,0,8,0,,0
VF108022,Full,14,16,F,San Miguel,S01,Referido,7,4,0,32410,1,0,10,0,,0
VF108023,Basico,13,55,M,San Miguel,S06,Web,1,0,0,20280,1,3,5,1,Se mudó,1
VF108024,Basico,31,30,M,Temuco,S04,Referido,8,3,0,19580,0,1,4,0,,0
VF108025,Basico,38,53,F,Las Condes,S10,App,2,1,0,20160,0,0,7,1,,0
VF108026,Full,14,44,M,La Florida,S11,Web,2,1,1,28270,1,1,3,1,,0
VF108027,Full,13,27,M,Temuco,S03,Web,8,3,2,31000,1,0,8,1,,0
VF108028,Full,36,41,M,Ñuñoa,S10,Sucursal,7,2,2,29590,1,0,6,1,,0
VF108029,Basico,26,34,M,Santiago,S09,Web,7,3,0,20120,1,0,6,1,,0
VF108030,Basico,11,36,F,Santiago,S05,App,5,2,1,20030,0,0,8,0,,0
VF108031,Basico,2,16,M,Viña del Mar,S09,Campaña RRSS,5,1,0,19940,0,0,9,0,,0
VF108032,Full,11,43,M,Temuco,S04,Sucursal,7,3,1,29190,0,0,8,1,,0
VF108033,Full,22,39,F,San Miguel,S07,Sucursal,3,0,2,29530,1,0,6,0,,0
VF108034,Premium,28,46,F,Vitacura,S02,Campaña RRSS,12,8,1,45730,1,0,8,1,,0
VF108035,Full,37,26,F,Vitacura,S12,App,9,5,0,28540,1,0,8,1,,0
VF108036,Basico,31,36,F,Santiago,S02,Web,6,3,1,20640,1,0,9,0,,0
VF108037,Basico,46,54,F,Temuco,S12,Referido,1,0,1,20130,1,0,9,0,,0
VF108038,Basico,10,20,F,Puente Alto,S05,Sucursal,4,2,0,20760,0,0,7,0,,0
VF108039,Basico,11,39,F,La Florida,S09,App,4,0,2,19140,1,0,10,0,,0
VF108040,Full,46,41,F,Viña del Mar,S07,Referido,5,3,0,28150,1,0,6,1,,0
VF108041,Basico,21,57,F,Santiago,S07,Sucursal,4,2,0,19280,1,0,10,0,,0
VF108042,Basico,19,22,M,Las Condes,S10,Sucursal,6,2,1,20030,1,0,10,1,,0
VF108043,Basico,71,20,F,Temuco,S10,Sucursal,6,3,1,19850,0,0,9,1,Precio,1
VF108044,Full,11,29,F,Vitacura,S07,Referido,12,3,0,29640,0,0,10,1,,0
VF108045,Premium,15,23,M,San Miguel,S10,Web,16,8,0,48470,1,0,6,1,Se mudó,1
VF108046,Basico,11,25,M,Concepción,S05,App,4,2,0,20150,1,0,6,1,,0
VF108047,Basico,11,16,M,Vitacura,S09,App,4,1,0,19120,1,0,10,0,,0
VF108048,Basico,38,42,M,Temuco,S04,Referido,5,1,0,21060,1,1,8,1,,0
VF108049,Premium,22,34,F,Maipú,S12,Web,17,3,1,44210,1,0,10,1,Mala atención,1
VF108050,Premium,31,38,M,Providencia,S06,App,8,5,1,45030,1,0,8,0,,0
VF108051,Premium,14,38,M,Puente Alto,S06,Referido,13,4,0,47300,0,0,9,1,,0
VF108052,Basico,58,40,M,Santiago,S08,Web,2,1,0,19990,0,1,4,1,,0
VF108053,Basico,18,40,F,Viña del Mar,S04,App,1,0,1,20080,0,0,8,0,,0
VF108054,Premium,14,46,F,San Miguel,S07,Referido,8,4,0,47310,0,1,7,1,,0
VF108055,Premium,12,44,M,Concepción,S12,Web,10,5,1,44680,1,0,7,1,,0
VF108056,Full,10,31,M,Vitacura,S05,App,4,1,0,30080,1,1,10,0,,0
VF108057,Full,22,46,F,San Miguel,S06,Referido,5,1,1,29370,0,0,9,0,,0
VF108058,Full,53,44,F,Concepción,S06,Referido,7,2,0,29900,1,1,9,0,,0
VF108059,Full,17,33,M,Santiago,S03,Referido,5,1,2,29470,0,0,8,1,,0
VF108060,Full,24,30,F,Providencia,S12,Web,7,3,0,29060,1,0,10,1,,0
VF108061,Full,20,38,F,La Florida,S07,Referido,10,3,0,29590,1,0,7,0,,0
VF108062,Premium,21,41,M,Providencia,S09,Referido,13,2,0,45530,1,0,10,0,,0
VF108063,Full,20,16,F,Maipú,S02,App,8,4,0,29620,1,1,6,1,,0
VF108064,Basico,9,40,M,La Florida,S01,Web,8,4,0,19780,1,0,8,0,,0
VF108065,Full,12,31,F,San Miguel,S07,Web,5,3,0,30960,1,0,10,0,,0
VF108066,Full,30,16,M,La Florida,S03,Web,6,2,0,31150,1,0,7,0,,0
VF108067,Full,8,44,M,San Miguel,S04,App,12,4,1,30080,1,0,7,1,,0
VF108068,Basico,30,24,F,Puente Alto,S09,App,6,1,0,19990,0,1,8,1,,0
VF108069,Basico,19,37,F,Concepción,S01,App,2,1,0,20460,1,2,5,0,Se cambió de gimnasio,1
VF108070,Basico,72,44,F,Providencia,S02,App,4,2,0,19810,0,0,9,1,,0
VF108071,Basico,12,22,F,Concepción,S03,Campaña RRSS,4,0,2,20170,0,0,10,1,,0
VF108072,Basico,18,37,F,Santiago,S05,Web,0,0,0,20430,0,0,5,6,Precio,1
VF108073,Full,30,29,M,Santiago,S10,Web,6,2,1,28890,1,1,8,1,Mala atención,1
VF108074,Basico,8,26,M,La Florida,S01,App,6,3,0,20430,1,1,6,1,,0
VF108075,Basico,7,20,F,Concepción,S11,App,6,3,0,20290,1,0,6,0,Se mudó,1
VF108076,Basico,10,25,M,Santiago,S07,Web,0,0,0,19350,1,1,9,2,,0
VF108077,Full,21,30,F,Concepción,S06,App,5,1,0,31150,0,1,6,0,Se cambió de gimnasio,1
VF108078,Basico,6,33,F,Viña del Mar,S08,Campaña RRSS,5,1,0,20130,0,1,9,1,Precio,1
VF108079,Full,35,41,F,San Miguel,S10,Web,1,0,0,30150,1,0,9,1,,0
VF108080,Full,10,37,F,Providencia,S05,App,8,3,0,29510,1,1,10,1,,0
VF108081,Full,7,33,F,Ñuñoa,S10,Campaña RRSS,6,3,0,29970,0,1,8,0,,0
VF108082,Premium,38,55,M,Providencia,S03,Web,7,2,1,47520,1,0,9,1,,0
VF108083,Basico,33,23,M,Puente Alto,S03,Web,1,0,0,19880,0,0,9,1,,0
VF108084,Basico,41,38,M,Concepción,S09,Referido,4,2,0,20640,1,0,9,1,Salud,1
VF108085,Full,48,31,M,Temuco,S09,Referido,5,3,0,28970,0,0,9,0,,0
VF108086,Basico,27,16,F,Las Condes,S06,Web,6,2,0,20870,1,0,5,1,,0
VF108087,Full,38,19,F,San Miguel,S03,Web,3,0,1,30660,0,0,8,1,Precio,1
VF108088,Basico,13,35,F,San Miguel,S06,Web,3,1,1,20600,0,0,10,1,,0
VF108089,Basico,28,48,F,Puente Alto,S11,Web,3,1,2,20630,0,0,7,1,,0
VF108090,Full,8,32,M,Santiago,S09,App,8,4,1,29880,1,0,10,0,Precio,1
VF108091,Basico,7,48,F,Santiago,S06,Sucursal,6,3,1,19180,0,0,9,0,,0
VF108092,Basico,38,25,F,Viña del Mar,S06,App,7,4,1,20720,1,0,10,0,,0
VF108093,Full,20,20,M,San Miguel,S03,App,12,3,1,30570,1,0,8,1,,0
VF108094,Basico,20,22,F,Providencia,S08,App,3,2,3,19720,0,0,9,0,Poco uso,1
VF108095,Premium,46,26,F,Puente Alto,S12,Web,7,2,0,46440,1,0,10,1,,0
VF108096,Full,33,41,F,San Miguel,S10,Web,13,7,0,29390,1,0,10,1,,0
VF108097,Basico,19,21,M,Las Condes,S12,Referido,0,0,0,19870,1,0,4,6,,0
VF108098,Basico,52,42,F,Maipú,S01,Sucursal,11,4,0,19420,1,0,6,1,,0
VF108099,Full,34,38,M,Las Condes,S02,Sucursal,8,3,0,30460,1,0,9,1,,0
VF108100,Full,11,59,F,Providencia,S09,Referido,3,0,0,30490,1,0,6,0,,0
VF108101,Full,31,47,M,San Miguel,S12,App,15,4,1,29480,1,0,9,0,,0
VF108102,Full,10,47,F,Puente Alto,S08,Referido,10,2,2,28960,1,0,6,0,,0
VF108103,Full,13,39,F,Providencia,S12,Sucursal,5,1,0,30650,0,1,5,0,Mala atención,1
VF108104,Full,9,25,F,Concepción,S11,Web,3,1,0,30380,1,0,8,0,,0
VF108105,Basico,9,36,F,Maipú,S06,Campaña RRSS,0,0,0,20510,1,1,8,5,Poco uso,1
VF108106,Full,11,25,F,Las Condes,S12,Campaña RRSS,12,7,0,29100,0,0,7,0,,0
VF108107,Full,30,25,F,Temuco,S03,Web,3,0,1,30380,0,0,7,1,Se cambió de gimnasio,1
VF108108,Basico,13,21,F,Concepción,S05,Web,2,1,1,19930,1,1,7,1,,0
VF108109,Basico,5,30,M,Temuco,S03,Web,7,4,0,20340,1,0,7,0,,0
VF108110,Full,28,54,M,Providencia,S07,Web,3,0,1,28620,1,0,5,0,,0
VF108111,Full,26,27,M,San Miguel,S12,Sucursal,7,4,1,29500,1,2,6,0,,0
VF108112,Premium,26,16,M,Puente Alto,S06,Web,8,5,0,45960,1,3,1,1,Poco uso,1
VF108113,Full,15,47,F,Providencia,S07,Sucursal,10,5,0,30680,1,0,9,0,,0
VF108114,Full,14,16,F,Temuco,S05,Sucursal,8,5,0,28650,1,1,9,0,Se cambió de gimnasio,1
VF108115,Basico,6,29,M,Las Condes,S07,App,0,0,0,20000,1,1,8,5,Salud,1
VF108116,Basico,30,38,F,La Florida,S04,Campaña RRSS,3,1,0,21030,0,0,8,0,,0
VF108117,Full,15,48,F,San Miguel,S04,Sucursal,5,2,0,29890,0,0,9,1,,0
VF108118,Basico,24,45,F,San Miguel,S12,App,3,1,1,20110,0,0,5,0,,0
VF108119,Basico,22,35,F,Viña del Mar,S08,Campaña RRSS,1,0,0,21510,0,1,6,1,,0
VF108120,Basico,14,21,M,Viña del Mar,S12,Web,6,2,0,18470,0,0,6,0,Se cambió de gimnasio,1
VF108121,Premium,14,33,F,Santiago,S05,Web,9,5,1,46240,0,1,6,0,,0
VF108122,Basico,19,39,M,Concepción,S09,App,2,0,2,19870,0,0,6,0,,0
VF108123,Full,11,16,F,San Miguel,S02,Web,0,0,0,30160,1,2,7,6,Se cambió de gimnasio,1
VF108124,Basico,21,52,F,Vitacura,S10,Web,0,0,0,19880,1,1,7,5,Se cambió de gimnasio,1
VF108125,Full,16,45,F,San Miguel,S02,App,6,4,1,30070,0,0,5,1,Se mudó,1
VF108126,Basico,7,27,M,Providencia,S12,Web,1,0,1,20120,1,0,6,1,Mala atención,1
VF108127,Basico,30,55,F,Viña del Mar,S05,Campaña RRSS,7,2,0,20080,1,0,7,1,,0
VF108128,Basico,23,28,M,San Miguel,S08,Sucursal,3,1,0,20240,1,0,9,0,,0
VF108129,Basico,41,35,F,Viña del Mar,S03,Web,2,0,1,20350,0,0,5,0,,0
VF108130,Full,32,42,F,Concepción,S09,Sucursal,3,1,0,29450,1,1,8,1,,0
VF108131,Full,5,39,F,Vitacura,S10,Web,7,2,0,29920,1,0,6,1,,0
VF108132,Full,10,32,F,Vitacura,S04,App,6,2,1,30490,1,0,6,1,,0
VF108133,Premium,58,56,F,Vitacura,S12,Sucursal,5,2,0,46370,1,0,9,1,,0
VF108134,Basico,33,32,F,Ñuñoa,S02,App,9,2,2,19060,0,0,9,1,,0
VF108135,Basico,34,47,F,La Florida,S06,Sucursal,3,1,0,19350,0,1,8,1,,0
VF108136,Full,19,57,F,Temuco,S09,Sucursal,10,4,0,29800,0,0,6,0,Salud,1
VF108137,Basico,83,36,M,Temuco,S11,App,2,0,0,19640,0,0,10,0,,0
VF108138,Full,16,26,F,Vitacura,S05,Sucursal,2,1,1,28880,0,1,6,1,Poco uso,1
VF108139,Full,2,43,M,Maipú,S01,Sucursal,7,4,0,31020,0,0,7,1,,0
VF108140,Basico,44,16,M,Ñuñoa,S10,Campaña RRSS,1,0,1,19310,1,1,7,1,,0
VF108141,Premium,6,21,M,Concepción,S12,Sucursal,7,3,0,48150,1,0,5,1,,0
VF108142,Full,5,22,M,Viña del Mar,S03,App,2,0,0,29640,1,2,9,0,,0
VF108143,Basico,29,22,M,Vitacura,S09,Sucursal,4,1,0,19800,0,0,5,0,,0
VF108144,Basico,33,44,F,Vitacura,S07,Web,0,0,1,21060,1,1,6,4,,0
VF108145,Basico,23,41,Otro,Ñuñoa,S12,App,0,0,0,19650,1,3,7,1,Salud,1
VF108146,Basico,4,39,F,Vitacura,S06,App,3,1,1,20180,0,0,7,0,,0
VF108147,Full,16,28,M,San Miguel,S03,Sucursal,9,2,0,28840,1,0,7,0,,0
VF108148,Full,11,36,F,Santiago,S07,Campaña RRSS,5,1,2,29570,0,0,9,1,,0
VF108149,Premium,12,33,F,Providencia,S04,Campaña RRSS,12,7,1,47370,1,0,6,0,,0
VF108150,Basico,25,38,F,Concepción,S06,Web,0,0,1,19650,1,1,10,2,,0
VF108151,Full,7,24,F,Puente Alto,S08,Sucursal,5,1,0,30440,1,1,4,1,,0
VF108152,Basico,11,27,F,Temuco,S02,Campaña RRSS,0,0,0,20170,0,1,8,1,Se mudó,1
VF108153,Basico,37,43,M,Santiago,S05,App,3,2,0,19060,0,0,4,1,,0
VF108154,Premium,5,38,M,Maipú,S11,Campaña RRSS,14,9,1,48250,0,0,7,1,Se mudó,1
VF108155,Basico,18,43,M,Las Condes,S11,App,1,0,0,20560,0,2,5,1,Se cambió de gimnasio,1
VF108156,Premium,25,40,F,Viña del Mar,S08,App,8,3,2,45950,1,0,10,1,,0
VF108157,Full,37,37,F,Santiago,S02,Referido,4,2,0,29570,1,1,10,1,,0
VF108158,Basico,24,45,F,Vitacura,S05,Campaña RRSS,4,1,0,20900,0,0,9,1,,0
VF108159,Basico,15,16,F,Puente Alto,S10,App,0,0,0,20050,0,2,7,3,Mala atención,1
VF108160,Basico,4,34,M,Maipú,S01,Referido,4,1,0,19440,1,1,9,0,,0
VF108161,Full,27,16,F,Maipú,S06,Campaña RRSS,3,0,0,30060,0,1,6,0,,0
VF108162,Basico,28,16,M,Vitacura,S12,Web,0,0,0,18850,0,2,6,4,Precio,1
VF108163,Full,21,32,M,La Florida,S06,Sucursal,7,3,3,29680,1,1,5,0,,0
VF108164,Basico,11,34,F,Viña del Mar,S05,Campaña RRSS,3,1,1,19960,1,0,5,0,Precio,1
VF108165,Basico,43,26,M,Ñuñoa,S04,App,0,0,2,19840,0,1,9,5,Precio,1
VF108166,Basico,28,49,F,San Miguel,S10,Sucursal,4,1,1,19310,1,0,5,0,,0
VF108167,Basico,6,42,F,Puente Alto,S07,Web,1,0,0,20690,1,0,7,0,,0
VF108168,Full,40,35,M,La Florida,S07,Campaña RRSS,11,5,0,29550,0,0,7,1,,0
VF108169,Full,8,23,M,Ñuñoa,S07,Sucursal,9,3,1,30960,0,0,8,1,Salud,1
VF108170,Basico,14,46,M,Vitacura,S06,Web,6,3,2,19150,0,0,8,1,,0
VF108171,Basico,8,23,F,Maipú,S03,App,1,0,0,21150,1,1,6,0,,0
VF108172,Basico,18,35,F,Las Condes,S03,Campaña RRSS,2,0,1,20680,0,2,4,0,,0
VF108173,Basico,11,59,M,Viña del Mar,S03,Web,1,0,0,19330,1,2,7,1,,0
VF108174,Basico,26,41,F,Concepción,S10,App,4,2,0,19850,0,0,10,0,,0
VF108175,Basico,12,40,M,Viña del Mar,S06,Web,4,1,0,20030,1,0,7,0,,0
VF108176,Full,38,18,F,Las Condes,S02,Sucursal,3,1,1,30460,1,1,5,1,Mala atención,1
VF108177,Full,23,43,M,Puente Alto,S08,App,7,4,0,29300,1,0,8,0,,0
VF108178,Basico,5,26,M,Viña del Mar,S11,Campaña RRSS,3,1,0,20180,0,1,9,0,Salud,1
VF108179,Basico,29,33,F,Vitacura,S01,Campaña RRSS,3,0,0,19840,0,1,9,0,,0
VF108180,Basico,17,47,F,Providencia,S12,Web,4,2,1,21050,0,0,8,1,,0
VF108181,Full,23,30,F,San Miguel,S06,Campaña RRSS,7,4,0,29070,1,0,9,0,,0
VF108182,Premium,22,22,F,Las Condes,S10,Sucursal,22,7,0,45250,0,0,8,1,,0
VF108183,Basico,35,40,M,Temuco,S04,App,2,0,0,19790,1,3,5,1,,0
VF108184,Basico,26,28,M,Puente Alto,S06,App,5,1,1,20650,0,1,10,1,Salud,1
VF108185,Full,8,31,F,Providencia,S05,Sucursal,1,0,0,30700,1,5,5,1,Se mudó,1
VF108186,Basico,65,35,Otro,Viña del Mar,S04,App,2,1,1,19950,1,1,4,0,,0
VF108187,Basico,2,29,F,Providencia,S02,Referido,8,5,1,19960,1,0,6,1,,0
VF108188,Basico,6,35,F,La Florida,S02,Web,5,2,1,19620,1,0,9,0,,0
VF108189,Basico,24,35,F,Maipú,S01,App,5,2,0,20300,1,1,5,1,,0
VF108190,Full,21,22,F,La Florida,S04,Web,0,0,0,30680,1,1,6,3,Poco uso,1
VF108191,Premium,23,29,F,Viña del Mar,S01,Referido,14,8,0,44330,1,1,7,0,,0
VF108192,Full,15,48,Otro,Ñuñoa,S01,Sucursal,10,6,0,28890,1,1,8,0,,0
VF108193,Basico,23,36,M,Las Condes,S07,Campaña RRSS,6,4,0,21010,1,0,8,0,,0
VF108194,Full,14,38,M,Temuco,S02,Campaña RRSS,9,2,1,29780,1,0,8,1,,0
VF108195,Basico,18,39,Otro,Puente Alto,S02,Sucursal,2,0,2,21060,0,1,9,1,,0
VF108196,Full,22,48,F,La Florida,S05,Referido,0,0,0,30190,1,0,7,5,,0
VF108197,Full,32,32,Otro,Temuco,S04,Web,5,1,0,29470,1,0,7,0,,0
VF108198,Premium,21,54,F,Concepción,S12,App,6,1,1,44950,1,0,10,1,,0
VF108199,Basico,18,29,M,Providencia,S01,Sucursal,3,1,0,18910,1,1,6,1,,0
VF108200,Basico,19,40,M,San Miguel,S08,Web,6,1,0,19690,1,1,9,1,,0
VF108201,Premium,21,36,F,Ñuñoa,S02,Web,13,3,0,46190,1,1,7,1,,0
VF108202,Basico,16,61,F,Vitacura,S07,App,10,3,1,19860,0,1,10,0,,0
VF108203,Premium,20,38,F,Las Condes,S06,Web,5,1,1,44490,1,0,8,0,Se mudó,1
VF108204,Full,7,29,F,Concepción,S05,App,0,0,1,29930,1,1,7,5,,0
VF108205,Basico,66,33,F,San Miguel,S05,App,6,3,0,19410,0,0,8,1,,0
VF108206,Full,14,35,F,San Miguel,S09,Campaña RRSS,10,3,0,29640,1,0,4,0,,0
VF108207,Full,63,28,F,Puente Alto,S08,App,12,8,0,29780,0,1,6,1,,0
VF108208,Full,8,50,F,Viña del Mar,S02,App,0,0,0,29820,1,0,10,2,,0
VF108209,Premium,33,26,M,Vitacura,S09,Web,11,7,1,46090,0,0,8,0,Salud,1
VF108210,Basico,23,29,F,Puente Alto,S02,Referido,5,3,0,20900,0,0,10,0,,0
VF108211,Full,39,28,M,San Miguel,S11,Sucursal,4,1,0,29660,1,0,5,1,,0
VF108212,Basico,7,44,F,San Miguel,S06,Web,4,1,1,18960,1,0,7,0,,0
VF108213,Basico,47,46,M,La Florida,S06,Web,4,2,2,21250,1,0,9,0,,0
VF108214,Full,8,38,F,Santiago,S02,App,4,1,0,28080,0,0,8,0,,0
VF108215,Basico,45,38,M,Vitacura,S06,Campaña RRSS,1,0,0,20730,0,1,8,1,,0
VF108216,Full,7,42,M,Puente Alto,S03,Referido,8,3,0,30940,1,0,5,0,,0
VF108217,Premium,5,32,F,La Florida,S05,Campaña RRSS,8,2,0,44800,1,0,7,1,,0
VF108218,Premium,14,37,M,Viña del Mar,S12,App,8,3,0,45450,1,0,10,1,Precio,1
VF108219,Premium,6,44,F,Santiago,S11,Web,11,6,1,45820,0,1,5,1,Poco uso,1
VF108220,Full,4,40,F,Providencia,S05,Web,11,2,0,30030,1,0,10,0,Se mudó,1
VF108221,Basico,18,46,M,San Miguel,S04,Web,7,4,0,20240,0,2,9,0,,0
VF108222,Premium,10,43,F,Temuco,S09,Web,6,3,0,46910,1,0,10,1,,0
VF108223,Full,43,38,F,Temuco,S05,Web,13,3,0,29500,1,0,5,0,,0
VF108224,Full,11,38,F,San Miguel,S03,Campaña RRSS,5,2,0,28860,1,2,6,1,Se cambió de gimnasio,1
VF108225,Full,17,22,M,La Florida,S03,Web,9,5,0,30240,1,0,6,1,,0
VF108226,Full,20,30,M,Concepción,S11,Sucursal,3,1,1,27910,0,3,8,1,,0
VF108227,Premium,16,21,F,San Miguel,S08,App,16,11,1,45170,1,1,9,0,,0
VF108228,Full,6,43,F,Santiago,S11,Web,5,2,0,29950,1,0,10,0,,0
VF108229,Basico,2,25,F,Viña del Mar,S11,App,5,1,0,20020,0,0,8,0,,0
VF108230,Basico,23,39,F,Temuco,S04,Sucursal,5,2,0,18220,0,0,7,1,,0
VF108231,Full,19,22,M,Vitacura,S08,Campaña RRSS,1,0,0,29860,1,3,5,0,Mala atención,1
VF108232,Full,24,30,F,Ñuñoa,S03,Web,7,4,1,29960,0,0,4,0,,0
VF108233,Basico,32,50,F,Viña del Mar,S12,Sucursal,1,0,1,19780,0,2,6,0,,0
VF108234,Full,16,34,M,Santiago,S02,Web,12,2,0,30260,1,0,7,0,,0
VF108235,Premium,15,27,M,Maipú,S07,App,6,1,0,44600,1,0,10,1,,0
VF108236,Full,15,46,M,San Miguel,S07,Sucursal,2,0,0,30120,1,0,8,1,,0
VF108237,Full,10,36,M,Puente Alto,S09,Campaña RRSS,10,2,2,29570,1,1,9,1,,0
VF108238,Full,17,49,F,Maipú,S06,Web,9,5,0,30640,1,0,10,0,,0
VF108239,Basico,68,31,F,San Miguel,S05,Web,0,0,1,20890,0,2,8,5,,0
VF108240,Premium,39,28,Otro,Viña del Mar,S06,Web,9,5,0,46240,1,1,6,0,,0
VF108241,Basico,37,37,F,La Florida,S10,Sucursal,10,3,0,19170,1,1,7,1,Salud,1
VF108242,Basico,31,48,M,Vitacura,S10,App,3,1,0,20330,1,0,7,1,Se cambió de gimnasio,1
VF108243,Premium,7,50,M,Temuco,S04,App,5,1,1,45490,1,0,9,0,,0
VF108244,Basico,21,35,M,La Florida,S04,App,5,2,0,20920,1,0,6,0,,0
VF108245,Basico,10,16,F,Las Condes,S06,Web,4,1,1,19760,0,0,7,0,,0
VF108246,Full,11,47,F,Viña del Mar,S01,Web,5,1,1,30490,1,2,5,1,,0
VF108247,Full,35,36,M,Ñuñoa,S01,Web,4,1,0,30930,1,1,6,1,,0
VF108248,Full,13,40,M,Ñuñoa,S07,Web,9,3,0,31220,1,0,5,0,Mala atención,1
VF108249,Full,2,36,F,Temuco,S05,App,6,2,1,28870,1,0,6,0,,0
VF108250,Full,20,58,F,Providencia,S01,Web,3,0,0,31000,1,1,7,1,,0
VF108251,Basico,17,41,F,Concepción,S07,Referido,3,1,0,19230,0,0,5,0,,0
VF108252,Basico,20,31,F,Viña del Mar,S10,Web,4,2,2,20040,0,0,9,1,,0
VF108253,Full,19,38,F,Maipú,S04,Sucursal,14,5,1,30600,1,1,10,0,,0
VF108254,Full,21,26,M,La Florida,S09,Referido,6,3,0,28810,0,0,9,0,,0
VF108255,Full,13,39,M,Concepción,S09,Web,10,6,0,28270,1,0,10,0,Precio,1
VF108256,Basico,3,38,M,San Miguel,S04,Sucursal,4,2,1,20070,0,0,6,1,,0
VF108257,Basico,17,43,F,Ñuñoa,S11,App,7,1,0,20870,0,0,7,1,,0
VF108258,Premium,21,29,F,Temuco,S05,Sucursal,10,2,0,44630,0,0,9,1,,0
VF108259,Basico,13,48,F,Temuco,S07,Sucursal,2,1,0,19950,0,3,3,0,Precio,1
VF108260,Premium,21,37,F,Puente Alto,S03,App,12,3,0,46610,1,0,5,0,,0
VF108261,Full,8,36,F,Ñuñoa,S10,Campaña RRSS,1,0,1,29090,0,0,6,0,Se cambió de gimnasio,1
VF108262,Basico,13,21,M,Las Condes,S02,Referido,6,3,0,20530,1,0,9,0,,0
VF108263,Full,15,30,F,Maipú,S11,Web,10,3,0,30920,1,0,9,1,,0
VF108264,Basico,31,43,F,Providencia,S05,Sucursal,6,3,0,19540,1,0,6,0,,0
VF108265,Basico,32,37,F,Maipú,S10,Web,8,3,1,20570,1,0,8,0,,0
VF108266,Premium,17,24,F,La Florida,S12,Web,8,5,0,42900,1,0,9,0,,0
VF108267,Full,4,34,F,Vitacura,S03,Web,5,2,0,30080,1,0,10,0,,0
VF108268,Full,12,52,F,Temuco,S11,App,7,2,1,29590,0,1,7,0,,0
VF108269,Basico,26,39,F,Ñuñoa,S03,Sucursal,4,1,2,20660,0,0,8,0,,0
VF108270,Basico,28,17,M,Puente Alto,S01,Web,3,0,1,19320,1,0,5,1,Poco uso,1
VF108271,Basico,6,28,F,Santiago,S09,App,4,1,0,20940,1,1,4,1,Precio,1
VF108272,Full,47,23,M,Vitacura,S06,Referido,0,0,0,31790,1,2,3,4,,0
VF108273,Basico,38,29,F,Las Condes,S01,Campaña RRSS,2,0,2,20530,0,1,7,1,,0
VF108274,Basico,9,35,F,Maipú,S11,Referido,3,1,0,20240,1,0,9,0,,0
VF108275,Full,10,36,M,Viña del Mar,S08,Referido,12,7,1,30790,0,0,6,0,,0
VF108276,Basico,43,52,F,San Miguel,S12,Web,6,1,1,19540,1,0,10,1,,0
VF108277,Full,9,56,F,Viña del Mar,S10,Sucursal,5,2,0,28870,1,0,10,1,,0
VF108278,Full,12,41,M,Santiago,S08,App,6,2,1,28930,1,0,7,0,Salud,1
VF108279,Full,37,39,M,Ñuñoa,S12,Campaña RRSS,5,1,0,30040,1,1,5,0,,0
VF108280,Full,31,35,M,Las Condes,S10,Web,8,3,1,30730,1,1,8,1,,0
VF108281,Full,9,25,M,Concepción,S10,Sucursal,2,1,0,30100,1,0,7,0,,0
VF108282,Premium,36,51,F,Santiago,S12,App,6,1,0,45910,0,0,6,0,,0
VF108283,Basico,16,36,F,Vitacura,S09,Referido,0,0,0,19930,1,0,5,7,Se mudó,1
VF108284,Basico,43,40,F,Vitacura,S11,Web,1,0,0,20370,0,1,8,0,,0
VF108285,Basico,9,16,M,Viña del Mar,S07,Sucursal,7,3,2,19480,0,0,9,1,,0
VF108286,Basico,31,34,F,Viña del Mar,S08,Web,3,1,0,20950,0,0,6,1,,0
VF108287,Full,25,35,F,Viña del Mar,S01,Web,11,6,0,28700,1,0,5,1,,0
VF108288,Basico,10,26,F,Puente Alto,S01,App,9,3,0,19440,1,1,9,0,,0
VF108289,Basico,29,50,F,Concepción,S03,Referido,5,3,0,20210,0,0,6,1,,0
VF108290,Premium,15,34,F,Vitacura,S01,Web,11,6,0,47540,1,0,10,1,,0
VF108291,Basico,6,47,F,Las Condes,S03,Web,4,1,1,20400,0,0,10,0,,0
VF108292,Basico,7,42,Otro,Temuco,S06,Web,0,0,1,19990,1,3,5,3,Poco uso,1
VF108293,Basico,56,33,F,Providencia,S11,Referido,6,3,0,19370,0,0,5,0,,0
VF108294,Basico,8,31,F,Santiago,S03,Web,6,2,0,21390,0,0,9,0,,0
VF108295,Basico,25,23,F,Ñuñoa,S06,Sucursal,1,0,2,20380,0,1,6,1,,0
VF108296,Premium,41,61,F,Temuco,S08,Referido,11,7,0,46560,1,0,7,1,,0
VF108297,Full,18,41,F,Concepción,S11,Web,4,1,1,30910,1,2,8,0,,0
VF108298,Basico,48,44,M,Las Condes,S05,Web,1,0,0,18770,0,0,10,0,,0
VF108299,Basico,61,36,F,Puente Alto,S08,Sucursal,0,0,0,20050,0,1,8,1,,0
VF108300,Full,20,20,M,Temuco,S12,App,6,1,0,28720,1,0,7,1,,0
VF108301,Basico,15,28,M,Temuco,S09,App,0,0,2,19300,1,2,7,6,Se cambió de gimnasio,1
VF108302,Full,17,17,F,Viña del Mar,S09,Campaña RRSS,7,2,0,29330,0,0,7,0,Salud,1
VF108303,Full,9,40,M,Concepción,S09,Web,6,3,0,30130,1,1,7,1,,0
VF108304,Full,11,23,F,Maipú,S12,App,6,2,0,29930,1,0,6,0,,0
VF108305,Full,6,26,F,La Florida,S02,Web,8,5,1,29000,1,0,4,1,,0
VF108306,Basico,18,34,F,Concepción,S05,App,5,2,1,19690,0,0,5,0,,0
VF108307,Basico,26,28,F,Viña del Mar,S04,Sucursal,8,2,1,20630,1,1,9,1,,0
VF108308,Full,25,34,M,Temuco,S09,Sucursal,4,1,0,28080,1,0,8,0,,0
VF108309,Basico,26,25,F,Maipú,S03,Web,3,1,0,20430,1,0,5,1,,0
VF108310,Basico,13,39,F,Temuco,S10,Web,3,1,0,19740,1,0,7,1,Poco uso,1
VF108311,Premium,3,48,F,Temuco,S08,Web,11,7,0,44200,1,0,8,1,Se cambió de gimnasio,1
VF108312,Basico,7,36,M,Las Condes,S12,Campaña RRSS,0,0,1,19070,0,1,6,1,Mala atención,1
VF108313,Basico,36,17,F,Concepción,S08,Web,3,1,0,20640,0,1,6,1,,0
VF108314,Basico,32,46,M,Viña del Mar,S04,Referido,0,0,0,19900,0,0,6,4,Mala atención,1
VF108315,Basico,18,46,F,Concepción,S12,Web,4,2,1,19170,0,0,6,0,,0
VF108316,Full,30,22,F,Temuco,S01,Sucursal,5,2,1,29490,1,0,5,0,,0
VF108317,Basico,25,43,M,Temuco,S02,App,4,2,0,18980,0,0,5,0,,0
VF108318,Full,10,40,F,Puente Alto,S10,Web,10,2,0,29910,0,0,5,0,,0
VF108319,Premium,25,28,M,Vitacura,S11,Campaña RRSS,11,4,0,46200,1,0,7,0,,0
VF108320,Full,13,34,M,Temuco,S11,Web,2,0,1,28360,1,1,5,0,Mala atención,1
VF108321,Basico,17,28,F,Vitacura,S02,Web,2,1,0,19240,1,2,5,1,Poco uso,1
VF108322,Full,21,58,M,Puente Alto,S06,Campaña RRSS,8,5,1,31820,1,1,5,1,Mala atención,1
VF108323,Full,17,34,M,San Miguel,S10,Campaña RRSS,6,2,0,29960,1,0,8,0,,0
VF108324,Basico,31,26,F,Viña del Mar,S03,Campaña RRSS,1,0,0,20650,1,3,4,0,,0
VF108325,Full,18,28,M,Maipú,S02,Web,8,1,0,29480,1,1,2,1,Poco uso,1
VF108326,Full,9,16,M,Maipú,S06,Sucursal,7,3,0,30430,1,0,6,0,,0
VF108327,Basico,12,38,M,San Miguel,S07,App,1,0,0,19860,1,2,3,1,Se mudó,1
VF108328,Full,12,16,F,Viña del Mar,S02,Referido,12,6,2,30740,1,1,4,0,,0
VF108329,Basico,5,35,F,Ñuñoa,S01,App,7,2,2,20260,1,0,8,1,,0
VF108330,Full,16,33,M,Vitacura,S11,Web,10,4,1,27290,1,0,9,1,,0
VF108331,Full,9,48,F,Concepción,S06,Referido,5,2,2,30260,0,0,9,1,,0
VF108332,Full,38,39,F,La Florida,S11,Web,15,8,2,31050,0,1,7,0,,0
VF108333,Basico,24,32,F,Santiago,S03,Referido,3,0,1,19610,1,0,5,1,,0
VF108334,Full,6,55,F,Temuco,S03,Web,7,4,0,30470,0,0,10,1,,0
VF108335,Basico,18,31,M,Vitacura,S12,Web,3,1,3,20530,1,0,6,0,,0
VF108336,Basico,15,41,M,San Miguel,S05,App,3,2,0,19230,1,1,6,0,,0
VF108337,Basico,17,36,M,La Florida,S09,Web,0,0,0,19570,0,1,5,6,Salud,1
VF108338,Basico,28,58,F,Las Condes,S12,Campaña RRSS,5,1,0,19680,0,2,8,1,,0
VF108339,Basico,51,42,M,Viña del Mar,S09,Referido,2,0,0,20000,0,0,7,1,Poco uso,1
VF108340,Basico,15,27,M,Concepción,S05,Sucursal,1,0,1,20670,1,0,8,1,,0
VF108341,Basico,19,37,M,Ñuñoa,S06,Sucursal,0,0,0,19760,0,2,6,5,Se mudó,1
VF108342,Basico,41,47,F,San Miguel,S11,Referido,3,1,0,20160,0,0,4,1,Se cambió de gimnasio,1
VF108343,Full,17,42,M,Vitacura,S08,Referido,4,1,1,30260,1,0,10,1,,0
VF108344,Basico,25,29,M,Concepción,S04,Web,7,2,0,20120,0,0,6,0,Salud,1
VF108345,Premium,19,39,F,La Florida,S10,Web,12,5,0,47420,1,1,10,0,,0
VF108346,Basico,12,26,M,San Miguel,S05,Campaña RRSS,0,0,1,20150,1,1,5,5,Se cambió de gimnasio,1
VF108347,Full,19,36,F,Ñuñoa,S03,Sucursal,14,4,0,30720,0,0,7,1,,0
VF108348,Full,19,46,M,Temuco,S09,App,9,3,0,29440,1,0,5,1,,0
VF108349,Full,23,46,F,Viña del Mar,S03,Web,3,1,1,32380,1,1,6,0,,0
VF108350,Premium,30,43,M,Vitacura,S02,Referido,8,3,0,45990,0,0,8,1,,0
VF108351,Full,46,52,M,Vitacura,S05,Referido,5,1,0,28400,1,2,6,0,,0
VF108352,Basico,45,28,M,San Miguel,S06,App,8,1,0,19790,0,0,7,0,,0
VF108353,Full,18,24,F,Viña del Mar,S09,Referido,5,1,2,29230,1,0,8,1,,0
VF108354,Full,24,29,F,Puente Alto,S06,Web,7,3,1,31790,1,0,8,1,,0
VF108355,Full,69,33,M,La Florida,S07,Web,3,1,0,29230,1,1,4,1,,0
VF108356,Basico,31,29,F,Ñuñoa,S03,App,7,2,0,20150,1,0,8,0,,0
VF108357,Full,4,27,M,San Miguel,S02,App,9,4,1,30690,0,0,10,1,,0
VF108358,Full,48,40,M,Temuco,S06,Web,8,5,1,29270,1,0,10,0,,0
VF108359,Basico,20,39,F,Ñuñoa,S08,Sucursal,8,5,0,19040,0,0,5,1,,0
VF108360,Full,14,40,Otro,Las Condes,S07,App,6,2,2,29730,1,0,8,0,,0
VF108361,Premium,19,19,M,La Florida,S03,Web,2,0,1,47100,0,0,8,0,,0
VF108362,Full,21,18,F,Las Condes,S09,Web,9,3,1,32120,0,1,7,0,Mala atención,1
VF108363,Premium,8,61,F,La Florida,S07,App,10,2,0,44300,0,0,6,1,,0
VF108364,Full,25,37,M,Vitacura,S05,Sucursal,4,1,1,30690,0,0,7,0,,0
VF108365,Basico,15,37,F,Las Condes,S07,Web,4,2,0,20420,1,1,10,1,,0
VF108366,Basico,20,45,M,Ñuñoa,S01,Web,0,0,1,19160,1,0,6,5,,0
VF108367,Full,6,16,F,Santiago,S06,Referido,6,1,0,28990,0,0,5,1,,0
VF108368,Full,1,54,F,Ñuñoa,S02,Sucursal,10,4,1,31330,1,0,4,1,,0
VF108369,Basico,10,36,F,Vitacura,S05,Campaña RRSS,1,0,0,19770,0,0,6,0,,0
VF108370,Basico,4,16,F,Viña del Mar,S06,Sucursal,3,1,0,20290,1,0,5,0,,0
VF108371,Full,20,34,F,Puente Alto,S10,Referido,7,3,0,29440,1,2,6,0,,0
VF108372,Full,23,48,F,Concepción,S06,Web,8,4,0,30430,1,1,8,1,,0
VF108373,Full,2,53,M,San Miguel,S11,Referido,6,2,1,30990,0,1,5,1,,0
VF108374,Basico,9,24,F,Vitacura,S11,Sucursal,2,1,1,20070,0,0,7,0,,0
VF108375,Basico,30,18,F,San Miguel,S09,App,8,3,1,20090,1,0,9,0,,0
VF108376,Full,4,16,M,Vitacura,S05,Web,4,2,0,29130,0,0,8,0,,0
VF108377,Basico,13,38,M,La Florida,S08,Campaña RRSS,3,1,0,19800,0,0,9,0,,0
VF108378,Full,74,45,M,Viña del Mar,S03,Web,8,3,0,31000,1,0,10,1,,0
VF108379,Premium,23,16,F,Concepción,S01,Referido,11,3,0,45490,1,0,6,1,,0
VF108380,Premium,8,31,F,Vitacura,S08,Referido,8,5,0,46860,1,1,9,0,,0
VF108381,Full,17,28,F,Puente Alto,S12,Campaña RRSS,3,0,0,29180,1,0,10,0,,0
VF108382,Full,19,44,M,San Miguel,S03,Campaña RRSS,6,3,0,29480,0,0,4,0,,0
VF108383,Basico,13,43,M,Providencia,S11,Referido,4,1,0,20830,1,0,8,1,,0
VF108384,Full,24,28,F,Providencia,S08,Web,3,1,0,29820,1,0,8,0,,0
VF108385,Basico,9,35,M,Viña del Mar,S12,App,8,3,0,19640,0,1,7,0,Precio,1
VF108386,Basico,26,40,M,Viña del Mar,S12,Web,6,1,0,20200,1,0,5,1,,0
VF108387,Full,5,48,F,Viña del Mar,S05,Web,10,3,0,30280,1,0,4,0,,0
VF108388,Basico,11,27,F,Las Condes,S08,Sucursal,7,2,0,20380,1,0,10,1,,0
VF108389,Basico,6,39,M,Santiago,S12,Web,5,1,0,19850,0,0,9,0,,0
VF108390,Basico,5,25,M,Las Condes,S01,Campaña RRSS,0,0,0,20110,1,1,10,5,Poco uso,1
VF108391,Full,8,16,M,Providencia,S04,Sucursal,5,2,1,28930,0,0,8,0,,0
VF108392,Premium,24,30,M,Ñuñoa,S01,App,8,2,0,46400,1,1,5,0,,0
VF108393,Premium,8,27,M,Concepción,S03,Campaña RRSS,12,5,0,46980,1,2,8,1,,0
VF108394,Basico,26,17,F,Santiago,S05,App,1,0,0,20200,0,1,9,1,,0
VF108395,Basico,5,44,M,Ñuñoa,S12,Sucursal,0,0,0,20270,0,0,9,4,Poco uso,1
VF108396,Full,23,39,M,Viña del Mar,S02,App,7,1,0,30600,1,0,9,0,,0
VF108397,Full,6,47,M,San Miguel,S03,Web,4,2,0,28570,1,0,8,0,,0
VF108398,Full,28,16,M,San Miguel,S01,Sucursal,8,4,0,30490,0,0,5,0,,0
VF108399,Basico,43,37,M,Las Condes,S05,Campaña RRSS,0,0,0,19810,1,1,7,5,Poco uso,1
VF108400,Full,12,44,M,Puente Alto,S01,Campaña RRSS,3,1,0,29920,0,0,8,1,,0
VF108401,Basico,20,45,F,Providencia,S09,App,6,3,0,19640,0,0,9,0,,0
VF108402,Full,31,41,F,Ñuñoa,S02,App,9,3,1,29720,1,0,10,0,,0
VF108403,Full,21,16,M,Santiago,S02,Web,13,8,0,29740,1,0,7,0,,0
VF108404,Full,17,35,F,Ñuñoa,S09,Campaña RRSS,6,4,0,30140,1,0,6,0,,0
VF108405,Full,6,27,F,Ñuñoa,S12,Sucursal,6,1,0,30490,1,0,10,0,,0
VF108406,Premium,4,37,M,Providencia,S04,Sucursal,17,8,1,49060,0,0,7,0,,0
VF108407,Full,32,27,M,La Florida,S02,Sucursal,10,3,0,30150,1,0,8,1,,0
VF108408,Full,24,31,M,Providencia,S06,Referido,9,2,0,29470,1,1,6,1,,0
VF108409,Premium,11,16,F,Maipú,S10,Referido,13,2,1,44470,1,0,9,0,Mala atención,1
VF108410,Premium,8,50,F,Concepción,S09,App,9,5,0,46610,1,0,10,0,,0
VF108411,Basico,51,27,F,Temuco,S11,Sucursal,5,1,0,20320,1,0,10,1,,0
VF108412,Premium,11,45,F,Temuco,S07,Campaña RRSS,14,9,0,48060,1,0,10,1,,0
VF108413,Basico,12,48,F,San Miguel,S11,Sucursal,6,3,0,18780,1,1,9,0,,0
VF108414,Basico,28,39,M,San Miguel,S11,App,2,0,1,20030,0,3,6,1,,0
VF108415,Basico,22,36,F,Santiago,S07,Referido,6,1,0,20750,0,1,9,1,,0
VF108416,Full,22,35,M,Concepción,S07,Campaña RRSS,12,6,0,30250,0,0,7,1,,0
VF108417,Premium,42,38,M,Concepción,S05,Web,12,3,1,43580,1,0,10,0,,0
VF108418,Full,17,30,F,Viña del Mar,S07,App,4,2,1,29830,1,1,7,1,,0
VF108419,Premium,31,16,M,Providencia,S12,Web,3,0,0,47820,1,0,9,1,Salud,1
VF108420,Full,9,39,F,Las Condes,S01,Sucursal,7,4,0,30610,1,0,7,1,,0
VF108421,Full,40,26,F,Ñuñoa,S09,Referido,7,2,0,30420,1,0,3,0,,0
VF108422,Basico,9,36,F,Temuco,S03,Web,0,0,0,20000,0,0,8,5,Se cambió de gimnasio,1
VF108423,Full,24,50,F,La Florida,S08,Sucursal,5,3,1,29920,1,0,9,0,,0
VF108424,Basico,10,55,F,Puente Alto,S01,App,9,4,1,19750,0,0,8,1,,0
VF108425,Basico,7,49,F,Maipú,S12,Sucursal,1,0,1,20900,1,2,9,1,Precio,1
VF108426,Premium,5,28,F,Viña del Mar,S04,Web,9,2,1,44460,1,2,8,1,Precio,1
VF108427,Basico,25,48,M,Concepción,S02,Referido,9,4,0,20440,0,0,3,0,,0
VF108428,Full,13,49,F,Concepción,S09,App,8,3,0,30630,0,0,5,1,,0
VF108429,Full,44,25,F,La Florida,S06,Web,5,1,1,30870,1,1,7,0,Se mudó,1
VF108430,Full,33,31,M,La Florida,S10,Referido,10,5,0,31400,1,0,4,1,,0
VF108431,Basico,22,46,M,La Florida,S05,Sucursal,1,0,0,19910,0,1,6,0,,0
VF108432,Basico,3,25,M,Santiago,S07,Referido,1,0,0,20840,0,0,7,0,Se cambió de gimnasio,1
VF108433,Basico,19,41,M,Puente Alto,S01,Sucursal,7,3,0,20360,1,0,8,0,,0
VF108434,Basico,11,28,M,Ñuñoa,S04,Sucursal,0,0,0,19870,1,0,10,7,Precio,1
VF108435,Full,18,39,M,San Miguel,S07,Sucursal,7,2,1,28610,1,0,10,0,,0
VF108436,Full,40,27,M,Ñuñoa,S08,Web,3,1,0,29130,1,0,10,0,,0
VF108437,Full,6,46,M,Santiago,S11,Campaña RRSS,5,2,1,27280,0,1,4,1,,0
VF108438,Full,27,41,M,Maipú,S01,Referido,6,1,1,30090,1,0,7,1,,0
VF108439,Premium,35,31,M,Ñuñoa,S10,Web,10,2,0,46240,1,1,9,1,,0
VF108440,Full,26,32,M,Ñuñoa,S10,Web,11,2,0,30580,1,0,6,0,Se cambió de gimnasio,1
VF108441,Basico,9,32,M,Concepción,S05,App,2,0,0,20500,0,2,5,1,Se cambió de gimnasio,1
VF108442,Basico,14,35,M,Concepción,S02,Web,3,0,0,19650,1,0,10,0,,0
VF108443,Full,7,29,F,Concepción,S08,App,9,5,0,31160,0,0,7,1,,0
VF108444,Full,9,24,M,Viña del Mar,S10,Web,8,3,0,30360,1,1,7,1,,0
VF108445,Basico,19,41,F,San Miguel,S04,Web,4,2,0,19960,1,1,7,0,,0
VF108446,Basico,15,28,F,Santiago,S07,Web,7,4,0,19600,0,0,7,1,,0
VF108447,Basico,13,30,F,Ñuñoa,S11,Web,2,1,0,19830,0,1,6,0,Salud,1
VF108448,Full,27,37,F,Temuco,S09,Sucursal,1,0,1,29950,1,1,8,0,,0
VF108449,Full,33,40,M,Puente Alto,S10,Sucursal,7,3,2,29840,1,0,8,1,,0
VF108450,Basico,19,46,M,Temuco,S07,Web,2,1,1,20480,1,1,4,0,Mala atención,1
VF108451,Full,27,32,F,Temuco,S02,App,4,1,0,29810,1,0,10,0,,0
VF108452,Basico,36,27,F,Concepción,S04,Sucursal,2,0,0,20580,0,1,6,1,,0
VF108453,Basico,40,44,M,Puente Alto,S05,Web,1,0,0,19930,0,1,4,0,Se mudó,1
VF108454,Full,9,49,M,Viña del Mar,S05,Web,6,4,0,30050,1,0,7,1,,0
VF108455,Premium,26,40,Otro,Temuco,S05,App,12,3,0,45480,0,1,2,1,,0
VF108456,Basico,12,31,M,Puente Alto,S02,Web,1,0,1,19630,0,0,5,1,Precio,1
VF108457,Basico,13,31,M,Providencia,S06,Referido,2,1,0,19290,1,1,8,1,,0
VF108458,Full,21,31,F,Vitacura,S12,Referido,5,2,1,30010,1,0,5,1,,0
VF108459,Premium,45,49,M,Las Condes,S04,Campaña RRSS,17,4,0,48330,1,0,6,1,Se cambió de gimnasio,1
VF108460,Basico,26,63,F,Puente Alto,S12,App,5,2,0,19380,0,1,9,0,,0
VF108461,Full,13,36,F,La Florida,S06,Web,11,3,1,29280,1,0,9,0,,0
VF108462,Basico,6,36,M,Providencia,S12,Web,5,2,1,19840,0,2,5,1,,0
VF108463,Basico,29,37,F,Maipú,S01,App,1,0,0,20230,1,1,8,1,Mala atención,1
VF108464,Full,6,16,M,Santiago,S10,Web,4,2,2,30270,0,1,7,0,,0
VF108465,Full,10,37,F,Puente Alto,S06,App,5,1,0,30250,1,0,10,1,,0
VF108466,Full,12,23,M,Ñuñoa,S10,Sucursal,8,4,0,30160,1,0,9,0,,0
VF108467,Full,18,30,M,San Miguel,S12,Web,8,2,0,30340,0,1,7,0,,0
VF108468,Full,52,37,M,La Florida,S09,Referido,6,1,0,30490,1,0,10,1,,0
VF108469,Full,9,46,Otro,Concepción,S12,Sucursal,13,6,0,30020,1,2,8,0,,0
VF108470,Full,27,35,F,Vitacura,S12,Web,9,3,0,30440,1,0,5,1,,0
VF108471,Full,22,48,Otro,Providencia,S02,Sucursal,7,2,0,29530,1,0,9,0,,0
VF108472,Basico,31,34,M,Vitacura,S09,Referido,2,0,0,19340,1,1,7,0,,0
VF108473,Full,16,52,F,Temuco,S12,App,4,0,0,29820,1,1,6,0,,0
VF108474,Basico,26,29,F,Santiago,S04,Web,9,2,0,20890,0,0,8,1,,0
VF108475,Full,8,48,M,San Miguel,S03,Web,6,3,0,31430,1,0,10,1,,0
VF108476,Basico,17,37,F,Ñuñoa,S12,Sucursal,2,1,0,19560,1,1,8,1,,0
VF108477,Full,4,40,F,Ñuñoa,S01,Web,11,5,1,29440,1,0,10,1,,0
VF108478,Full,31,16,F,Vitacura,S04,Referido,3,1,2,30460,0,0,5,1,,0
VF108479,Premium,21,33,M,Las Condes,S03,Web,3,0,1,46020,0,0,8,0,,0
VF108480,Full,8,28,M,Vitacura,S04,App,3,1,1,30210,1,0,9,1,,0
VF108481,Premium,16,27,M,San Miguel,S11,Campaña RRSS,8,2,1,45530,1,0,5,1,,0
VF108482,Full,10,52,F,Maipú,S01,Campaña RRSS,5,2,1,30050,1,0,5,0,,0
VF108483,Full,29,44,M,Ñuñoa,S01,Web,5,2,0,28840,1,0,7,0,,0
VF108484,Full,28,19,F,Providencia,S02,Sucursal,3,1,0,29670,1,0,5,1,,0
VF108485,Full,18,44,F,Ñuñoa,S10,App,8,5,0,30720,1,0,10,1,,0
VF108486,Full,10,52,F,Ñuñoa,S01,Web,6,1,1,30060,1,0,9,1,,0
VF108487,Full,19,50,M,San Miguel,S06,Campaña RRSS,7,4,2,30290,0,0,7,0,,0
VF108488,Basico,8,27,M,Santiago,S03,Sucursal,3,0,1,19470,1,0,10,0,,0
VF108489,Basico,34,46,M,Las Condes,S08,App,1,0,1,19860,1,0,7,0,,0
VF108490,Basico,11,46,M,Maipú,S04,Web,2,0,0,20350,1,0,7,0,,0
VF108491,Basico,24,49,F,Santiago,S11,Referido,2,1,2,18880,0,4,4,1,Se mudó,1
VF108492,Basico,12,25,M,Maipú,S12,Web,3,1,0,19650,0,1,8,1,,0
VF108493,Basico,8,40,F,Temuco,S11,App,3,1,1,20440,0,0,4,0,,0
VF108494,Premium,16,17,F,Concepción,S09,App,13,8,0,47250,1,2,10,0,,0
VF108495,Basico,23,40,M,Temuco,S09,Web,4,1,1,19000,0,0,9,1,,0
VF108496,Full,11,38,M,Vitacura,S01,Referido,5,3,0,29890,1,0,8,1,,0
VF108497,Premium,78,33,F,San Miguel,S10,App,7,4,0,45070,1,1,6,1,,0
VF108498,Basico,13,23,M,Concepción,S06,Sucursal,2,0,0,19300,0,4,4,0,Se mudó,1
VF108499,Full,23,30,F,Ñuñoa,S03,Campaña RRSS,6,2,0,29270,1,0,7,0,,0
VF108500,Full,35,36,F,Concepción,S05,Sucursal,3,1,0,28290,1,0,6,1,,0
VF108501,Full,11,30,F,Maipú,S04,App,7,1,0,28910,0,0,10,1,,0
VF108502,Full,9,29,F,Ñuñoa,S01,Campaña RRSS,7,2,1,30610,1,2,5,1,,0
VF108503,Basico,18,31,M,Viña del Mar,S09,Campaña RRSS,4,1,0,19540,0,0,6,0,,0
VF108504,Full,13,35,M,Providencia,S10,App,6,3,0,30810,1,0,7,1,,0
VF108505,Basico,13,27,M,San Miguel,S12,Web,0,0,0,19390,1,3,3,1,Precio,1
VF108506,Basico,32,45,M,San Miguel,S04,Campaña RRSS,3,1,1,18850,1,0,10,0,,0
VF108507,Basico,4,53,F,La Florida,S08,Referido,6,3,1,20660,1,1,8,0,,0
VF108508,Full,8,25,F,Providencia,S12,App,8,2,0,28000,1,1,6,1,,0
VF108509,Full,31,42,F,Puente Alto,S03,Campaña RRSS,10,4,0,30210,1,1,10,0,,0
VF108510,Basico,41,32,F,Santiago,S04,Web,3,0,2,18940,0,1,7,0,,0
VF108511,Basico,27,37,M,Concepción,S08,App,4,1,0,19550,0,0,10,1,,0
VF108512,Full,34,21,M,Concepción,S02,Referido,2,0,0,31000,1,0,9,1,,0
VF108513,Basico,8,41,M,Puente Alto,S06,Campaña RRSS,0,0,1,20200,1,1,6,7,,0
VF108514,Premium,15,42,M,San Miguel,S04,Sucursal,9,4,0,45040,1,0,10,0,Salud,1
VF108515,Basico,6,16,F,Maipú,S10,Referido,3,1,0,19540,1,0,10,1,,0
VF108516,Basico,16,36,F,Santiago,S08,App,6,3,1,19820,1,1,10,0,,0
VF108517,Full,29,38,F,Viña del Mar,S01,Sucursal,5,1,0,31080,1,1,7,0,,0
VF108518,Full,14,48,F,Concepción,S03,Referido,10,4,2,28420,1,0,5,0,,0
VF108519,Full,26,23,M,La Florida,S07,Campaña RRSS,6,4,0,30990,1,1,7,1,,0
VF108520,Basico,26,16,F,Temuco,S03,Web,2,0,0,18930,1,1,9,0,,0
VF108521,Full,8,42,F,San Miguel,S05,Campaña RRSS,9,2,0,30550,1,1,5,0,,0
VF108522,Basico,14,41,M,Vitacura,S01,Sucursal,7,4,0,19730,0,0,8,0,Poco uso,1
VF108523,Basico,13,33,M,Puente Alto,S10,Sucursal,1,0,0,20100,0,0,8,1,,0
VF108524,Basico,22,49,M,Viña del Mar,S04,Sucursal,2,0,1,20250,0,1,5,1,,0
VF108525,Basico,9,30,M,Puente Alto,S01,App,6,3,0,20180,0,1,8,0,,0
VF108526,Full,27,16,F,Ñuñoa,S03,Campaña RRSS,8,3,1,31160,0,0,10,0,,0
VF108527,Basico,13,28,F,La Florida,S09,Web,2,0,1,19490,0,1,3,1,,0
VF108528,Basico,19,20,M,Vitacura,S01,Sucursal,5,1,1,19980,1,1,7,1,,0
VF108529,Full,8,38,M,Concepción,S08,App,4,1,1,28540,0,1,6,0,,0
VF108530,Full,5,22,M,Viña del Mar,S09,Campaña RRSS,11,2,0,30030,1,0,10,1,,0
VF108531,Full,30,27,M,Concepción,S05,App,4,2,0,29330,1,0,6,0,,0
VF108532,Basico,36,33,F,Las Condes,S05,Sucursal,6,1,0,20210,1,0,5,0,,0
VF108533,Full,33,40,M,Concepción,S01,Campaña RRSS,5,1,1,29330,1,0,10,0,,0
VF108534,Basico,17,35,Otro,Las Condes,S12,Referido,3,2,2,20830,1,0,7,1,,0
VF108535,Basico,6,30,F,Viña del Mar,S03,Web,0,0,0,21940,1,1,8,3,Poco uso,1
VF108536,Full,5,16,F,Ñuñoa,S06,App,6,2,1,29770,0,1,5,0,Se mudó,1
VF108537,Full,45,53,F,La Florida,S11,App,7,4,0,31060,1,0,7,1,Salud,1
VF108538,Full,19,36,M,Vitacura,S06,Web,7,4,0,29890,1,0,9,1,,0
VF108539,Full,29,36,F,Las Condes,S01,Web,8,3,0,30750,0,1,8,1,,0
VF108540,Full,37,24,M,Las Condes,S07,Web,7,2,0,31200,1,0,10,1,,0
VF108541,Full,16,42,F,Puente Alto,S11,Campaña RRSS,9,2,2,28680,1,0,5,1,,0
VF108542,Basico,11,30,M,Las Condes,S01,Sucursal,0,0,1,18500,0,1,9,6,Precio,1
VF108543,Full,7,22,F,Temuco,S01,Referido,3,0,0,28960,1,1,8,1,Poco uso,1
VF108544,Basico,24,19,F,Ñuñoa,S07,App,0,0,0,19500,1,2,5,5,Se mudó,1
VF108545,Premium,12,24,M,Viña del Mar,S08,App,11,6,0,48210,1,0,8,1,,0
VF108546,Basico,28,67,F,Las Condes,S11,Referido,2,0,0,20470,1,1,8,1,,0
VF108547,Basico,31,46,M,Concepción,S01,Web,0,0,1,19990,0,0,5,4,Precio,1
VF108548,Basico,25,21,F,San Miguel,S01,Campaña RRSS,2,1,1,18860,0,0,8,1,,0
VF108549,Full,25,25,M,Maipú,S06,App,8,3,0,29260,1,0,7,1,,0
VF108550,Basico,16,44,F,Concepción,S06,Sucursal,3,1,1,19020,1,0,9,1,,0
VF108551,Premium,38,35,M,Temuco,S11,App,2,0,1,43520,1,1,8,1,,0
VF108552,Basico,24,35,M,Puente Alto,S04,Sucursal,3,2,0,19450,1,1,10,1,Se cambió de gimnasio,1
VF108553,Full,33,46,M,Maipú,S10,Web,10,3,2,30230,1,0,7,0,,0
VF108554,Full,13,22,M,Providencia,S03,Referido,5,3,1,29660,1,1,10,1,,0
VF108555,Full,38,31,F,Santiago,S05,Referido,3,2,1,29020,0,0,8,1,,0
VF108556,Full,13,28,M,Santiago,S04,App,6,3,1,29340,0,0,7,0,,0
VF108557,Basico,15,30,F,Viña del Mar,S05,Referido,1,0,1,20750,0,1,4,1,,0
VF108558,Basico,14,22,M,Santiago,S04,App,2,0,0,19620,0,1,4,1,,0
VF108559,Basico,6,45,F,Temuco,S01,Sucursal,5,1,0,19780,0,0,5,1,,0
VF108560,Premium,1,19,M,Providencia,S08,Web,9,2,0,46150,1,0,9,1,,0
VF108561,Full,10,47,F,Puente Alto,S10,Web,11,5,0,30780,1,0,9,1,,0
VF108562,Full,13,47,M,Viña del Mar,S06,Campaña RRSS,3,1,0,29500,1,0,10,0,,0
VF108563,Premium,1,17,F,Maipú,S11,Sucursal,15,7,1,48160,1,0,10,0,,0
VF108564,Full,25,41,F,Las Condes,S11,Web,2,0,0,29260,1,1,8,0,,0
VF108565,Full,42,50,M,Puente Alto,S09,App,5,3,0,30170,1,0,9,1,,0
VF108566,Full,11,36,F,San Miguel,S08,Sucursal,6,1,0,29920,1,0,10,0,Precio,1
VF108567,Full,9,43,M,Santiago,S06,Referido,3,1,0,29660,1,1,9,1,,0
VF108568,Full,25,16,M,San Miguel,S06,Web,6,3,0,30370,1,1,4,1,,0
VF108569,Full,21,35,M,Ñuñoa,S11,Sucursal,9,3,0,29160,1,0,9,1,,0
VF108570,Full,35,45,M,Ñuñoa,S09,App,9,5,0,30720,1,0,9,1,,0
VF108571,Basico,24,58,F,San Miguel,S04,Referido,4,1,0,19610,0,0,7,1,,0
VF108572,Full,6,45,M,Vitacura,S12,Referido,7,1,1,29360,1,1,5,1,,0
VF108573,Basico,44,26,F,Concepción,S01,Referido,5,1,2,19490,0,0,5,0,,0
VF108574,Basico,13,55,F,Concepción,S02,Referido,7,2,0,18470,0,0,5,0,,0
VF108575,Premium,40,46,F,Vitacura,S01,App,8,4,0,46200,0,0,9,0,,0
VF108576,Basico,27,24,M,Ñuñoa,S03,Sucursal,6,1,1,20230,0,1,9,1,,0
VF108577,Basico,27,21,F,Santiago,S12,Sucursal,4,2,0,19870,1,0,7,0,,0
VF108578,Full,24,46,M,Las Condes,S04,App,9,3,3,29370,0,0,8,1,,0
VF108579,Basico,15,32,M,Concepción,S12,Referido,2,0,0,19770,0,1,3,0,,0
VF108580,Basico,4,41,M,Viña del Mar,S05,Web,2,0,0,21190,0,0,7,1,Precio,1
VF108581,Basico,10,34,M,San Miguel,S07,App,6,4,1,20300,1,0,8,0,,0
VF108582,Basico,27,29,M,Ñuñoa,S03,Campaña RRSS,1,0,0,19580,1,2,5,0,Salud,1
VF108583,Basico,14,22,F,Concepción,S03,App,5,2,1,19750,0,0,9,1,,0
VF108584,Full,7,28,F,Vitacura,S04,Web,9,5,0,31780,0,0,9,1,,0
VF108585,Basico,39,31,F,La Florida,S12,Sucursal,3,0,0,19850,1,1,8,0,,0
VF108586,Premium,12,41,M,Providencia,S11,Campaña RRSS,6,1,1,44220,0,0,8,1,,0
VF108587,Full,24,48,F,Maipú,S09,App,9,3,1,30640,0,0,4,1,,0
VF108588,Basico,49,16,F,San Miguel,S11,Referido,5,2,0,18930,0,0,3,1,Mala atención,1
VF108589,Basico,8,47,F,Puente Alto,S06,Web,4,1,0,18850,0,0,8,1,,0
VF108590,Full,10,30,F,Puente Alto,S04,Web,0,0,0,30300,1,2,3,1,Mala atención,1
VF108591,Premium,14,21,M,Las Condes,S05,Sucursal,11,7,0,44670,1,0,9,1,,0
VF108592,Full,12,16,M,Temuco,S08,Sucursal,6,2,0,29830,0,1,6,0,,0
VF108593,Full,13,27,M,Las Condes,S11,Web,7,1,1,30250,1,0,6,0,Mala atención,1
VF108594,Premium,3,26,F,Puente Alto,S07,Sucursal,10,3,0,45370,1,0,8,0,Salud,1
VF108595,Full,11,49,F,Puente Alto,S06,Web,6,3,0,29630,0,0,9,0,,0
VF108596,Full,36,16,M,Santiago,S08,Campaña RRSS,3,1,2,29520,1,0,9,0,,0
VF108597,Basico,19,33,M,Ñuñoa,S02,Web,4,1,0,19730,1,0,6,0,,0
VF108598,Full,37,33,F,Temuco,S11,Web,8,2,0,29500,1,0,9,1,,0
VF108599,Full,11,48,M,Providencia,S10,App,5,2,1,30910,1,0,9,0,Salud,1
VF108600,Basico,20,40,F,Vitacura,S02,App,2,0,0,19690,1,0,8,0,,0
VF108601,Premium,9,52,F,Puente Alto,S10,Sucursal,9,2,1,44110,1,0,10,1,,0
VF108602,Full,22,35,F,Temuco,S03,Web,6,4,0,29710,0,0,6,0,,0
VF108603,Basico,13,21,M,Temuco,S08,Referido,3,1,0,20230,0,0,5,0,,0
VF108604,Full,14,47,F,Vitacura,S11,Web,4,2,0,30680,1,1,4,1,Precio,1
VF108605,Full,30,16,M,La Florida,S01,Campaña RRSS,11,6,0,31260,1,0,5,0,Se cambió de gimnasio,1
VF108606,Full,38,46,F,San Miguel,S08,Sucursal,4,2,0,30710,1,0,8,1,,0
VF108607,Basico,28,23,F,La Florida,S05,App,3,1,1,19620,1,0,7,0,,0
VF108608,Basico,21,29,F,La Florida,S09,Referido,9,3,0,20010,0,0,7,1,Se cambió de gimnasio,1
VF108609,Premium,75,48,M,Temuco,S03,Sucursal,11,5,0,45100,1,0,10,0,Salud,1
VF108610,Basico,18,44,F,Maipú,S05,App,3,2,1,20030,1,1,4,1,,0
VF108611,Full,21,21,M,Puente Alto,S10,Web,2,1,0,31580,1,0,8,1,,0
VF108612,Full,11,30,F,Concepción,S02,Sucursal,10,5,1,31140,0,1,8,0,,0
VF108613,Full,76,30,F,Ñuñoa,S11,Sucursal,10,3,0,30410,1,0,7,1,,0
VF108614,Basico,41,32,M,Santiago,S04,Campaña RRSS,6,2,0,21460,1,0,7,0,Se cambió de gimnasio,1
VF108615,Full,3,22,M,Maipú,S08,App,5,3,2,30240,0,1,6,1,Poco uso,1
VF108616,Basico,25,23,F,Santiago,S11,Sucursal,3,0,1,19560,1,0,10,1,,0
VF108617,Full,11,38,M,Temuco,S07,Web,9,4,0,30510,1,1,7,1,,0
VF108618,Basico,20,23,F,Vitacura,S02,Sucursal,1,0,1,19930,1,0,10,0,Precio,1
VF108619,Basico,20,19,M,Providencia,S06,Campaña RRSS,1,0,0,19870,1,2,7,1,,0
VF108620,Full,26,30,M,Puente Alto,S12,App,11,7,1,28850,1,0,8,0,,0
VF108621,Premium,23,33,F,Las Condes,S01,Web,5,1,0,45300,1,0,8,0,,0
VF108622,Basico,39,28,M,Vitacura,S06,App,5,1,0,19800,0,0,8,1,,0
VF108623,Basico,32,31,M,San Miguel,S11,Campaña RRSS,1,0,1,18540,1,0,6,1,,0
VF108624,Basico,21,34,F,Santiago,S12,Referido,6,3,0,20340,0,0,8,1,,0
VF108625,Full,33,33,M,Maipú,S01,Sucursal,6,3,0,30880,0,0,7,0,Precio,1
VF108626,Full,8,18,M,Ñuñoa,S02,App,6,3,0,32100,1,0,6,0,,0
VF108627,Basico,25,29,F,Concepción,S10,Sucursal,9,2,0,20750,0,0,7,0,,0
VF108628,Basico,16,42,F,Santiago,S08,Web,1,0,0,19580,1,2,5,1,Se cambió de gimnasio,1
VF108629,Basico,22,30,F,Vitacura,S06,Sucursal,2,1,0,20100,0,1,6,1,,0
VF108630,Full,16,37,F,Temuco,S04,Web,1,0,0,30620,1,3,6,0,Se mudó,1
VF108631,Basico,16,41,F,Ñuñoa,S06,Web,3,1,0,19720,1,1,4,1,,0
VF108632,Full,7,17,F,Puente Alto,S04,Referido,8,3,0,28040,1,0,9,0,,0
VF108633,Full,29,16,F,Puente Alto,S12,Referido,8,3,0,28840,1,0,8,0,,0
VF108634,Full,19,23,F,Viña del Mar,S02,Web,5,2,1,29790,1,0,8,0,,0
VF108635,Premium,10,31,F,Santiago,S01,Web,5,1,0,46150,0,0,9,0,,0
VF108636,Full,34,16,F,Santiago,S12,Sucursal,3,1,0,30370,0,0,10,0,,0
VF108637,Basico,14,43,F,Puente Alto,S09,Web,0,0,0,20180,1,0,7,3,,0
VF108638,Full,29,35,Otro,Puente Alto,S08,Sucursal,5,1,0,29880,1,0,10,0,Salud,1
VF108639,Basico,27,23,M,Providencia,S08,Web,7,3,0,20350,0,0,10,0,,0
VF108640,Basico,28,50,M,Vitacura,S08,Referido,0,0,0,18980,0,0,7,6,Salud,1
VF108641,Basico,4,31,F,Temuco,S01,Referido,5,1,0,20520,1,0,4,0,,0
VF108642,Basico,12,34,F,Temuco,S06,Sucursal,3,1,0,19430,0,0,8,1,,0
VF108643,Basico,4,52,F,Ñuñoa,S10,App,8,5,1,20310,0,1,8,0,,0
VF108644,Full,8,45,M,Viña del Mar,S06,Sucursal,7,4,1,31820,0,1,5,0,Precio,1
VF108645,Full,18,46,M,Vitacura,S10,Web,6,3,0,30300,1,0,7,0,,0
VF108646,Premium,15,37,F,Maipú,S04,Referido,10,2,1,47880,0,0,7,0,,0
VF108647,Basico,34,54,F,Concepción,S06,Sucursal,6,2,0,19510,1,0,10,1,,0
VF108648,Premium,10,27,F,Ñuñoa,S08,Web,10,5,0,44880,1,0,8,1,,0
VF108649,Full,2,34,M,Concepción,S12,Campaña RRSS,3,1,0,28240,1,0,5,0,,0
VF108650,Premium,5,45,M,Temuco,S01,App,17,8,0,46340,1,0,8,1,,0
VF108651,Basico,11,48,F,La Florida,S04,Referido,3,1,0,19970,1,0,10,0,,0
VF108652,Premium,13,49,F,Temuco,S01,Referido,10,5,1,47660,0,0,6,1,,0
VF108653,Basico,23,43,M,Concepción,S08,Referido,6,2,0,18820,0,0,9,1,,0
VF108654,Basico,19,37,M,San Miguel,S12,Campaña RRSS,9,3,0,19370,0,0,8,1,,0
VF108655,Premium,13,28,M,Maipú,S09,Campaña RRSS,5,1,1,46810,1,0,10,0,,0
VF108656,Full,39,32,M,Temuco,S04,Sucursal,0,0,1,29800,1,0,10,7,Se mudó,1
VF108657,Basico,14,24,F,Providencia,S09,App,4,1,0,20080,1,0,9,1,,0
VF108658,Full,13,51,F,Ñuñoa,S09,Sucursal,6,1,1,30660,1,0,6,1,,0
VF108659,Full,8,25,M,Santiago,S02,Web,15,5,1,29820,0,1,3,0,,0
VF108660,Basico,27,50,M,San Miguel,S10,Sucursal,0,0,1,20050,0,1,3,7,Precio,1
VF108661,Basico,25,16,F,La Florida,S03,Web,6,2,0,20540,1,0,10,0,,0
VF108662,Full,24,38,F,San Miguel,S10,Web,7,2,1,31380,0,0,9,1,,0
VF108663,Premium,8,24,F,Santiago,S09,Referido,3,1,1,46050,1,0,9,0,,0
VF108664,Basico,81,49,F,Viña del Mar,S08,App,0,0,0,19930,0,0,8,4,,0
VF108665,Full,36,37,M,Providencia,S02,Sucursal,5,2,1,31630,1,1,5,0,,0
VF108666,Basico,14,42,F,Santiago,S12,Referido,4,2,1,19480,0,0,10,0,,0
VF108667,Basico,24,38,F,Providencia,S05,Web,4,1,0,19260,0,0,10,1,,0
VF108668,Basico,20,34,F,Vitacura,S03,App,5,2,0,19880,0,1,4,1,Precio,1
VF108669,Full,15,52,F,Concepción,S06,Web,7,3,0,27830,0,1,9,1,,0
VF108670,Full,11,36,F,San Miguel,S11,Web,7,2,1,30600,1,0,7,1,,0
VF108671,Basico,34,30,M,Temuco,S06,Sucursal,2,0,1,19890,1,0,10,0,,0
VF108672,Basico,15,42,F,Puente Alto,S04,Referido,2,0,0,19460,1,2,10,1,Mala atención,1
VF108673,Full,20,34,M,Puente Alto,S08,App,7,3,2,31300,1,0,9,1,,0
VF108674,Basico,13,39,M,Ñuñoa,S03,Web,1,0,0,19480,0,1,7,0,,0
VF108675,Basico,7,55,F,Vitacura,S07,Web,1,0,0,20470,0,2,5,0,,0
VF108676,Full,46,40,F,Providencia,S03,Campaña RRSS,5,2,1,30860,1,0,10,1,,0
VF108677,Full,30,21,M,La Florida,S09,Web,4,1,0,29470,1,0,9,0,,0
VF108678,Full,29,46,F,Las Condes,S10,Referido,7,3,0,29880,1,0,8,1,,0
VF108679,Basico,12,28,M,Puente Alto,S02,Sucursal,3,0,1,19270,0,0,6,1,,0
VF108680,Full,8,38,F,Viña del Mar,S02,Sucursal,5,1,0,30050,1,1,6,0,,0
VF108681,Full,12,35,F,Las Condes,S06,Web,9,6,1,30310,0,0,5,0,Poco uso,1
VF108682,Full,6,31,M,Maipú,S07,Web,9,4,1,29190,1,0,10,1,,0
VF108683,Basico,26,25,M,Puente Alto,S06,App,0,0,2,20520,0,2,3,3,Mala atención,1
VF108684,Basico,12,49,M,Providencia,S01,Web,4,2,0,19400,1,2,5,1,Poco uso,1
VF108685,Basico,7,39,F,Viña del Mar,S02,App,1,0,0,20480,0,0,8,0,,0
VF108686,Basico,12,17,M,La Florida,S10,Web,0,0,0,20070,0,1,4,4,,0
VF108687,Full,74,44,M,Santiago,S09,Sucursal,3,0,1,31220,1,1,10,0,,0
VF108688,Basico,15,43,F,Santiago,S01,Web,7,4,0,19830,0,2,1,0,,0
VF108689,Full,20,31,F,La Florida,S11,App,4,0,0,29710,0,0,1,1,Se cambió de gimnasio,1
VF108690,Basico,25,35,F,Viña del Mar,S05,Referido,5,3,0,18910,0,0,7,0,,0
VF108691,Basico,37,16,F,Las Condes,S03,App,4,1,0,21380,1,1,5,1,,0
VF108692,Full,21,40,F,Santiago,S01,Campaña RRSS,6,1,0,31280,1,0,8,0,,0
VF108693,Basico,5,34,F,Ñuñoa,S12,Web,1,0,1,19430,0,0,7,0,Mala atención,1
VF108694,Full,33,39,F,Maipú,S01,Sucursal,7,2,0,29670,1,1,7,1,,0
VF108695,Basico,53,37,M,Vitacura,S08,Referido,3,1,0,19560,1,0,7,0,,0
VF108696,Full,15,44,F,Maipú,S02,Campaña RRSS,5,2,0,28980,1,0,7,0,,0
VF108697,Basico,2,25,F,Vitacura,S10,Campaña RRSS,1,0,0,19480,0,0,10,0,,0
VF108698,Basico,32,41,F,San Miguel,S04,Web,4,2,0,20160,1,0,10,0,,0
VF108699,Premium,34,22,M,La Florida,S01,Referido,7,3,0,45350,1,0,5,1,,0
VF108700,Premium,14,22,M,Maipú,S02,Web,13,4,0,46790,1,1,5,1,,0
VF108701,Basico,28,36,F,La Florida,S11,Web,0,0,0,19760,0,0,8,3,Mala atención,1
VF108702,Basico,25,45,F,Concepción,S11,Referido,7,1,0,20010,1,0,7,0,,0
VF108703,Basico,18,49,Otro,San Miguel,S02,App,2,0,0,20790,0,0,10,1,,0
VF108704,Basico,27,48,F,Providencia,S12,Campaña RRSS,3,1,1,19630,1,1,6,1,,0
VF108705,Full,22,28,M,Maipú,S12,App,2,0,1,30700,1,1,9,0,,0
VF108706,Basico,4,42,M,Maipú,S01,Web,8,2,0,20210,0,0,7,1,Precio,1
VF108707,Full,18,37,F,Providencia,S06,Sucursal,4,1,1,29480,0,0,9,1,Se cambió de gimnasio,1
VF108708,Full,11,40,M,Puente Alto,S12,App,6,3,0,29440,1,1,7,1,Se mudó,1
VF108709,Basico,14,54,F,La Florida,S07,App,6,1,0,20010,0,1,4,1,Poco uso,1
VF108710,Basico,7,19,F,Vitacura,S01,App,0,0,1,19590,1,0,7,7,,0
VF108711,Basico,16,53,M,Providencia,S06,Web,5,1,1,20360,0,0,5,1,,0
VF108712,Premium,29,36,M,Maipú,S11,App,13,5,0,47990,0,0,10,0,,0
VF108713,Basico,28,27,F,San Miguel,S08,Campaña RRSS,3,1,0,18750,1,0,8,0,,0
VF108714,Full,11,38,M,San Miguel,S04,Web,8,4,0,29450,1,0,8,1,,0
VF108715,Full,10,24,F,Vitacura,S07,Web,4,2,0,29980,1,0,7,1,,0
VF108716,Full,18,29,F,Concepción,S01,Sucursal,5,2,0,30340,1,0,10,0,,0
VF108717,Full,53,41,F,San Miguel,S06,Campaña RRSS,6,1,0,28740,0,2,4,1,,0
VF108718,Full,11,48,M,La Florida,S05,Web,2,1,0,30810,1,0,7,1,,0
VF108719,Premium,8,18,M,San Miguel,S12,Referido,5,3,1,47340,1,0,8,0,,0
VF108720,Premium,27,39,M,Ñuñoa,S09,Web,14,9,0,46600,1,0,10,0,,0
VF108721,Full,18,38,M,Las Condes,S04,Referido,5,1,0,30690,1,1,7,0,,0
VF108722,Basico,27,22,F,Viña del Mar,S08,Referido,4,1,0,19940,0,1,7,0,,0
VF108723,Basico,29,38,M,Ñuñoa,S08,Referido,6,1,1,20120,0,0,8,1,Mala atención,1
VF108724,Premium,2,30,F,Santiago,S06,Sucursal,12,8,0,47130,0,0,8,0,,0
VF108725,Basico,25,37,Otro,Las Condes,S03,Sucursal,0,0,0,20730,0,1,8,7,Salud,1
VF108726,Basico,15,32,F,Santiago,S11,Web,5,2,0,20580,0,0,6,1,,0
VF108727,Basico,25,41,M,Concepción,S04,Web,7,3,0,19820,0,0,5,1,,0
VF108728,Basico,50,17,F,Temuco,S01,App,3,1,0,19170,0,0,9,0,,0
VF108729,Premium,17,35,M,Maipú,S07,Sucursal,7,1,0,47600,1,0,8,0,,0
VF108730,Basico,8,36,F,Viña del Mar,S12,Web,6,1,1,19730,1,0,7,1,,0
VF108731,Full,23,19,M,Ñuñoa,S02,Campaña RRSS,7,3,1,29790,1,0,9,1,,0
VF108732,Basico,6,35,M,Concepción,S07,Campaña RRSS,2,0,1,21630,1,2,7,1,Se cambió de gimnasio,1
VF108733,Full,32,34,F,Puente Alto,S11,Web,7,1,1,30580,0,0,6,1,Se mudó,1
VF108734,Basico,9,35,F,San Miguel,S04,Web,4,2,0,19970,1,1,9,0,,0
VF108735,Full,5,45,F,Vitacura,S05,App,6,3,0,31010,1,0,8,1,,0
VF108736,Full,62,47,F,Santiago,S06,Sucursal,6,3,1,29210,1,0,8,1,,0
VF108737,Basico,5,23,F,La Florida,S05,Campaña RRSS,6,3,1,18880,0,0,4,1,,0
VF108738,Premium,20,24,F,Vitacura,S10,Sucursal,11,6,0,46640,1,0,8,1,,0
VF108739,Premium,23,31,F,Puente Alto,S08,App,6,3,1,47800,1,1,9,1,,0
VF108740,Basico,12,46,M,Maipú,S09,Referido,5,2,0,19620,1,0,9,0,,0
VF108741,Basico,5,24,F,Viña del Mar,S04,Sucursal,5,1,1,18980,0,0,8,0,,0
VF108742,Full,7,25,F,Puente Alto,S12,Referido,4,1,0,30630,1,0,6,0,,0
VF108743,Basico,20,16,F,Providencia,S10,Web,3,1,1,20090,0,0,9,0,,0
VF108744,Full,23,29,M,Vitacura,S05,Web,8,3,0,30580,1,0,6,0,,0
VF108745,Premium,37,16,F,Santiago,S10,App,8,2,0,44310,1,0,10,0,,0
VF108746,Full,37,36,M,Temuco,S10,App,4,2,1,31810,0,1,4,1,,0
VF108747,Basico,9,51,F,Providencia,S05,Web,1,0,0,19830,1,0,10,1,,0
VF108748,Full,22,16,F,Puente Alto,S08,Web,8,2,0,30100,1,0,10,0,,0
VF108749,Basico,22,27,F,La Florida,S06,Web,0,0,1,19860,1,0,7,5,,0
VF108750,Full,18,30,F,Santiago,S06,Sucursal,9,4,1,28850,0,1,7,1,,0
VF108751,Basico,11,38,M,La Florida,S10,Campaña RRSS,5,1,0,20420,0,1,7,0,Se cambió de gimnasio,1
VF108752,Basico,9,16,F,Viña del Mar,S02,Web,1,0,0,20600,1,3,1,1,Se mudó,1
VF108753,Basico,12,39,M,Providencia,S09,Referido,3,1,0,19850,0,0,3,1,Salud,1
VF108754,Full,20,43,F,Maipú,S10,Sucursal,4,2,3,30610,1,0,7,1,Salud,1
VF108755,Basico,13,28,F,Providencia,S05,App,3,2,1,20400,0,0,10,1,,0
VF108756,Premium,20,40,M,Puente Alto,S07,Web,8,1,0,43500,1,2,8,0,,0
VF108757,Basico,19,24,F,Providencia,S02,Web,3,1,2,20840,0,1,4,0,,0
VF108758,Basico,17,42,M,San Miguel,S03,Campaña RRSS,4,1,0,20870,0,1,7,0,,0
VF108759,Full,19,43,M,Ñuñoa,S12,Sucursal,5,1,0,29280,1,0,10,1,,0
VF108760,Premium,12,16,F,Viña del Mar,S04,Web,17,6,1,46730,1,0,10,0,,0
VF108761,Full,12,41,F,Puente Alto,S12,Web,4,1,0,30130,1,2,6,1,,0
VF108762,Full,5,33,F,Maipú,S12,Referido,6,2,0,28790,1,0,6,1,Se mudó,1
VF108763,Full,7,19,F,Santiago,S08,App,11,6,0,30180,1,0,8,1,,0
VF108764,Full,14,30,M,Concepción,S05,Web,5,1,1,31100,1,0,10,1,,0
VF108765,Basico,12,26,F,Concepción,S04,Web,9,2,0,20330,0,0,3,0,Poco uso,1
VF108766,Basico,27,24,M,La Florida,S11,Referido,0,0,0,20310,0,0,9,5,Se mudó,1
VF108767,Full,13,39,M,Providencia,S08,App,7,4,0,30400,1,0,7,1,,0
VF108768,Full,13,43,M,Santiago,S02,App,8,5,0,30430,1,0,9,1,,0
VF108769,Premium,14,30,F,Providencia,S04,App,8,3,0,45000,1,0,6,0,Mala atención,1
VF108770,Basico,33,31,M,Viña del Mar,S11,Web,3,1,0,18420,1,0,9,0,Precio,1
VF108771,Full,21,17,M,Temuco,S12,Web,7,4,2,30820,0,0,8,0,,0
VF108772,Premium,4,39,F,Santiago,S08,Web,16,7,0,45780,1,0,10,1,,0
VF108773,Basico,5,20,F,Vitacura,S04,Referido,1,0,0,19970,0,0,10,0,,0
VF108774,Basico,16,16,M,Puente Alto,S10,Sucursal,0,0,0,19910,0,0,8,6,Precio,1
VF108775,Full,38,23,F,Santiago,S09,Web,4,1,1,30520,1,0,7,1,,0
VF108776,Premium,14,39,M,Viña del Mar,S01,App,12,6,1,46510,1,1,4,0,Precio,1
VF108777,Basico,35,20,M,La Florida,S01,Referido,1,0,1,19950,0,0,6,0,,0
VF108778,Premium,19,16,F,Concepción,S12,Web,9,3,0,47850,1,1,7,1,Precio,1
VF108779,Full,36,42,F,Vitacura,S11,Referido,8,3,0,29050,0,0,9,1,,0
VF108780,Basico,54,25,F,Las Condes,S04,Web,5,1,0,20370,0,1,6,0,,0
VF108781,Full,22,42,F,Temuco,S08,Web,8,2,1,31770,1,0,5,0,,0
VF108782,Basico,29,55,M,Concepción,S03,Campaña RRSS,5,3,1,19960,0,0,10,1,,0
VF108783,Premium,8,62,M,Viña del Mar,S04,Sucursal,8,5,0,46810,1,0,8,0,Precio,1
VF108784,Full,30,39,F,Temuco,S04,Campaña RRSS,3,1,2,30640,1,0,7,1,Poco uso,1
VF108785,Basico,24,44,F,Providencia,S08,Referido,2,0,1,20160,0,0,10,0,,0
VF108786,Full,15,33,F,Temuco,S07,Sucursal,6,3,0,29540,1,0,7,0,,0
VF108787,Full,28,30,M,La Florida,S08,Web,10,6,2,30170,1,0,8,0,,0
VF108788,Basico,8,21,F,Providencia,S11,Referido,0,0,1,18910,0,1,5,4,Se mudó,1
VF108789,Premium,45,37,F,Las Condes,S04,Web,13,5,0,47320,1,1,5,0,,0
VF108790,Full,34,27,M,Santiago,S05,Web,0,0,1,30230,0,5,2,3,Mala atención,1
VF108791,Full,34,47,F,Santiago,S03,Web,5,2,0,30250,1,0,7,1,,0
VF108792,Premium,13,49,F,San Miguel,S10,Web,6,2,0,47810,1,1,6,1,,0
VF108793,Basico,30,33,F,Maipú,S11,Referido,7,4,0,19100,1,0,10,1,,0
VF108794,Full,9,30,M,Ñuñoa,S08,App,9,2,1,29740,0,0,7,1,,0
VF108795,Premium,3,33,F,Puente Alto,S05,Campaña RRSS,7,1,0,45360,1,0,4,1,,0
VF108796,Basico,6,25,M,Temuco,S11,Web,4,1,2,19100,0,0,6,1,,0
VF108797,Basico,11,46,M,Viña del Mar,S07,App,7,4,1,20110,0,1,4,0,,0
VF108798,Basico,38,29,M,Providencia,S05,Web,1,0,0,19910,0,1,7,1,,0
VF108799,Full,16,31,M,Viña del Mar,S08,Referido,7,4,0,30850,1,4,5,1,Poco uso,1
VF108800,Basico,13,52,M,Puente Alto,S11,App,4,2,1,20110,0,0,9,0,,0
VF108801,Basico,28,21,F,Puente Alto,S06,Sucursal,5,2,1,20810,1,0,10,1,,0
VF108802,Basico,31,21,F,Concepción,S06,Web,6,1,0,18340,1,0,10,1,,0
VF108803,Full,21,44,F,Temuco,S07,Sucursal,6,3,0,31010,0,0,8,0,,0
VF108804,Full,18,33,F,Viña del Mar,S09,App,6,1,1,30150,1,0,9,0,,0
VF108805,Premium,10,29,M,Providencia,S05,Referido,11,2,1,44300,1,1,6,1,,0
VF108806,Basico,16,30,F,Providencia,S11,Sucursal,0,0,0,19680,0,0,9,2,,0
VF108807,Premium,21,47,F,Providencia,S07,Web,11,3,2,45800,0,2,5,0,,0
VF108808,Basico,30,43,F,Providencia,S02,Referido,1,0,0,20050,1,2,7,1,Se cambió de gimnasio,1
VF108809,Basico,12,36,F,Vitacura,S07,Web,7,4,0,19480,1,0,7,1,,0
VF108810,Full,12,27,M,Temuco,S08,Referido,1,0,0,30070,1,0,8,1,,0
VF108811,Full,10,27,F,Temuco,S02,Web,3,1,0,30220,1,0,9,0,,0
VF108812,Basico,24,17,F,Santiago,S08,Web,7,3,0,19100,0,0,8,0,,0
VF108813,Full,3,30,F,Ñuñoa,S05,Web,4,1,0,29340,1,0,6,0,,0
VF108814,Basico,28,47,F,Ñuñoa,S07,Web,6,3,0,19060,1,1,5,1,,0
VF108815,Full,18,34,F,Viña del Mar,S03,App,9,2,0,29690,0,0,7,0,,0
VF108816,Basico,37,39,F,Santiago,S07,Sucursal,2,0,0,19940,1,2,7,0,,0
VF108817,Basico,27,33,F,Ñuñoa,S12,Sucursal,3,1,0,19700,0,1,6,0,,0
VF108818,Full,16,33,F,Concepción,S07,Sucursal,4,1,2,30750,1,0,9,1,,0
VF108819,Full,10,16,F,Temuco,S10,Referido,7,2,0,31320,1,0,6,0,,0
VF108820,Basico,28,25,F,Concepción,S06,App,3,1,1,21310,1,0,5,1,,0
VF108821,Premium,38,48,F,Ñuñoa,S01,Referido,5,1,0,47690,1,0,8,0,,0
VF108822,Full,30,33,M,Puente Alto,S11,Web,6,4,0,30400,1,0,9,1,,0
VF108823,Full,9,28,F,Vitacura,S04,Sucursal,8,4,0,29770,1,0,8,0,,0
VF108824,Basico,10,34,F,Puente Alto,S11,Campaña RRSS,7,4,0,20160,0,0,1,0,Poco uso,1
VF108825,Full,46,25,F,Providencia,S03,Referido,4,1,0,29670,0,0,7,1,,0
VF108826,Premium,29,16,M,Temuco,S05,Campaña RRSS,7,4,0,46380,1,0,4,0,,0
VF108827,Basico,15,30,F,Viña del Mar,S10,Sucursal,4,1,0,18620,0,0,8,0,,0
VF108828,Full,18,29,F,Maipú,S04,Web,9,4,0,30070,1,1,2,1,Se mudó,1
VF108829,Premium,9,24,F,Vitacura,S08,Web,5,1,1,49130,0,0,7,0,Se mudó,1
VF108830,Basico,11,36,F,Santiago,S11,Campaña RRSS,1,0,0,20040,1,1,7,1,,0
VF108831,Basico,24,38,M,Maipú,S03,Sucursal,8,5,1,19760,0,0,9,1,,0
VF108832,Basico,48,46,M,Vitacura,S07,Campaña RRSS,7,3,0,20130,1,0,7,1,,0
VF108833,Basico,24,29,M,Las Condes,S09,Sucursal,1,0,1,19190,1,1,9,1,,0
VF108834,Basico,5,30,M,Las Condes,S09,Sucursal,4,2,0,21060,0,1,6,0,,0
VF108835,Basico,9,22,M,Las Condes,S04,Sucursal,6,2,1,20170,1,0,10,0,,0
VF108836,Full,21,20,F,San Miguel,S12,App,1,0,0,30980,0,1,5,0,Salud,1
VF108837,Premium,5,34,M,Vitacura,S01,Web,15,10,0,45950,1,0,9,1,,0
VF108838,Basico,8,20,F,Maipú,S02,App,2,0,1,20690,0,0,8,0,,0
VF108839,Basico,11,48,M,Maipú,S08,App,1,0,1,19880,0,0,4,0,,0
VF108840,Full,21,32,F,Concepción,S04,Campaña RRSS,6,1,0,29790,1,1,10,1,,0
VF108841,Basico,19,39,F,Las Condes,S10,App,0,0,0,19240,1,0,7,4,,0
VF108842,Basico,17,25,F,Vitacura,S05,Sucursal,3,0,1,19330,1,0,9,1,Salud,1
VF108843,Full,12,37,F,Ñuñoa,S06,Web,3,1,0,30200,1,0,10,1,,0
VF108844,Full,6,40,M,Vitacura,S04,Web,6,4,0,31360,1,0,8,0,,0
VF108845,Basico,11,26,M,Santiago,S06,App,2,0,0,20130,1,1,3,1,,0
VF108846,Full,20,34,F,Maipú,S12,Campaña RRSS,9,5,0,29830,1,0,6,1,,0
VF108847,Basico,45,16,F,Maipú,S07,Campaña RRSS,0,0,2,19700,0,1,7,2,,0
VF108848,Full,14,32,F,Las Condes,S06,Referido,2,0,0,30620,1,0,9,0,,0
VF108849,Basico,7,33,M,Las Condes,S05,Sucursal,3,1,0,20030,1,0,10,0,Se mudó,1
VF108850,Full,8,17,F,Maipú,S02,Referido,0,0,0,31830,1,1,6,7,Se cambió de gimnasio,1
VF108851,Basico,24,24,F,Vitacura,S06,App,1,0,0,19970,1,0,10,0,,0
VF108852,Basico,8,25,M,San Miguel,S12,Web,0,0,0,20530,0,0,3,7,Se mudó,1
VF108853,Full,12,43,F,Vitacura,S07,App,7,4,0,30360,1,0,10,1,,0
VF108854,Basico,38,37,M,San Miguel,S10,Referido,0,0,1,20020,0,0,7,3,,0
VF108855,Full,13,39,M,Concepción,S05,Sucursal,10,4,0,29820,1,1,5,0,Se cambió de gimnasio,1
VF108856,Full,8,43,F,Vitacura,S05,App,8,2,1,28710,1,0,7,1,,0
VF108857,Basico,7,37,M,San Miguel,S07,Campaña RRSS,2,0,0,20340,0,1,5,1,Poco uso,1
VF108858,Full,29,31,F,La Florida,S08,App,6,2,0,30300,1,0,8,1,,0
VF108859,Basico,34,28,F,La Florida,S09,Referido,3,1,1,20180,0,0,5,0,,0
VF108860,Basico,57,29,F,Maipú,S06,Sucursal,4,2,2,19370,1,0,8,0,,0
VF108861,Full,7,37,F,Santiago,S10,Sucursal,9,3,1,31300,1,0,9,1,,0
VF108862,Full,20,54,M,La Florida,S05,Web,9,3,2,29730,0,1,9,1,Mala atención,1
VF108863,Full,56,48,F,Providencia,S05,Web,11,7,0,28260,1,0,6,0,,0
VF108864,Full,16,25,F,Santiago,S09,Web,10,6,1,30440,1,0,10,0,,0
VF108865,Full,33,34,F,Temuco,S11,Sucursal,2,0,1,30190,1,4,4,0,Salud,1
VF108866,Full,19,30,F,Concepción,S06,Web,4,1,0,28470,1,1,8,1,,0
VF108867,Premium,22,43,M,Providencia,S11,App,7,4,0,44300,0,0,7,1,Mala atención,1
VF108868,Premium,18,27,M,Providencia,S03,App,12,3,0,46540,1,0,7,0,,0
VF108869,Full,15,33,F,Santiago,S01,App,7,3,0,30000,0,0,9,1,,0
VF108870,Basico,25,52,M,Las Condes,S04,Web,0,0,0,20580,1,1,8,4,Se cambió de gimnasio,1
VF108871,Premium,37,37,M,Vitacura,S09,Referido,8,5,0,46110,1,0,9,0,,0
VF108872,Full,13,25,M,Ñuñoa,S10,Referido,9,3,0,29090,1,0,8,0,,0
VF108873,Full,7,20,M,Viña del Mar,S12,Campaña RRSS,13,3,0,30690,1,0,7,0,,0
VF108874,Basico,42,43,M,La Florida,S07,Campaña RRSS,7,2,0,20300,1,0,9,0,,0
VF108875,Basico,17,16,F,Puente Alto,S10,App,3,1,0,19000,1,3,5,1,Se mudó,1
VF108876,Full,31,16,F,Providencia,S10,Sucursal,10,3,1,30010,0,0,8,0,Se cambió de gimnasio,1
VF108877,Basico,17,42,M,Concepción,S01,App,1,0,2,19710,0,2,3,0,,0
VF108878,Basico,10,43,M,Vitacura,S01,Web,2,0,0,18460,0,0,9,0,,0
VF108879,Basico,25,30,M,Providencia,S11,Web,4,1,0,19390,1,1,6,0,,0
VF108880,Full,4,28,M,La Florida,S09,Campaña RRSS,11,4,0,30680,1,0,10,0,Salud,1
VF108881,Basico,46,32,F,Maipú,S06,Referido,2,1,0,19930,1,0,10,0,,0
VF108882,Basico,35,35,M,San Miguel,S07,Web,4,2,1,21030,0,0,7,0,,0
VF108883,Full,16,39,M,Las Condes,S01,App,10,2,0,29000,1,0,8,0,,0
VF108884,Premium,11,29,M,Viña del Mar,S04,Referido,12,3,0,47230,1,0,7,1,,0
VF108885,Basico,12,38,F,Ñuñoa,S04,App,4,1,0,20360,1,0,7,1,,0
VF108886,Full,7,59,M,Maipú,S05,App,10,3,0,31460,1,1,1,1,,0
VF108887,Basico,11,36,M,Viña del Mar,S05,App,0,0,2,20240,0,3,9,1,Precio,1
VF108888,Basico,15,24,M,Santiago,S08,App,2,1,2,18770,1,2,8,1,Precio,1
VF108889,Basico,6,34,F,Providencia,S12,Web,3,2,1,20130,1,1,4,0,Mala atención,1
VF108890,Premium,40,36,F,San Miguel,S12,Web,6,1,2,44390,0,0,3,1,Poco uso,1
VF108891,Basico,31,41,F,San Miguel,S07,App,0,0,0,19630,0,2,9,2,,0
VF108892,Premium,19,16,F,Maipú,S08,Web,9,5,2,43860,0,0,7,0,,0
VF108893,Premium,8,38,M,Vitacura,S05,App,7,3,0,47760,1,0,8,0,,0
VF108894,Full,23,33,M,Providencia,S11,Sucursal,1,0,0,31380,1,1,6,1,,0
VF108895,Basico,10,37,F,Providencia,S05,App,2,0,0,18720,0,0,9,0,,0
VF108896,Basico,20,41,M,Concepción,S04,Web,5,3,0,19050,0,0,10,1,,0
VF108897,Basico,32,33,F,Viña del Mar,S10,Campaña RRSS,4,2,0,20390,1,0,9,1,,0
VF108898,Basico,2,33,F,La Florida,S02,Sucursal,3,0,0,20050,0,1,5,1,,0
VF108899,Basico,38,21,M,Maipú,S10,Sucursal,3,1,0,19660,1,1,9,1,,0
VF108900,Basico,45,35,F,San Miguel,S10,Referido,3,2,0,19860,0,0,10,1,,0
VF108901,Basico,35,27,M,Santiago,S05,Web,5,1,0,19970,0,0,6,0,Precio,1
VF108902,Full,30,34,F,Ñuñoa,S09,Web,3,0,1,30800,1,0,8,1,,0
VF108903,Premium,5,29,F,Puente Alto,S01,Sucursal,11,4,0,44730,1,0,8,0,,0
VF108904,Premium,25,50,M,Las Condes,S12,Campaña RRSS,8,2,1,47900,0,0,8,1,,0
VF108905,Full,16,39,F,San Miguel,S11,Campaña RRSS,9,2,1,30280,1,0,9,1,,0
VF108906,Basico,23,33,F,Maipú,S04,Campaña RRSS,1,0,1,19870,0,1,6,1,Salud,1
VF108907,Premium,39,25,M,San Miguel,S12,Referido,9,3,0,45770,1,0,10,0,,0
VF108908,Premium,8,23,F,Maipú,S09,Sucursal,7,4,2,46430,1,0,10,1,,0
VF108909,Premium,7,44,M,Las Condes,S09,App,9,4,0,48080,1,0,7,1,,0
VF108910,Full,27,31,F,Maipú,S02,Sucursal,6,3,1,30290,1,0,10,1,,0
VF108911,Premium,31,34,F,La Florida,S05,Web,8,5,1,43920,1,0,10,0,,0
VF108912,Full,24,19,F,Concepción,S09,Web,7,1,2,29910,1,0,8,1,,0
VF108913,Premium,15,23,M,Providencia,S09,Campaña RRSS,4,1,0,42740,1,0,7,1,,0
VF108914,Basico,19,31,F,Santiago,S10,App,0,0,0,19530,0,1,10,7,Salud,1
VF108915,Full,4,42,M,Maipú,S04,App,8,2,0,29640,1,1,8,1,,0
VF108916,Basico,34,16,M,Providencia,S11,Referido,2,0,1,19920,0,0,7,1,,0
VF108917,Premium,16,34,F,Puente Alto,S07,App,10,4,0,43490,1,1,4,1,,0
VF108918,Basico,16,60,M,Ñuñoa,S04,Web,8,3,2,19980,1,1,8,1,,0
VF108919,Full,24,43,F,Santiago,S04,App,7,2,1,30660,1,2,8,1,Poco uso,1
VF108920,Basico,23,52,M,Las Condes,S01,Referido,3,1,1,20090,1,0,8,0,,0
VF108921,Premium,18,26,F,Puente Alto,S03,Sucursal,9,3,1,46540,1,0,10,0,,0
VF108922,Full,36,18,M,Concepción,S07,Web,3,0,0,31420,0,0,3,1,,0
VF108923,Full,18,52,M,Vitacura,S03,Sucursal,0,0,0,28890,1,1,6,3,,0
VF108924,Full,14,16,M,La Florida,S02,Web,6,2,2,30030,1,0,7,0,,0
VF108925,Full,26,42,M,San Miguel,S08,Sucursal,4,1,0,30130,1,0,8,1,,0
VF108926,Premium,75,21,F,Maipú,S09,App,7,3,2,45520,1,0,5,1,,0
VF108927,Full,18,31,M,Maipú,S02,Sucursal,6,3,0,29600,0,0,9,0,,0
VF108928,Full,20,36,M,Vitacura,S06,App,3,1,0,29630,1,0,7,1,,0
VF108929,Full,17,58,M,Maipú,S06,Referido,7,4,1,31170,1,0,8,1,,0
VF108930,Basico,8,17,M,Vitacura,S09,App,1,0,0,21280,0,2,7,1,Mala atención,1
VF108931,Full,7,40,F,Providencia,S08,Sucursal,6,3,0,29500,1,0,10,0,,0
VF108932,Full,18,44,M,Temuco,S12,Campaña RRSS,6,1,0,31050,1,0,8,1,,0
VF108933,Premium,14,34,M,Temuco,S11,App,5,2,0,46220,1,0,6,0,,0
VF108934,Basico,14,27,F,Santiago,S08,Web,2,0,0,19840,0,0,8,0,,0
VF108935,Full,13,23,F,Santiago,S09,Web,6,1,1,29090,1,0,10,0,,0
VF108936,Full,9,37,M,Ñuñoa,S06,App,8,5,0,30030,1,0,8,1,Salud,1
VF108937,Basico,7,28,F,Puente Alto,S09,App,1,0,0,19700,1,0,8,0,,0
VF108938,Full,10,39,M,Viña del Mar,S04,App,10,2,0,29890,1,0,8,1,,0
VF108939,Full,8,33,M,Maipú,S09,Campaña RRSS,8,5,0,31520,1,0,9,0,,0
VF108940,Full,13,43,M,Vitacura,S10,Sucursal,8,3,0,29230,1,1,6,1,,0
VF108941,Basico,42,40,M,Viña del Mar,S05,Campaña RRSS,2,0,1,19560,1,1,6,1,Se mudó,1
VF108942,Full,13,39,F,Ñuñoa,S08,Campaña RRSS,5,2,0,29730,0,0,5,1,,0
VF108943,Basico,9,27,M,Santiago,S03,Campaña RRSS,3,1,0,20220,0,0,9,0,Se cambió de gimnasio,1
VF108944,Basico,14,45,F,San Miguel,S03,Sucursal,3,1,0,19400,0,0,5,0,,0
VF108945,Basico,13,36,M,Concepción,S07,Web,7,3,0,19980,0,0,6,0,,0
VF108946,Basico,39,30,F,Viña del Mar,S03,Campaña RRSS,2,0,0,19740,1,1,10,0,,0
VF108947,Full,27,31,Otro,Temuco,S11,Web,6,1,0,30830,1,0,9,0,,0
VF108948,Basico,19,25,F,Puente Alto,S04,App,2,0,0,20300,1,1,8,1,,0
VF108949,Basico,32,39,M,Las Condes,S10,Web,7,4,0,19530,0,1,9,0,,0
VF108950,Full,24,55,M,Puente Alto,S12,Web,8,4,0,29920,1,0,6,1,,0
VF108951,Full,16,36,M,Santiago,S02,Campaña RRSS,6,2,0,30520,1,2,5,0,,0
VF108952,Full,9,30,F,La Florida,S10,Web,0,0,2,28770,1,1,7,7,Mala atención,1
VF108953,Full,12,29,M,La Florida,S10,Web,0,0,0,30960,1,1,8,6,Precio,1
VF108954,Basico,44,39,F,Viña del Mar,S07,App,0,0,0,19730,0,2,6,2,Poco uso,1
VF108955,Full,7,19,M,Puente Alto,S07,Campaña RRSS,2,0,0,29240,0,1,10,0,,0
VF108956,Basico,20,53,M,Temuco,S09,Referido,2,1,0,18770,1,0,9,1,,0
VF108957,Basico,31,32,M,Viña del Mar,S07,App,1,0,0,18460,1,0,9,1,,0
VF108958,Full,11,42,F,Las Condes,S03,Sucursal,7,3,0,30410,1,1,10,0,Se cambió de gimnasio,1
VF108959,Full,59,47,F,Santiago,S07,App,3,1,0,29230,1,0,6,0,,0
VF108960,Premium,31,36,F,Puente Alto,S07,App,12,4,1,47550,1,0,5,0,,0
VF108961,Premium,3,63,F,Maipú,S01,Campaña RRSS,12,5,1,46660,1,0,10,1,Precio,1
VF108962,Full,16,23,F,Vitacura,S03,Web,4,1,0,30280,1,1,8,0,,0
VF108963,Full,19,26,F,Puente Alto,S08,Campaña RRSS,5,3,1,28480,0,0,10,1,,0
VF108964,Full,19,28,M,Temuco,S07,Referido,4,1,0,30430,1,0,5,1,,0
VF108965,Full,31,22,F,Santiago,S06,Referido,6,3,2,30260,1,0,6,0,,0
VF108966,Full,8,16,F,Santiago,S02,App,6,3,0,30950,0,0,10,0,,0
VF108967,Basico,28,38,F,Providencia,S06,Web,3,0,0,20320,0,0,9,0,,0
VF108968,Basico,2,31,M,Puente Alto,S09,Web,4,2,0,19440,1,0,6,0,,0
VF108969,Basico,21,27,M,Providencia,S03,Sucursal,4,0,1,19500,1,1,5,1,,0
VF108970,Premium,17,21,F,Temuco,S12,App,13,6,0,45310,0,1,10,0,,0
VF108971,Full,4,53,M,Providencia,S09,Referido,3,1,0,31090,1,1,9,0,,0
VF108972,Basico,35,38,M,Puente Alto,S06,App,1,0,1,19470,0,1,10,0,Mala atención,1
VF108973,Full,5,45,M,Las Condes,S09,App,8,4,1,30010,1,1,7,1,,0
VF108974,Full,6,25,M,Maipú,S12,Web,6,3,0,30080,0,0,10,0,,0
VF108975,Full,26,46,M,Maipú,S09,App,2,0,0,30030,1,2,7,1,Mala atención,1
VF108976,Premium,8,28,F,San Miguel,S08,Sucursal,6,1,0,46020,1,0,9,1,,0
VF108977,Basico,13,40,F,La Florida,S10,Web,7,4,0,20300,0,1,7,0,,0
VF108978,Basico,26,38,M,La Florida,S09,Sucursal,0,0,0,20460,1,2,7,6,,0
VF108979,Premium,14,42,M,Las Condes,S08,Sucursal,14,3,1,45740,0,1,9,1,,0
VF108980,Full,7,22,F,Concepción,S11,Sucursal,7,2,1,31450,0,0,6,1,,0
VF108981,Basico,15,27,M,Vitacura,S08,App,5,3,1,19140,1,1,7,1,,0
VF108982,Basico,7,35,F,Providencia,S02,Referido,4,1,0,20200,0,0,5,0,,0
VF108983,Full,66,33,F,San Miguel,S10,Sucursal,8,4,0,30580,1,1,8,0,,0
VF108984,Full,5,33,F,La Florida,S04,Sucursal,11,2,2,30320,1,0,7,1,,0
VF108985,Basico,11,31,M,Viña del Mar,S04,Referido,2,1,0,19980,1,1,10,1,,0
VF108986,Full,19,18,F,Ñuñoa,S11,Referido,3,1,0,30470,1,2,8,0,,0
VF108987,Basico,13,45,F,La Florida,S05,Campaña RRSS,8,4,0,20030,0,0,9,1,,0
VF108988,Full,55,31,M,Temuco,S07,Sucursal,10,2,1,29830,0,0,6,0,,0
VF108989,Full,19,28,M,Concepción,S01,Sucursal,6,3,0,30280,1,0,6,1,,0
VF108990,Full,7,34,F,La Florida,S02,Referido,2,1,0,30190,1,2,8,0,,0
VF108991,Basico,32,46,M,Puente Alto,S10,Referido,6,2,1,19900,1,0,10,0,,0
VF108992,Basico,18,46,M,Puente Alto,S12,Web,4,1,1,19590,0,1,9,0,Se cambió de gimnasio,1
VF108993,Basico,25,48,F,Vitacura,S12,Web,3,1,0,20270,1,0,9,1,,0
VF108994,Basico,16,20,M,Ñuñoa,S05,Campaña RRSS,2,1,0,20160,0,2,7,0,Salud,1
VF108995,Premium,10,25,M,La Florida,S09,Sucursal,7,4,1,43810,1,0,10,0,,0
VF108996,Full,5,47,M,Providencia,S05,Campaña RRSS,7,4,0,29880,0,0,7,0,,0
VF108997,Full,22,42,Otro,Viña del Mar,S07,App,0,0,0,29090,1,1,5,4,Poco uso,1
VF108998,Basico,9,27,F,Vitacura,S09,App,1,0,1,20080,0,1,7,0,Mala atención,1
VF108999,Full,20,27,M,Viña del Mar,S01,Sucursal,6,3,1,28500,0,0,7,0,,0
VF109000,Full,30,24,M,La Florida,S09,Sucursal,9,3,0,29290,1,1,10,0,Se mudó,1
VF109001,Full,34,30,F,Concepción,S08,Campaña RRSS,5,1,0,29930,1,0,8,1,,0
VF109002,Full,12,37,F,Concepción,S10,Sucursal,7,1,1,28040,0,0,10,0,,0
VF109003,Basico,3,28,M,Concepción,S04,Referido,5,2,1,21020,1,1,6,1,,0
VF109004,Full,20,36,F,Ñuñoa,S11,Web,9,4,2,30240,0,0,9,1,,0
VF109005,Full,23,24,M,Maipú,S05,App,3,1,0,29970,0,1,7,0,Poco uso,1
VF109006,Premium,9,37,M,San Miguel,S07,Web,10,5,0,48600,1,0,10,1,,0
VF109007,Full,11,41,F,Providencia,S12,Campaña RRSS,2,0,0,30990,1,0,8,1,,0
VF109008,Basico,8,55,F,Concepción,S06,Sucursal,3,1,0,19300,1,0,5,1,,0
VF109009,Full,4,33,F,La Florida,S08,App,11,6,1,29560,1,0,10,1,,0
VF109010,Basico,10,46,F,Las Condes,S01,Sucursal,2,1,0,19720,0,0,5,1,,0
VF109011,Basico,24,23,M,Puente Alto,S02,Referido,1,0,0,20090,0,1,5,0,,0
VF109012,Full,6,37,M,Vitacura,S08,Web,8,3,1,30160,0,0,4,0,Salud,1
VF109013,Full,18,23,M,Maipú,S10,App,7,3,0,30870,1,0,5,1,,0
VF109014,Full,9,44,F,Vitacura,S05,Sucursal,4,0,0,30650,1,0,10,1,,0
VF109015,Full,20,28,F,Ñuñoa,S11,Web,8,4,0,28330,1,0,9,0,,0
VF109016,Full,22,42,M,San Miguel,S08,Sucursal,5,2,0,30030,1,0,9,1,,0
VF109017,Premium,12,16,M,San Miguel,S08,Web,8,2,0,45780,1,0,7,1,,0
VF109018,Basico,14,23,M,Las Condes,S09,Campaña RRSS,4,2,0,20050,0,0,5,1,,0
VF109019,Basico,9,49,M,Ñuñoa,S02,Web,6,3,0,19230,0,0,3,0,,0
VF109020,Premium,4,45,F,Ñuñoa,S03,App,8,3,0,48380,1,0,7,1,,0
VF109021,Full,33,16,M,Ñuñoa,S07,Web,7,4,0,28380,1,0,10,0,,0
VF109022,Premium,41,27,M,San Miguel,S06,Web,4,0,0,46370,1,0,5,1,,0
VF109023,Basico,5,39,F,Puente Alto,S03,Referido,2,0,2,19920,0,2,8,0,,0
VF109024,Basico,12,56,F,Ñuñoa,S06,Web,3,1,0,20090,0,0,7,1,,0
VF109025,Premium,13,34,M,Las Condes,S08,Web,8,5,0,46830,1,0,4,1,,0
VF109026,Full,5,17,M,Viña del Mar,S07,Web,5,1,1,30000,1,0,7,1,,0
VF109027,Full,21,27,F,Temuco,S08,Sucursal,11,3,0,31320,1,0,5,0,,0
VF109028,Basico,13,40,M,Temuco,S05,Web,6,2,0,20360,1,1,8,1,,0
VF109029,Full,25,23,M,La Florida,S08,Web,6,3,1,30100,1,0,5,1,,0
VF109030,Full,22,28,F,Las Condes,S05,Web,10,5,0,29490,1,1,4,0,Poco uso,1
VF109031,Basico,26,28,M,Puente Alto,S08,Campaña RRSS,0,0,0,20650,0,2,6,5,Se cambió de gimnasio,1
VF109032,Full,9,33,F,Las Condes,S09,Web,5,1,1,28910,1,0,7,0,Se cambió de gimnasio,1
VF109033,Basico,18,36,F,Puente Alto,S08,Sucursal,1,0,0,21340,0,1,7,0,Poco uso,1
VF109034,Basico,8,31,F,Maipú,S10,Sucursal,2,0,0,19960,0,2,10,1,Se cambió de gimnasio,1
VF109035,Basico,24,38,F,Providencia,S09,Sucursal,4,2,1,20500,1,0,9,0,,0
VF109036,Basico,3,55,M,Temuco,S08,App,0,0,0,19100,1,0,10,4,,0
VF109037,Premium,25,21,F,Temuco,S05,Sucursal,7,1,1,44660,1,0,5,1,Salud,1
VF109038,Premium,25,47,F,Santiago,S03,Web,12,6,0,46310,1,0,4,1,,0
VF109039,Basico,42,35,F,Maipú,S11,Campaña RRSS,2,1,0,18910,0,1,7,1,,0
VF109040,Full,46,16,M,Viña del Mar,S09,Sucursal,6,3,2,30000,1,0,7,1,,0
VF109041,Full,37,33,M,Temuco,S06,App,2,0,0,29850,1,0,7,1,,0
VF109042,Full,26,38,M,Viña del Mar,S12,App,9,5,0,29520,1,0,10,1,Se mudó,1
VF109043,Full,30,25,F,San Miguel,S12,App,6,1,0,30820,0,0,5,1,Poco uso,1
VF109044,Basico,6,17,M,Viña del Mar,S06,Web,1,0,0,19880,1,0,9,1,,0
VF109045,Basico,10,35,Otro,Las Condes,S02,Sucursal,2,0,2,20140,0,4,5,1,Precio,1
VF109046,Full,22,23,F,Ñuñoa,S06,Web,9,3,1,31460,1,0,9,1,,0
VF109047,Basico,2,33,M,Viña del Mar,S08,App,0,0,1,20090,1,1,10,6,,0
VF109048,Basico,37,25,F,Puente Alto,S11,Web,5,2,0,19560,0,1,10,0,,0
VF109049,Full,19,34,F,Santiago,S04,Web,8,5,0,31010,1,0,8,0,Mala atención,1
VF109050,Basico,4,30,F,Vitacura,S08,App,2,1,0,20120,0,1,7,1,Salud,1
VF109051,Full,24,36,M,Providencia,S07,App,6,1,0,29250,1,0,9,1,,0
VF109052,Full,5,31,M,Concepción,S12,Web,6,2,0,31320,1,0,10,0,,0
VF109053,Basico,7,40,F,Vitacura,S04,Sucursal,2,0,0,20330,1,0,9,1,,0
VF109054,Basico,12,45,M,Puente Alto,S04,App,4,1,0,19890,0,1,9,0,,0
VF109055,Basico,26,41,F,Vitacura,S07,Web,6,3,1,19860,0,0,5,1,,0
VF109056,Full,7,25,F,Providencia,S01,Sucursal,9,3,0,30190,1,0,6,1,,0
VF109057,Premium,41,36,F,Puente Alto,S05,Web,8,3,0,48540,1,1,6,0,,0
VF109058,Basico,32,47,M,San Miguel,S03,App,0,0,0,19410,0,1,3,4,Precio,1
VF109059,Full,22,42,F,Las Condes,S08,App,5,3,1,31340,1,0,9,1,,0
VF109060,Basico,10,35,F,San Miguel,S10,Referido,0,0,1,20310,1,2,5,1,Mala atención,1
VF109061,Basico,7,30,M,Maipú,S10,Campaña RRSS,4,2,0,18870,0,0,8,1,,0
VF109062,Basico,32,41,M,Temuco,S05,Campaña RRSS,4,1,0,20230,0,0,6,0,,0
VF109063,Full,3,41,F,Puente Alto,S04,Web,5,1,0,29690,0,0,10,0,,0
VF109064,Premium,20,23,F,Viña del Mar,S06,Web,12,5,0,47470,1,1,7,0,,0
VF109065,Basico,12,41,F,Temuco,S06,Web,5,1,0,20860,0,0,6,1,Poco uso,1
VF109066,Basico,27,48,F,Concepción,S05,Campaña RRSS,2,0,2,20130,1,0,8,1,,0
VF109067,Premium,10,30,M,Vitacura,S03,Web,18,8,1,46160,1,0,10,0,,0
VF109068,Full,13,38,F,Concepción,S09,Web,13,7,0,30320,0,0,9,1,,0
VF109069,Basico,10,36,M,San Miguel,S06,Referido,8,4,0,20730,0,0,9,1,,0
VF109070,Basico,9,42,F,Ñuñoa,S12,Sucursal,5,1,0,19510,0,0,9,1,Salud,1
VF109071,Premium,7,53,M,Maipú,S10,Referido,12,3,1,45270,1,0,10,1,,0
VF109072,Full,7,16,M,Providencia,S03,App,8,2,0,29780,1,1,9,0,,0
VF109073,Full,29,34,F,Concepción,S04,Web,2,0,0,28730,1,1,7,0,,0
VF109074,Full,38,31,F,Concepción,S02,App,8,3,0,32150,1,1,10,1,,0
VF109075,Full,5,39,F,San Miguel,S04,App,12,6,0,30860,1,1,9,1,,0
VF109076,Premium,11,33,M,Puente Alto,S11,App,10,4,0,46400,1,3,3,1,Se mudó,1
VF109077,Premium,30,28,M,Vitacura,S05,Campaña RRSS,9,2,0,47010,1,0,6,0,,0
VF109078,Basico,17,45,F,Providencia,S03,Web,1,0,0,20430,1,0,8,0,,0
VF109079,Full,17,28,M,San Miguel,S08,Web,6,1,0,29730,0,0,8,0,,0
VF109080,Basico,23,25,M,Viña del Mar,S01,Sucursal,2,0,0,20580,1,1,8,1,Poco uso,1
VF109081,Premium,25,32,F,Providencia,S06,App,8,2,0,47920,1,0,9,0,,0
VF109082,Full,5,35,F,Temuco,S02,Referido,5,1,1,28620,0,0,6,1,Se mudó,1
VF109083,Full,10,24,F,Concepción,S03,App,5,2,0,30370,1,0,7,1,,0
VF109084,Basico,18,47,F,Puente Alto,S12,Referido,4,1,0,20630,1,0,7,0,,0
VF109085,Full,33,44,F,Providencia,S12,Web,6,2,1,31130,0,1,8,1,,0
VF109086,Full,12,23,F,La Florida,S08,App,7,1,1,30360,1,0,8,1,,0
VF109087,Full,4,28,M,Las Condes,S04,Web,6,2,1,30150,0,2,5,0,Salud,1
VF109088,Full,10,48,M,Puente Alto,S09,Campaña RRSS,3,1,0,30940,1,1,9,0,,0
VF109089,Basico,27,41,F,La Florida,S09,Referido,5,3,0,19760,1,0,7,0,,0
VF109090,Basico,3,45,F,Las Condes,S08,Sucursal,3,1,1,19520,1,0,7,1,Precio,1
VF109091,Full,8,23,M,San Miguel,S04,App,3,1,0,29460,0,0,9,1,,0
VF109092,Full,11,45,F,Vitacura,S11,App,7,1,0,30770,1,0,8,0,,0
VF109093,Basico,7,41,F,Santiago,S04,Campaña RRSS,4,1,0,20030,1,0,5,1,,0
VF109094,Basico,31,49,F,Providencia,S12,App,0,0,0,19070,1,3,5,5,Se mudó,1
VF109095,Basico,8,42,M,Ñuñoa,S10,Web,3,1,0,19500,0,1,7,0,,0
VF109096,Full,21,45,M,San Miguel,S10,Web,11,5,0,30220,0,0,7,0,,0
VF109097,Full,50,38,M,Temuco,S10,Referido,7,1,0,30520,0,1,5,0,,0
VF109098,Premium,33,28,M,Viña del Mar,S03,App,9,4,1,44130,0,1,8,0,,0
VF109099,Full,6,49,F,Maipú,S08,App,4,1,0,30700,1,0,7,1,,0
VF109100,Basico,6,16,F,Vitacura,S08,Web,4,1,1,18830,1,2,5,1,,0
VF109101,Full,9,29,M,Vitacura,S11,Referido,10,6,0,30590,0,0,8,1,,0
VF109102,Basico,11,36,M,San Miguel,S06,Referido,9,3,0,20260,0,0,7,0,,0
VF109103,Full,5,80,M,Concepción,S06,Web,5,2,1,30190,0,0,8,0,,0
VF109104,Full,16,44,M,Vitacura,S10,Web,3,2,0,30190,1,1,5,0,,0
VF109105,Premium,12,16,F,Temuco,S03,App,14,3,1,47130,1,0,9,0,,0
VF109106,Premium,13,24,F,Concepción,S05,App,14,9,1,46290,1,0,10,0,,0
VF109107,Full,9,45,F,Temuco,S12,Campaña RRSS,6,3,0,30890,0,0,6,0,,0
VF109108,Full,16,36,F,Santiago,S01,Web,5,2,0,30710,1,0,9,1,,0
VF109109,Premium,8,26,F,Las Condes,S06,Web,6,1,1,47670,1,0,6,0,,0
VF109110,Full,42,30,M,Puente Alto,S10,Web,1,0,0,30160,1,1,8,1,,0
VF109111,Full,8,54,F,Santiago,S05,Web,5,1,2,29210,1,0,10,1,,0
VF109112,Full,10,29,M,Las Condes,S04,Sucursal,6,3,1,29050,0,0,5,1,,0
VF109113,Basico,12,36,M,Ñuñoa,S09,Sucursal,6,3,1,20780,1,0,4,0,,0
VF109114,Basico,36,49,M,Santiago,S06,App,6,1,0,19820,0,0,9,1,,0
VF109115,Full,14,36,F,La Florida,S04,Sucursal,3,0,1,31000,0,0,6,0,,0
VF109116,Basico,15,39,M,Temuco,S04,Web,3,2,0,20240,1,0,9,0,Se cambió de gimnasio,1
VF109117,Basico,5,30,F,Viña del Mar,S04,Web,1,0,3,18990,1,0,8,0,,0
VF109118,Basico,7,57,M,La Florida,S03,Web,0,0,0,19930,0,3,9,6,Poco uso,1
VF109119,Basico,7,46,F,Temuco,S01,Web,0,0,0,20450,1,0,9,4,Poco uso,1
VF109120,Basico,18,38,F,Puente Alto,S12,Sucursal,9,4,0,20350,1,0,6,0,,0
VF109121,Basico,6,26,M,Puente Alto,S11,Campaña RRSS,8,4,1,20400,0,1,8,0,,0
VF109122,Full,31,26,M,Providencia,S12,App,5,1,1,30250,1,0,5,1,,0
VF109123,Premium,21,26,M,Santiago,S10,Sucursal,7,4,1,44950,1,1,4,1,Precio,1
VF109124,Full,18,31,M,Viña del Mar,S01,Campaña RRSS,5,1,0,29730,0,0,8,0,,0
VF109125,Full,7,37,F,Santiago,S06,Sucursal,13,8,0,30140,1,1,4,1,,0
VF109126,Basico,28,24,F,Viña del Mar,S06,Web,6,2,0,19280,0,0,6,0,,0
VF109127,Basico,6,46,M,Viña del Mar,S07,Web,6,1,0,19970,0,0,4,0,Poco uso,1
VF109128,Basico,28,35,M,Providencia,S02,Campaña RRSS,0,0,2,21070,0,0,6,7,Se mudó,1
VF109129,Full,14,41,F,Ñuñoa,S12,Web,8,3,0,29950,0,0,8,1,,0
VF109130,Basico,13,38,M,San Miguel,S07,App,2,0,1,20330,1,0,8,1,,0
VF109131,Basico,24,38,M,Providencia,S02,Campaña RRSS,4,1,1,19770,0,0,7,1,,0
VF109132,Basico,17,25,F,Temuco,S01,Referido,7,2,0,19430,0,0,9,0,,0
VF109133,Full,19,47,F,Concepción,S02,Web,9,4,0,28630,1,0,9,0,,0
VF109134,Full,11,45,F,Temuco,S05,Campaña RRSS,7,1,1,30840,1,0,10,0,,0
VF109135,Premium,19,26,M,Las Condes,S12,App,13,3,0,44210,1,0,9,0,,0
VF109136,Basico,30,50,M,Providencia,S12,App,6,3,1,20880,1,0,9,0,,0
VF109137,Basico,28,26,F,Maipú,S04,Campaña RRSS,2,0,2,19310,0,3,6,1,Poco uso,1
VF109138,Basico,29,54,F,San Miguel,S10,Sucursal,0,0,1,20500,0,3,4,2,,0
VF109139,Basico,58,38,M,Las Condes,S09,Campaña RRSS,5,1,0,20520,1,0,9,1,,0
VF109140,Basico,13,28,F,Concepción,S10,Sucursal,2,0,1,20600,0,1,5,0,,0
VF109141,Premium,12,60,F,Las Condes,S03,Referido,3,0,2,46210,1,0,7,0,Mala atención,1
VF109142,Basico,9,50,F,Puente Alto,S09,Sucursal,0,0,1,21400,1,1,5,5,Salud,1
VF109143,Full,23,41,M,Santiago,S02,Campaña RRSS,10,5,0,30300,1,1,8,0,,0
VF109144,Premium,9,47,F,Vitacura,S09,Sucursal,15,7,1,46270,0,0,4,1,,0
VF109145,Full,7,38,F,Vitacura,S04,App,8,4,0,28500,0,0,10,1,,0
VF109146,Full,33,26,F,Maipú,S06,Sucursal,4,2,0,30100,0,0,7,1,,0
VF109147,Basico,15,42,F,Maipú,S01,Campaña RRSS,2,1,0,19320,0,2,7,0,,0
VF109148,Full,31,25,F,Vitacura,S05,Referido,5,3,1,30040,1,0,6,0,,0
VF109149,Basico,32,29,F,Viña del Mar,S11,Sucursal,2,1,0,19460,1,0,10,0,Se mudó,1
VF109150,Full,23,35,F,Temuco,S02,Sucursal,5,3,0,31060,0,0,9,1,,0
VF109151,Basico,11,32,M,Santiago,S06,Referido,2,1,2,20470,0,0,10,1,,0
VF109152,Full,14,49,F,Puente Alto,S05,Referido,0,0,2,28910,0,1,6,4,Se mudó,1
VF109153,Full,18,21,F,Maipú,S09,Web,7,3,0,30750,1,0,10,0,,0
VF109154,Basico,11,39,F,Viña del Mar,S11,Sucursal,0,0,0,20600,0,3,3,7,Poco uso,1
VF109155,Basico,54,37,M,Santiago,S01,App,3,0,0,19680,1,0,8,1,,0
VF109156,Basico,3,31,F,Vitacura,S07,Sucursal,1,0,1,20630,1,1,9,0,,0
VF109157,Full,35,25,F,Las Condes,S01,Sucursal,7,3,0,30340,1,1,9,0,Se cambió de gimnasio,1
VF109158,Basico,36,37,F,Concepción,S08,Sucursal,5,3,0,20410,0,1,7,0,,0
VF109159,Basico,15,35,F,Concepción,S11,Referido,9,3,0,19970,1,0,9,0,,0
VF109160,Full,20,36,M,La Florida,S01,Sucursal,9,2,0,30160,0,0,10,1,,0
VF109161,Full,16,30,M,Puente Alto,S12,Web,11,6,0,30970,0,1,4,0,,0
VF109162,Premium,3,29,M,San Miguel,S11,App,11,6,0,45740,1,0,10,1,,0
VF109163,Basico,8,16,M,Santiago,S06,Web,2,0,0,19450,0,0,6,1,,0
VF109164,Basico,15,37,M,Maipú,S07,Campaña RRSS,10,2,0,19100,0,2,4,0,,0
VF109165,Basico,22,16,F,Las Condes,S05,Web,0,0,1,19570,1,4,3,5,Se mudó,1
VF109166,Full,11,22,M,San Miguel,S07,App,6,4,1,29830,0,1,9,0,,0
VF109167,Basico,15,45,M,Ñuñoa,S01,App,1,0,0,20750,0,0,8,0,,0
VF109168,Premium,15,49,M,Providencia,S04,Sucursal,12,7,0,46350,1,0,6,1,,0
VF109169,Basico,6,51,M,Temuco,S08,Campaña RRSS,0,0,0,20660,1,0,5,2,Se mudó,1
VF109170,Full,11,22,M,Temuco,S12,Web,0,0,0,30360,1,3,4,3,Precio,1
VF109171,Basico,14,40,F,Vitacura,S07,Referido,1,0,0,19960,1,1,6,1,Poco uso,1
VF109172,Full,23,21,F,Santiago,S07,Web,6,2,1,30330,0,0,7,1,,0
VF109173,Full,10,26,M,Concepción,S07,Web,10,5,0,31680,1,1,8,0,,0
VF109174,Full,22,16,F,San Miguel,S02,Web,15,3,0,30500,1,0,9,0,,0
VF109175,Premium,29,41,M,Viña del Mar,S07,Campaña RRSS,10,2,2,44630,0,0,7,1,,0
VF109176,Basico,39,18,F,Maipú,S06,App,3,0,0,21070,1,0,8,0,,0
VF109177,Full,3,31,F,Puente Alto,S11,App,10,2,0,30830,0,1,10,0,,0
VF109178,Full,38,24,M,San Miguel,S12,App,5,3,0,31710,0,1,10,0,,0
VF109179,Premium,26,16,M,Santiago,S10,Referido,9,1,0,44390,1,0,9,0,,0
VF109180,Full,36,57,M,Maipú,S10,Referido,7,1,0,30450,1,1,6,0,,0
VF109181,Full,72,35,F,Viña del Mar,S11,App,3,1,0,29450,1,0,10,1,,0
VF109182,Premium,33,34,M,Santiago,S03,App,3,1,1,48650,0,0,8,0,,0
VF109183,Full,22,27,F,Santiago,S08,Web,8,3,0,31210,1,0,8,0,Se cambió de gimnasio,1
VF109184,Basico,18,37,M,La Florida,S01,App,1,0,0,19530,0,1,8,1,,0
VF109185,Basico,34,46,F,San Miguel,S11,Referido,0,0,0,19880,0,1,6,5,,0
VF109186,Premium,15,31,F,La Florida,S10,Web,9,5,0,45640,1,0,6,1,,0
VF109187,Basico,22,19,M,Providencia,S02,Sucursal,0,0,0,19620,1,0,10,6,,0
VF109188,Basico,18,31,M,Ñuñoa,S04,App,0,0,0,19820,1,1,7,6,Precio,1
VF109189,Basico,6,34,F,Las Condes,S07,Sucursal,8,3,1,20340,0,0,4,0,Salud,1
VF109190,Basico,34,24,M,Santiago,S07,Campaña RRSS,3,1,0,19160,0,0,9,1,,0
VF109191,Premium,25,38,M,Viña del Mar,S07,App,16,6,0,47810,0,0,10,0,,0
VF109192,Full,18,24,F,La Florida,S12,Web,8,4,2,30250,0,0,7,1,Mala atención,1
VF109193,Full,5,36,F,Providencia,S05,Web,9,4,0,29450,1,0,6,1,,0
VF109194,Basico,3,42,M,Providencia,S05,Web,3,0,0,19970,1,2,4,1,,0
VF109195,Premium,9,40,F,Puente Alto,S10,Campaña RRSS,12,4,2,46580,1,0,9,1,,0
VF109196,Basico,27,35,F,Maipú,S06,Web,6,3,0,20590,0,2,7,1,Se mudó,1
VF109197,Basico,14,34,F,Vitacura,S06,Sucursal,3,1,0,20620,1,0,9,1,,0
VF109198,Basico,19,30,M,Ñuñoa,S11,Referido,2,0,1,20690,0,1,4,1,Salud,1
VF109199,Basico,23,34,F,Puente Alto,S11,App,3,2,0,20450,0,0,6,1,,0
VF109200,Premium,15,22,F,Concepción,S06,Referido,4,1,0,45590,1,1,10,1,,0
VF109201,Full,10,16,M,Santiago,S03,Web,6,3,0,30000,0,0,9,1,,0
VF109202,Full,11,26,M,Las Condes,S07,Campaña RRSS,5,2,0,29310,0,0,5,1,,0
VF109203,Basico,33,35,M,Concepción,S02,Sucursal,0,0,0,19650,0,1,6,4,Se cambió de gimnasio,1
VF109204,Basico,59,44,M,Providencia,S08,Sucursal,0,0,1,19910,0,3,3,7,Poco uso,1
VF109205,Basico,15,45,F,La Florida,S04,Web,4,1,0,20950,0,0,4,0,,0
VF109206,Basico,46,40,M,Temuco,S05,App,5,1,0,19710,1,0,9,1,,0
VF109207,Premium,5,32,M,Maipú,S01,Web,9,5,1,44510,1,0,10,1,,0
VF109208,Basico,8,19,M,Vitacura,S11,Sucursal,6,3,0,20140,0,0,5,0,,0
VF109209,Premium,4,40,F,Maipú,S02,App,12,6,0,45690,1,1,9,1,,0
VF109210,Basico,9,26,M,Maipú,S11,Campaña RRSS,4,1,1,20550,0,1,5,1,Se cambió de gimnasio,1
VF109211,Basico,14,42,F,Temuco,S02,Sucursal,3,0,0,19890,1,1,7,0,,0
VF109212,Basico,45,42,F,Providencia,S07,Web,6,2,0,19390,0,0,8,0,,0
VF109213,Basico,47,30,F,Viña del Mar,S11,Referido,1,0,0,20470,0,1,8,0,,0
VF109214,Full,10,29,M,Ñuñoa,S08,Campaña RRSS,7,3,0,30260,0,1,8,0,,0
VF109215,Basico,37,28,M,La Florida,S02,Referido,4,2,1,20320,0,0,4,0,,0
VF109216,Basico,7,37,F,Vitacura,S08,Sucursal,3,1,2,19630,1,0,4,1,,0
VF109217,Full,4,44,M,Providencia,S11,Sucursal,6,2,0,30210,1,0,6,0,,0
VF109218,Full,5,53,F,Viña del Mar,S09,Sucursal,5,3,0,29820,1,0,10,1,,0
VF109219,Premium,33,38,M,San Miguel,S12,Sucursal,14,4,0,44180,0,0,8,0,,0
VF109220,Full,39,58,F,San Miguel,S11,App,5,3,1,31310,1,0,7,1,,0
VF109221,Basico,10,50,M,Santiago,S05,Web,7,3,0,19830,0,0,6,1,,0
VF109222,Basico,5,36,F,Maipú,S10,App,3,1,0,19070,1,0,7,1,Se mudó,1
VF109223,Basico,14,24,F,Vitacura,S04,Referido,6,2,1,19810,0,0,8,0,,0
VF109224,Basico,17,36,F,San Miguel,S09,Referido,4,2,0,20130,0,0,9,1,,0
VF109225,Full,16,16,M,Maipú,S06,Sucursal,5,1,0,29920,1,0,7,0,,0
VF109226,Full,8,39,M,Providencia,S07,App,6,3,2,30640,1,0,5,1,,0
VF109227,Basico,40,53,M,Santiago,S09,App,4,2,0,19690,0,0,7,0,,0
VF109228,Basico,6,43,F,Vitacura,S02,App,6,1,1,19130,0,0,8,1,,0
VF109229,Premium,31,41,M,Santiago,S02,App,8,1,0,45920,1,0,10,1,,0
VF109230,Premium,10,52,F,Viña del Mar,S07,Sucursal,8,4,1,45660,1,0,9,0,Salud,1
VF109231,Basico,56,20,M,Maipú,S08,Referido,5,3,0,19950,0,1,6,1,,0
VF109232,Basico,36,42,M,Temuco,S07,App,4,1,0,19960,1,0,8,0,,0
VF109233,Full,7,35,M,Las Condes,S04,Web,9,3,1,29270,1,0,6,0,Salud,1
VF109234,Basico,17,31,F,San Miguel,S05,Web,2,0,1,20250,0,0,9,0,,0
VF109235,Basico,8,18,F,Temuco,S10,Web,5,2,0,21060,1,0,5,0,,0
VF109236,Premium,2,49,M,Maipú,S12,Campaña RRSS,8,4,0,48220,1,0,7,1,Precio,1
VF109237,Full,12,35,F,Las Condes,S09,Sucursal,13,7,0,31550,0,0,8,0,,0
VF109238,Basico,15,46,F,Concepción,S02,Campaña RRSS,2,1,2,20980,0,0,10,0,,0
VF109239,Basico,8,24,M,Puente Alto,S04,Sucursal,4,1,0,19610,0,1,8,1,,0
VF109240,Basico,11,47,M,Ñuñoa,S07,Campaña RRSS,3,1,1,20260,0,1,5,1,,0
VF109241,Full,43,54,F,Concepción,S06,Web,9,2,0,29270,0,0,7,0,,0
VF109242,Basico,22,30,F,Maipú,S10,Campaña RRSS,0,0,0,19960,1,0,10,5,Salud,1
VF109243,Full,65,41,M,La Florida,S10,Web,4,2,1,30890,0,0,7,1,,0
VF109244,Full,50,45,F,Concepción,S02,Web,0,0,0,31360,1,0,8,5,Mala atención,1
VF109245,Full,7,29,F,Concepción,S05,App,7,2,0,29840,1,0,6,1,,0
VF109246,Full,28,34,M,San Miguel,S04,Sucursal,3,1,0,31270,1,0,5,1,Se mudó,1
VF109247,Premium,29,31,M,Ñuñoa,S08,Web,13,8,1,44530,1,0,6,0,Poco uso,1
VF109248,Full,9,34,M,Santiago,S07,App,7,4,0,29990,1,1,9,0,,0
VF109249,Basico,23,41,F,Providencia,S07,App,2,0,0,20870,1,2,6,1,,0
VF109250,Basico,9,51,F,Las Condes,S01,Web,4,1,1,21020,0,0,7,1,,0
VF109251,Premium,35,16,F,Maipú,S12,App,11,7,1,45370,1,0,3,0,,0
VF109252,Basico,3,36,M,Temuco,S09,Campaña RRSS,9,2,0,19530,1,0,7,1,Se cambió de gimnasio,1
VF109253,Premium,6,39,F,Las Condes,S12,App,11,7,0,48700,0,1,7,1,,0
VF109254,Full,17,32,M,Puente Alto,S07,Referido,1,0,1,29350,1,0,6,0,,0
VF109255,Full,9,44,F,Santiago,S03,App,11,6,0,29500,1,0,8,1,,0
VF109256,Basico,14,16,M,Maipú,S07,App,2,1,1,19770,1,0,9,0,Se mudó,1
VF109257,Basico,7,31,M,Concepción,S09,Web,0,0,0,20880,0,1,8,5,Poco uso,1
VF109258,Basico,31,44,M,Maipú,S10,Sucursal,2,0,0,19840,1,2,7,0,,0
VF109259,Basico,12,38,M,Ñuñoa,S06,Web,2,0,1,20710,1,2,8,1,Se mudó,1
VF109260,Full,29,23,M,Temuco,S03,Sucursal,10,3,0,29220,0,0,10,0,,0
VF109261,Basico,6,33,F,Ñuñoa,S11,Web,8,4,0,19870,0,0,10,1,,0
VF109262,Premium,44,25,F,Vitacura,S09,Campaña RRSS,5,1,2,44560,1,0,8,0,,0
VF109263,Full,31,33,M,Puente Alto,S02,Web,3,2,1,30300,1,0,10,0,,0
VF109264,Full,14,34,F,Concepción,S05,Sucursal,8,4,1,31030,1,0,7,0,,0
VF109265,Premium,6,48,M,Concepción,S10,Web,8,2,1,46470,1,0,5,1,,0
VF109266,Full,10,31,M,Las Condes,S08,Web,10,2,0,29060,1,0,10,1,,0
VF109267,Full,6,43,F,Providencia,S07,Referido,3,1,1,30290,1,1,7,0,,0
VF109268,Basico,21,18,M,La Florida,S03,Campaña RRSS,2,1,0,19490,0,0,10,1,,0
VF109269,Premium,30,42,F,Temuco,S05,Sucursal,8,3,0,47580,0,0,8,1,,0
VF109270,Basico,35,44,M,Las Condes,S04,Campaña RRSS,4,0,0,20100,0,0,8,0,,0
VF109271,Full,37,34,F,La Florida,S01,App,4,2,0,29200,0,0,4,1,,0
VF109272,Basico,21,42,M,Ñuñoa,S02,App,8,2,0,20610,0,0,10,1,,0
VF109273,Full,8,47,F,Puente Alto,S11,App,7,2,0,29580,1,1,6,1,Salud,1
VF109274,Full,8,37,F,Santiago,S02,Sucursal,10,5,0,30030,1,1,5,0,,0
VF109275,Premium,27,43,M,Temuco,S05,App,12,3,1,47840,1,0,10,0,Mala atención,1
VF109276,Full,9,36,M,Concepción,S07,Sucursal,3,1,0,30280,1,0,7,1,,0
VF109277,Full,20,50,F,Las Condes,S04,Campaña RRSS,8,5,0,30910,1,1,7,1,,0
VF109278,Full,29,41,M,Puente Alto,S09,Web,3,1,1,28820,0,0,8,0,,0
VF109279,Basico,8,37,F,Viña del Mar,S11,Referido,4,1,0,20430,0,0,8,0,,0
VF109280,Basico,7,29,F,Las Condes,S10,App,3,1,0,20320,1,0,8,0,,0
VF109281,Premium,8,28,F,Santiago,S01,Sucursal,8,5,0,45670,1,0,8,1,Se mudó,1
VF109282,Basico,14,35,F,Maipú,S12,Sucursal,4,2,0,19430,0,0,10,0,,0
VF109283,Full,20,33,M,Temuco,S08,Campaña RRSS,6,1,0,30890,1,0,9,0,,0
VF109284,Basico,9,32,M,Temuco,S04,Web,5,2,0,20060,0,0,9,0,,0
VF109285,Premium,39,33,F,Ñuñoa,S09,Web,9,6,1,45430,1,0,9,1,,0
VF109286,Basico,12,24,F,Vitacura,S12,App,7,3,0,20490,1,0,3,1,,0
VF109287,Basico,3,28,F,San Miguel,S02,Web,1,0,0,19230,0,2,6,1,,0
VF109288,Basico,34,49,M,Puente Alto,S08,Sucursal,4,1,0,20850,0,0,10,0,,0
VF109289,Basico,20,16,F,Concepción,S01,Web,3,1,0,20640,1,0,6,1,,0
VF109290,Full,37,16,M,Maipú,S10,App,4,1,1,29080,0,2,7,0,,0
VF109291,Full,25,46,F,Puente Alto,S04,Web,2,1,0,28880,1,0,3,0,,0
VF109292,Basico,12,37,M,Ñuñoa,S09,Web,2,1,1,20170,1,1,10,0,,0
VF109293,Basico,12,27,F,Puente Alto,S12,App,5,3,0,18590,0,0,6,0,,0
VF109294,Basico,17,43,M,Vitacura,S06,Campaña RRSS,5,2,1,19830,1,1,8,0,,0
VF109295,Basico,24,40,F,Viña del Mar,S06,Web,3,1,0,20620,0,1,6,1,,0
VF109296,Full,39,32,M,Viña del Mar,S06,Sucursal,0,0,0,30840,1,1,7,4,Poco uso,1
VF109297,Premium,34,50,M,Ñuñoa,S03,App,8,4,0,46990,1,2,6,0,,0
VF109298,Full,7,33,M,Viña del Mar,S08,Web,0,0,0,28370,1,2,6,4,Mala atención,1
VF109299,Full,13,47,F,Maipú,S10,Sucursal,2,1,0,29880,1,0,8,0,,0
VF109300,Basico,11,47,M,Las Condes,S09,Sucursal,4,1,0,21420,1,0,8,1,,0
VF109301,Basico,21,34,F,Providencia,S08,App,4,2,0,19790,0,0,6,1,,0
VF109302,Full,20,57,F,Santiago,S06,Sucursal,1,0,2,32150,1,2,3,0,Poco uso,1
VF109303,Premium,23,31,F,Vitacura,S12,Campaña RRSS,12,2,0,47600,1,0,9,1,,0
VF109304,Full,22,40,F,Viña del Mar,S03,Web,4,2,0,29420,1,0,7,0,,0
VF109305,Full,8,44,M,Providencia,S10,Sucursal,11,3,0,28950,0,0,8,1,,0
VF109306,Basico,18,21,M,Temuco,S06,Web,6,3,0,19440,0,0,6,0,,0
VF109307,Basico,15,31,M,Las Condes,S11,Referido,8,2,1,20820,0,0,3,0,,0
VF109308,Full,19,27,F,Ñuñoa,S10,Campaña RRSS,4,1,0,30320,1,0,9,0,,0
VF109309,Full,13,32,F,San Miguel,S02,App,11,7,0,29260,1,0,7,0,Precio,1
VF109310,Full,50,50,M,Providencia,S08,Web,7,1,1,29830,1,0,10,0,,0
VF109311,Basico,8,35,F,Providencia,S06,Web,1,0,1,20340,0,0,10,1,,0
VF109312,Basico,16,39,F,Las Condes,S06,Referido,4,2,0,18460,0,0,7,1,,0
VF109313,Full,14,30,M,Providencia,S04,App,4,2,1,28630,0,0,6,0,,0
VF109314,Full,8,29,F,Las Condes,S05,Web,12,2,0,29610,1,0,10,0,,0
VF109315,Full,14,42,M,Maipú,S10,Referido,9,6,0,29140,0,0,8,1,,0
VF109316,Full,24,50,F,Santiago,S10,Web,4,0,1,29790,0,1,9,1,,0
VF109317,Premium,44,38,M,La Florida,S07,App,16,10,0,46400,0,0,7,1,,0
VF109318,Basico,58,39,M,Temuco,S04,Referido,3,0,1,19750,0,0,10,0,,0
VF109319,Basico,9,38,M,Vitacura,S07,App,5,2,0,20010,0,1,9,0,,0
VF109320,Full,28,16,M,La Florida,S05,App,9,4,2,30270,1,1,7,0,,0
VF109321,Basico,4,34,F,Providencia,S05,App,7,3,0,19830,0,0,7,0,,0
VF109322,Premium,17,54,M,Santiago,S09,Campaña RRSS,9,5,0,45100,1,0,10,0,Poco uso,1
VF109323,Full,12,36,M,Concepción,S04,Referido,10,6,1,30710,1,1,9,1,Precio,1
VF109324,Basico,19,35,M,Concepción,S08,Campaña RRSS,6,2,0,20440,1,0,9,0,,0
VF109325,Premium,5,35,F,Vitacura,S03,Sucursal,3,1,0,46110,1,0,9,1,,0
VF109326,Full,42,35,M,Viña del Mar,S08,Referido,4,1,0,31170,1,0,10,0,,0
VF109327,Full,13,48,F,Temuco,S03,Campaña RRSS,4,2,1,30280,1,0,5,1,,0
VF109328,Basico,23,31,F,Las Condes,S11,Sucursal,4,1,0,20160,0,0,9,0,,0
VF109329,Basico,19,26,F,Ñuñoa,S02,Web,4,1,0,18960,0,0,9,1,,0
VF109330,Full,29,50,F,Puente Alto,S02,Campaña RRSS,10,6,1,30210,1,0,6,1,,0
VF109331,Basico,36,35,M,Temuco,S01,Sucursal,2,1,2,18960,1,0,7,1,,0
VF109332,Full,13,37,Otro,Concepción,S09,Campaña RRSS,7,3,1,28470,1,0,7,0,Poco uso,1
VF109333,Basico,18,48,M,Maipú,S10,Sucursal,1,0,1,20310,0,1,5,0,,0
VF109334,Basico,23,43,M,Puente Alto,S02,Web,1,0,0,19160,1,1,10,0,,0
VF109335,Full,10,45,F,Providencia,S11,Sucursal,6,1,0,29920,0,0,6,1,Se cambió de gimnasio,1
VF109336,Basico,23,39,M,San Miguel,S11,Web,0,0,0,20170,1,2,5,5,Mala atención,1
VF109337,Premium,33,24,M,Las Condes,S11,App,9,5,2,45190,1,1,9,1,,0
VF109338,Full,16,35,F,Vitacura,S11,Referido,5,2,0,30430,0,0,6,1,,0
VF109339,Full,16,32,F,Puente Alto,S05,Campaña RRSS,11,5,0,31880,1,1,5,0,Se mudó,1
VF109340,Basico,31,36,F,Providencia,S01,App,8,3,1,20680,0,0,8,1,,0
VF109341,Full,41,27,M,Maipú,S02,Web,6,2,0,29360,0,1,7,1,,0
VF109342,Full,11,48,Otro,Viña del Mar,S07,App,8,4,0,32140,1,0,10,1,,0
VF109343,Premium,15,43,F,Vitacura,S02,Sucursal,13,7,0,44400,0,1,9,0,,0
VF109344,Basico,24,16,F,Las Condes,S07,Campaña RRSS,4,2,0,19310,1,1,9,1,,0
VF109345,Basico,11,39,F,Puente Alto,S02,Sucursal,0,0,0,19880,0,0,10,4,Poco uso,1
VF109346,Premium,18,28,F,Viña del Mar,S08,Web,8,3,1,46750,1,0,8,1,,0
VF109347,Premium,11,43,F,Concepción,S09,Sucursal,6,1,0,46250,0,0,8,1,,0
VF109348,Full,20,49,M,Temuco,S09,Sucursal,7,3,0,29610,1,0,8,0,,0
VF109349,Basico,23,41,M,Concepción,S04,Sucursal,6,2,0,20760,0,1,5,1,,0
VF109350,Basico,10,34,M,Maipú,S03,Web,5,3,0,19970,0,1,8,0,,0
VF109351,Basico,14,39,M,La Florida,S10,Sucursal,5,2,0,19810,1,0,9,0,,0
VF109352,Basico,39,46,F,Ñuñoa,S02,Campaña RRSS,4,1,0,19560,0,0,5,1,,0
VF109353,Full,11,43,M,San Miguel,S11,Web,10,4,0,28900,1,0,7,1,,0
VF109354,Full,26,34,F,Providencia,S02,Sucursal,6,1,0,29260,0,1,6,0,,0
VF109355,Premium,8,36,M,Santiago,S06,Referido,13,6,1,48370,1,1,7,0,Se mudó,1
VF109356,Full,47,25,F,San Miguel,S02,Campaña RRSS,8,2,0,30440,0,0,5,1,,0
VF109357,Full,25,24,F,Viña del Mar,S01,Sucursal,11,7,0,31180,1,1,7,1,Precio,1
VF109358,Full,11,34,F,Puente Alto,S07,App,0,0,0,29090,1,1,7,4,Mala atención,1
VF109359,Basico,42,40,M,Temuco,S04,App,6,2,1,20570,0,0,7,1,,0
VF109360,Full,9,30,M,Maipú,S03,Web,7,4,1,30610,1,0,10,1,,0
VF109361,Premium,22,74,M,Puente Alto,S06,App,8,3,1,47700,1,1,10,0,,0
VF109362,Basico,13,39,F,Puente Alto,S04,App,3,1,0,19020,0,0,7,0,,0
VF109363,Full,18,34,M,Maipú,S01,Campaña RRSS,4,2,1,29950,1,1,6,1,Precio,1
VF109364,Full,14,19,M,Viña del Mar,S07,Web,3,1,0,28310,1,0,8,1,,0
VF109365,Basico,14,55,F,Las Condes,S05,Campaña RRSS,6,2,0,20440,1,0,8,1,,0
VF109366,Basico,18,16,F,Ñuñoa,S06,Web,0,0,1,20180,1,0,8,1,,0
VF109367,Premium,53,42,F,Puente Alto,S01,Sucursal,6,2,0,45340,0,1,4,1,,0
VF109368,Basico,11,49,F,Viña del Mar,S06,Web,3,1,0,19330,1,0,4,0,,0
VF109369,Basico,2,36,F,Maipú,S07,Sucursal,0,0,0,19930,0,1,3,7,Mala atención,1
VF109370,Full,41,29,M,La Florida,S11,Sucursal,10,2,0,30160,1,0,8,1,,0
VF109371,Premium,25,19,M,San Miguel,S06,Sucursal,7,3,0,47000,1,0,10,1,,0
VF109372,Basico,27,33,M,Las Condes,S07,App,7,4,0,20290,0,0,3,1,Se mudó,1
VF109373,Basico,29,21,F,Providencia,S11,Web,4,1,1,20620,1,0,9,0,,0
VF109374,Basico,14,45,F,La Florida,S08,Sucursal,2,1,0,19520,1,1,10,0,,0
VF109375,Basico,21,38,M,Vitacura,S02,Campaña RRSS,9,1,1,20630,1,0,9,1,,0
VF109376,Basico,56,47,M,Concepción,S05,App,1,0,1,19780,0,0,4,1,,0
VF109377,Full,24,35,M,Providencia,S04,App,1,0,0,31040,1,0,7,0,,0
VF109378,Full,9,26,F,San Miguel,S08,Web,4,2,0,29890,0,0,8,0,,0
VF109379,Basico,16,16,F,Santiago,S08,App,2,0,0,19450,1,2,10,1,,0
VF109380,Basico,12,39,M,Puente Alto,S05,Web,0,0,0,19840,1,3,5,6,Mala atención,1
VF109381,Basico,41,23,M,La Florida,S10,Web,5,1,1,19320,1,0,10,1,,0
VF109382,Basico,10,35,F,Viña del Mar,S02,Referido,1,0,0,20170,1,3,6,1,,0
VF109383,Basico,56,16,F,Las Condes,S06,Sucursal,5,1,0,20010,0,1,3,0,Salud,1
VF109384,Full,11,43,F,Santiago,S11,Web,6,3,0,30680,1,1,10,0,,0
VF109385,Basico,22,27,F,Santiago,S09,Campaña RRSS,6,3,0,20510,1,0,10,0,,0
VF109386,Full,21,42,F,Las Condes,S02,Web,2,0,0,27900,1,2,5,0,,0
VF109387,Basico,30,51,M,Santiago,S11,Referido,10,5,1,20000,0,0,8,0,,0
VF109388,Basico,10,33,M,Ñuñoa,S12,Referido,7,1,0,19710,1,0,10,0,,0
VF109389,Premium,21,26,M,Viña del Mar,S04,Sucursal,9,4,1,45410,0,0,7,1,,0
VF109390,Full,13,33,M,Las Condes,S09,App,6,3,1,31470,1,0,9,1,,0
VF109391,Basico,25,31,M,Santiago,S10,Web,3,1,1,20210,0,0,5,1,,0
VF109392,Full,68,48,M,Vitacura,S03,Campaña RRSS,11,2,1,29240,0,0,9,0,,0
VF109393,Premium,14,52,M,San Miguel,S06,Campaña RRSS,5,2,0,47680,1,0,8,0,,0
VF109394,Basico,7,41,M,Vitacura,S08,Referido,3,2,0,19310,1,0,10,1,Se cambió de gimnasio,1
VF109395,Full,32,32,M,Temuco,S11,Web,12,4,1,29720,1,2,10,1,,0
VF109396,Basico,21,53,F,Santiago,S02,App,0,0,0,21120,1,0,10,1,,0
VF109397,Premium,11,35,F,Santiago,S08,Referido,4,1,0,43880,0,0,8,0,,0
VF109398,Full,15,46,M,Providencia,S08,Web,8,3,0,29440,0,0,8,0,,0
VF109399,Premium,9,41,Otro,Temuco,S01,Campaña RRSS,11,5,0,47730,1,1,5,0,,0
VF109400,Full,3,55,F,Puente Alto,S01,Referido,9,2,0,29430,1,1,7,0,,0
VF109401,Full,10,24,F,San Miguel,S09,Campaña RRSS,6,1,0,30810,1,0,8,0,,0
VF109402,Premium,30,29,F,Puente Alto,S08,Sucursal,11,5,1,42680,1,2,7,0,,0
VF109403,Basico,15,29,F,Santiago,S03,App,3,1,0,21080,0,0,9,1,Poco uso,1
VF109404,Basico,17,44,F,Viña del Mar,S06,App,11,2,0,20130,1,0,10,0,,0
VF109405,Full,12,39,F,Vitacura,S11,Referido,1,0,0,30250,0,0,5,0,,0
VF109406,Full,33,37,M,Puente Alto,S09,Sucursal,8,3,0,29340,1,2,8,1,,0
VF109407,Basico,28,55,F,Viña del Mar,S12,Web,4,2,0,20220,0,2,10,1,,0
VF109408,Full,17,20,M,La Florida,S01,Sucursal,8,5,1,29500,1,0,7,0,,0
VF109409,Basico,84,37,M,Concepción,S06,Web,2,1,0,20350,1,1,6,1,,0
VF109410,Basico,29,25,F,Concepción,S04,Sucursal,0,0,0,19090,1,0,10,5,Se cambió de gimnasio,1
VF109411,Full,35,47,M,Viña del Mar,S12,Referido,12,5,0,30820,1,0,6,1,,0
VF109412,Basico,9,57,Otro,San Miguel,S10,Campaña RRSS,2,0,0,19310,1,0,6,1,,0
VF109413,Full,6,16,F,Las Condes,S12,Sucursal,2,0,0,31710,1,1,8,1,,0
VF109414,Premium,23,42,F,Puente Alto,S04,Sucursal,11,3,0,47000,1,1,7,0,,0
VF109415,Premium,20,34,F,San Miguel,S09,Sucursal,13,3,0,45080,0,1,1,1,Se cambió de gimnasio,1
VF109416,Basico,5,19,F,Concepción,S11,Referido,1,0,0,19760,0,2,2,0,,0
VF109417,Basico,44,38,M,Las Condes,S08,Campaña RRSS,2,0,1,20080,0,1,7,0,,0
VF109418,Full,2,23,F,Santiago,S03,Web,8,1,2,30620,1,0,9,0,Salud,1
VF109419,Full,15,39,M,Puente Alto,S03,App,7,2,0,30660,1,0,9,0,,0
VF109420,Full,4,39,F,Providencia,S06,Sucursal,12,7,0,30790,1,0,10,1,Salud,1
VF109421,Basico,35,32,F,Las Condes,S02,Sucursal,4,1,1,19420,1,1,6,0,Salud,1
VF109422,Basico,63,32,F,Maipú,S09,App,3,0,0,19650,1,0,7,0,,0
VF109423,Premium,16,31,F,Temuco,S02,Web,5,2,0,44650,1,0,10,0,,0
VF109424,Full,24,36,F,Ñuñoa,S02,Sucursal,3,0,0,29320,1,0,7,0,Poco uso,1
VF109425,Basico,16,32,M,Ñuñoa,S11,App,8,4,0,20070,0,0,10,1,,0
VF109426,Basico,45,35,F,Ñuñoa,S03,App,0,0,0,20020,0,1,7,4,,0
VF109427,Basico,11,39,M,Ñuñoa,S02,App,7,3,0,19860,1,0,8,0,,0
VF109428,Full,29,28,F,La Florida,S12,Referido,5,2,0,30430,1,0,10,1,,0
VF109429,Full,3,34,F,San Miguel,S08,App,5,3,3,30550,1,0,8,0,,0
VF109430,Full,17,42,Otro,Viña del Mar,S01,Referido,8,4,1,29970,1,1,6,0,,0
VF109431,Basico,42,34,Otro,Temuco,S05,App,1,0,0,19630,0,2,4,1,Se cambió de gimnasio,1
VF109432,Full,21,34,F,Temuco,S11,Campaña RRSS,9,3,1,30840,1,1,6,0,,0
VF109433,Full,40,44,M,Viña del Mar,S01,App,12,5,0,30130,1,0,7,0,,0
VF109434,Premium,15,36,F,Temuco,S11,Referido,7,3,1,45190,1,0,7,0,,0
VF109435,Premium,23,24,F,Las Condes,S09,Referido,8,3,0,44530,0,0,10,1,,0
VF109436,Basico,5,21,F,Ñuñoa,S09,Web,6,1,2,21650,1,0,3,1,Precio,1
VF109437,Basico,13,21,M,Maipú,S07,Referido,3,0,1,19790,1,0,7,1,Se cambió de gimnasio,1
VF109438,Basico,12,41,M,La Florida,S11,Sucursal,2,1,0,18970,0,0,8,1,,0
VF109439,Full,40,40,F,Puente Alto,S10,Sucursal,0,0,1,30140,0,0,5,6,Poco uso,1
VF109440,Premium,45,26,M,Ñuñoa,S02,Campaña RRSS,9,4,1,46790,1,1,6,0,,0
VF109441,Premium,30,38,F,Vitacura,S08,Sucursal,0,0,1,47770,1,1,5,3,Mala atención,1
VF109442,Full,7,31,F,Santiago,S02,App,6,2,1,29190,0,0,6,0,Se cambió de gimnasio,1
VF109443,Premium,9,16,M,Providencia,S08,Campaña RRSS,5,1,1,44230,1,0,6,0,,0
VF109444,Full,18,28,F,San Miguel,S04,App,5,2,1,29700,1,0,9,0,,0
VF109445,Basico,7,33,F,San Miguel,S10,Campaña RRSS,5,3,0,18620,0,0,9,0,,0
VF109446,Basico,15,39,Otro,La Florida,S12,Web,2,0,0,19130,0,0,5,0,,0
VF109447,Full,6,30,M,Maipú,S12,Campaña RRSS,5,1,0,29940,0,0,9,1,,0
VF109448,Premium,35,34,M,Puente Alto,S01,App,10,5,0,44150,1,0,10,0,,0
VF109449,Full,14,26,M,Temuco,S11,Web,8,1,0,30150,1,2,7,0,Se mudó,1
VF109450,Premium,12,30,F,Vitacura,S06,Sucursal,14,3,1,49920,0,0,10,1,Mala atención,1
VF109451,Full,10,43,F,Las Condes,S05,App,7,1,0,31240,1,1,9,1,,0
VF109452,Basico,8,27,F,Providencia,S11,Campaña RRSS,3,0,1,20380,0,0,8,1,,0
VF109453,Basico,22,43,M,Viña del Mar,S08,App,3,1,2,20340,1,0,8,0,,0
VF109454,Full,10,33,M,Temuco,S03,App,11,4,0,30090,1,0,7,0,,0
VF109455,Basico,9,50,M,San Miguel,S05,Campaña RRSS,5,1,1,20000,1,2,7,1,,0
VF109456,Premium,24,40,F,La Florida,S07,Sucursal,6,1,0,45860,1,0,3,0,,0
VF109457,Full,2,38,M,Santiago,S01,App,1,0,1,30150,1,1,4,1,Precio,1
VF109458,Basico,49,53,F,La Florida,S01,Sucursal,0,0,0,19730,0,2,7,3,,0
VF109459,Premium,15,42,F,Viña del Mar,S09,Web,11,6,0,47750,1,0,5,1,Mala atención,1
VF109460,Premium,17,21,F,Viña del Mar,S01,Referido,14,3,0,44210,1,0,8,1,Mala atención,1
VF109461,Basico,43,39,F,Santiago,S06,Web,3,1,0,20380,0,0,6,0,,0
VF109462,Premium,12,22,M,Vitacura,S03,Web,8,2,0,46290,1,0,8,0,,0
VF109463,Basico,14,46,M,Ñuñoa,S05,Sucursal,1,0,1,20080,0,1,10,1,,0
VF109464,Basico,13,31,M,Las Condes,S02,Referido,3,1,0,21060,1,2,5,0,,0
VF109465,Premium,26,34,F,Las Condes,S08,Web,9,2,1,44450,1,0,9,0,,0
VF109466,Full,9,33,M,Ñuñoa,S09,Web,9,4,0,29460,1,1,5,1,,0
VF109467,Basico,5,26,F,La Florida,S02,Referido,4,1,1,19280,1,0,10,0,,0
VF109468,Basico,12,16,F,Providencia,S01,Web,1,0,0,19340,1,0,7,0,,0
VF109469,Premium,20,39,M,Santiago,S02,Referido,10,2,1,44950,1,0,7,0,,0
VF109470,Basico,10,52,M,Vitacura,S04,Referido,0,0,0,20840,1,4,2,4,Precio,1
VF109471,Basico,15,26,F,Providencia,S09,App,2,1,0,20300,0,0,6,1,Poco uso,1
VF109472,Full,26,33,F,Concepción,S02,Sucursal,6,1,1,30870,1,0,10,1,,0
VF109473,Basico,36,19,F,Viña del Mar,S11,Sucursal,4,2,0,19830,1,1,6,0,,0
VF109474,Full,21,29,F,Viña del Mar,S10,Web,6,4,0,29870,1,0,3,0,,0
VF109475,Basico,8,40,F,La Florida,S10,App,0,0,0,19920,1,0,9,5,,0
VF109476,Full,7,43,F,La Florida,S06,Campaña RRSS,9,4,4,29200,1,0,9,0,Se mudó,1
VF109477,Basico,32,53,F,Temuco,S05,Web,1,0,0,19340,0,1,7,0,,0
VF109478,Basico,10,27,M,Temuco,S10,Campaña RRSS,5,3,1,20630,0,0,7,0,,0
VF109479,Basico,7,39,M,Ñuñoa,S04,Web,7,4,1,19710,0,0,9,1,,0
VF109480,Full,11,40,F,San Miguel,S03,Campaña RRSS,8,4,0,28080,0,0,8,0,,0
VF109481,Premium,4,35,M,Providencia,S07,Referido,8,5,0,45790,1,1,7,0,,0
VF109482,Full,9,31,M,Puente Alto,S07,App,7,4,0,30110,1,0,7,0,Se mudó,1
VF109483,Full,26,32,M,Santiago,S04,Web,11,5,1,30120,1,0,10,1,,0
VF109484,Premium,20,33,F,La Florida,S06,Sucursal,15,8,0,44640,1,1,4,0,Se mudó,1
VF109485,Full,41,25,F,Las Condes,S08,App,3,0,1,29610,1,0,6,0,,0
VF109486,Premium,20,37,F,Santiago,S06,App,16,9,0,43880,1,0,10,1,,0
VF109487,Full,9,35,F,Viña del Mar,S05,Sucursal,4,1,2,30900,1,1,6,0,,0
VF109488,Full,52,52,F,Viña del Mar,S05,Referido,5,3,1,28700,1,0,6,1,,0
VF109489,Basico,9,35,Otro,Vitacura,S10,Campaña RRSS,4,2,0,20190,0,2,7,0,,0
VF109490,Basico,16,38,F,Temuco,S07,Sucursal,6,3,0,20960,0,0,5,1,Se mudó,1
VF109491,Basico,8,39,F,Las Condes,S05,Sucursal,1,0,1,20080,1,1,7,0,Mala atención,1
VF109492,Full,4,21,F,San Miguel,S01,Web,6,3,0,29330,0,0,5,0,,0
VF109493,Basico,31,62,M,Maipú,S03,Referido,4,2,2,19780,1,0,8,1,,0
VF109494,Basico,21,36,M,Vitacura,S07,Web,2,1,0,20460,1,1,8,0,,0
VF109495,Basico,25,57,M,Viña del Mar,S06,Sucursal,5,1,0,19480,0,0,9,0,,0
VF109496,Basico,9,24,M,Las Condes,S11,App,3,1,0,20010,0,0,6,1,,0
VF109497,Basico,12,20,M,Concepción,S03,Sucursal,1,0,0,21170,0,3,2,1,,0
VF109498,Basico,27,35,M,Puente Alto,S06,Web,4,1,1,20040,0,2,9,1,,0
VF109499,Basico,4,18,Otro,Providencia,S05,Web,12,6,1,20200,1,0,4,1,,0
VF109500,Basico,11,25,F,Concepción,S04,Referido,4,2,0,19890,0,0,8,0,Precio,1
VF109501,Basico,46,23,F,San Miguel,S12,Campaña RRSS,7,4,0,19990,1,0,5,0,,0
VF109502,Premium,22,16,F,Las Condes,S01,App,15,10,0,45650,0,0,6,0,,0
VF109503,Basico,12,52,M,La Florida,S03,Campaña RRSS,7,1,1,20360,1,0,10,0,,0
VF109504,Basico,13,27,F,Las Condes,S03,Sucursal,1,0,0,19720,1,3,5,0,,0
VF109505,Basico,35,31,M,Puente Alto,S11,Referido,0,0,0,20120,1,0,4,4,Poco uso,1
VF109506,Full,12,27,F,Vitacura,S07,Sucursal,5,1,1,31320,0,0,9,1,,0
VF109507,Basico,25,30,M,Concepción,S10,Campaña RRSS,6,3,2,20120,1,0,8,0,,0
VF109508,Basico,26,23,F,Temuco,S05,Campaña RRSS,3,1,1,20380,0,1,8,0,,0
VF109509,Premium,12,36,M,Providencia,S10,Referido,5,1,0,47470,1,0,7,1,,0
VF109510,Full,12,35,F,Santiago,S04,Web,8,2,0,29860,1,0,6,1,Se mudó,1
VF109511,Basico,10,19,M,Maipú,S01,Web,2,1,0,20760,1,1,7,0,,0
VF109512,Basico,17,24,Otro,La Florida,S11,App,1,0,0,20380,0,3,3,0,,0
VF109513,Basico,21,53,M,Santiago,S03,Web,4,0,1,19530,1,0,7,0,,0
VF109514,Basico,15,35,M,Ñuñoa,S01,Sucursal,3,1,0,19700,0,0,9,1,,0
VF109515,Full,6,43,F,Ñuñoa,S11,Referido,11,3,1,31240,1,1,5,1,,0
VF109516,Basico,4,42,M,Maipú,S10,Referido,5,2,1,20870,1,0,10,0,,0
VF109517,Basico,5,47,F,San Miguel,S11,Campaña RRSS,4,1,1,20060,1,1,10,0,Salud,1
VF109518,Basico,34,16,M,Viña del Mar,S12,Campaña RRSS,3,1,0,20010,1,0,10,1,,0
VF109519,Full,9,34,M,Concepción,S06,Web,7,3,1,30820,1,0,10,1,,0
VF109520,Full,21,35,M,Temuco,S02,App,8,2,0,29950,0,1,7,0,,0
VF109521,Basico,29,28,M,Concepción,S04,Web,5,2,3,20290,1,0,7,1,,0
VF109522,Basico,7,24,M,Maipú,S06,App,1,0,0,20400,0,0,9,0,,0
VF109523,Basico,4,41,M,Ñuñoa,S01,Campaña RRSS,6,3,0,19560,0,0,8,1,,0
VF109524,Basico,11,43,F,Providencia,S03,Web,2,1,3,19560,0,1,3,1,,0
VF109525,Premium,21,40,M,Temuco,S06,App,12,7,0,46770,1,0,7,1,,0
VF109526,Basico,40,44,F,Temuco,S04,Referido,3,1,0,20930,0,1,3,0,,0
VF109527,Basico,25,44,F,Temuco,S08,Web,7,4,0,20760,0,1,6,1,,0
VF109528,Full,2,45,F,Las Condes,S04,Web,9,5,1,31190,1,1,5,0,,0
VF109529,Full,12,36,F,Maipú,S12,Referido,4,1,0,29760,1,0,7,1,,0
VF109530,Basico,23,35,M,Santiago,S05,App,0,0,2,20270,0,2,5,5,Poco uso,1
VF109531,Basico,16,50,M,Puente Alto,S11,Referido,5,2,1,20380,1,0,8,1,,0
VF109532,Basico,37,34,M,Puente Alto,S02,Referido,3,0,1,19350,1,0,6,1,,0
VF109533,Premium,24,16,M,San Miguel,S05,App,11,2,0,45230,1,2,6,1,Mala atención,1
VF109534,Premium,44,51,F,Temuco,S11,Referido,4,1,0,47460,0,0,10,0,Mala atención,1
VF109535,Basico,17,20,M,San Miguel,S01,Web,0,0,1,20770,0,2,5,6,Salud,1
VF109536,Basico,12,34,M,Maipú,S03,Web,5,3,0,20050,1,2,5,1,,0
VF109537,Premium,14,34,F,Viña del Mar,S09,Web,10,3,0,44980,1,0,8,0,,0
VF109538,Basico,5,31,M,La Florida,S03,Sucursal,4,2,1,20200,0,0,8,0,,0
VF109539,Full,7,43,F,Maipú,S03,Web,7,4,0,31020,0,0,7,1,,0
VF109540,Full,52,30,F,Viña del Mar,S03,Referido,5,1,0,30470,1,0,10,1,,0
VF109541,Basico,23,37,F,Santiago,S04,Sucursal,6,1,1,19710,1,0,4,0,Precio,1
VF109542,Full,29,34,F,Puente Alto,S06,Web,6,1,0,29820,1,0,7,0,,0
VF109543,Full,20,52,F,Santiago,S02,App,7,1,1,30740,1,1,4,0,,0
VF109544,Basico,8,18,F,Puente Alto,S07,Campaña RRSS,6,2,1,20080,0,0,7,1,,0
VF109545,Full,14,39,F,Providencia,S03,App,9,4,3,30890,0,0,5,0,,0
VF109546,Full,43,30,Otro,San Miguel,S02,Web,11,5,0,31790,1,0,10,0,,0
VF109547,Basico,12,30,F,Temuco,S03,Web,5,1,0,19530,1,0,8,1,Precio,1
VF109548,Basico,3,47,M,Las Condes,S07,Campaña RRSS,1,0,0,19960,1,0,10,0,,0
VF109549,Premium,26,38,F,Maipú,S07,Campaña RRSS,3,2,0,49570,1,0,10,1,,0
VF109550,Premium,22,39,F,Santiago,S01,App,12,5,0,44350,1,0,9,0,Poco uso,1
VF109551,Full,13,43,M,Maipú,S05,App,10,6,1,30980,1,2,10,0,,0
VF109552,Full,15,17,F,San Miguel,S03,Web,9,3,0,31650,1,0,10,0,,0
VF109553,Full,6,41,F,Viña del Mar,S05,Web,9,2,0,30390,1,0,6,0,,0
VF109554,Basico,17,39,M,Las Condes,S07,Referido,4,1,0,19510,0,0,9,0,,0
VF109555,Basico,36,27,F,Maipú,S11,App,0,0,0,20610,0,2,9,3,,0
VF109556,Basico,21,37,M,Concepción,S04,Web,0,0,1,20530,1,0,7,3,Precio,1
VF109557,Basico,60,38,F,Santiago,S11,App,6,2,0,20620,0,0,8,0,,0
VF109558,Premium,11,30,M,Concepción,S08,App,9,5,1,44320,1,0,6,1,,0
VF109559,Full,11,38,M,Temuco,S09,Sucursal,6,3,0,28750,1,0,10,0,,0
VF109560,Basico,40,29,M,Temuco,S11,App,3,1,2,19390,1,0,6,1,,0
VF109561,Basico,29,34,M,Vitacura,S05,App,5,2,0,20100,1,0,6,0,,0
VF109562,Full,18,19,M,Providencia,S12,Campaña RRSS,1,0,0,31100,1,1,8,0,Poco uso,1
VF109563,Full,32,47,F,La Florida,S04,Campaña RRSS,8,2,1,29460,0,0,8,1,,0
VF109564,Full,11,33,F,Concepción,S11,Web,6,1,0,31870,0,0,3,0,Salud,1
VF109565,Full,10,46,F,Providencia,S05,App,3,1,2,30970,0,0,10,1,,0
VF109566,Full,8,27,M,Viña del Mar,S12,Referido,2,0,0,29290,1,0,8,0,,0
VF109567,Basico,14,38,F,Maipú,S11,Web,5,2,0,20360,0,0,9,1,,0
VF109568,Basico,13,37,M,Viña del Mar,S06,Web,2,0,1,19300,1,2,3,0,Precio,1
VF109569,Basico,3,23,M,Viña del Mar,S05,Sucursal,0,0,1,19270,1,2,5,3,Mala atención,1
VF109570,Basico,35,43,M,Santiago,S05,Web,1,0,0,19560,1,1,9,1,,0
VF109571,Full,24,49,F,San Miguel,S05,Referido,2,1,1,27670,0,1,3,1,Se cambió de gimnasio,1
VF109572,Full,35,36,M,Temuco,S02,App,5,3,0,30020,1,1,5,0,,0
VF109573,Basico,24,36,F,Providencia,S11,Sucursal,5,3,0,19970,0,0,9,1,,0
VF109574,Full,25,16,F,Concepción,S10,Referido,6,2,0,29830,1,0,7,1,,0
VF109575,Basico,13,24,F,Puente Alto,S01,Referido,3,0,0,20160,1,0,6,1,,0
VF109576,Full,7,38,M,Providencia,S04,App,2,1,0,30410,0,3,5,1,Poco uso,1
VF109577,Premium,5,47,M,Las Condes,S12,App,9,4,1,45810,0,1,5,1,,0
VF109578,Premium,26,61,M,Vitacura,S11,App,11,3,1,44380,1,0,7,1,,0
VF109579,Full,21,35,F,La Florida,S08,App,4,1,0,31420,0,0,5,1,,0
VF109580,Full,20,36,M,Concepción,S09,Referido,6,1,0,29780,1,1,9,1,,0
VF109581,Full,23,40,M,Puente Alto,S05,Web,12,6,0,28820,1,0,9,1,Se cambió de gimnasio,1
VF109582,Full,5,38,M,Providencia,S06,App,0,0,1,30190,0,0,8,7,,0
VF109583,Basico,9,57,M,Maipú,S06,Web,4,2,1,19300,1,1,6,0,Precio,1
VF109584,Full,10,16,F,Santiago,S02,App,11,5,1,29450,0,0,6,0,,0
VF109585,Full,15,23,M,Ñuñoa,S08,App,11,4,1,30640,1,0,8,0,,0
VF109586,Full,34,51,M,Vitacura,S01,App,2,1,0,28660,0,2,8,1,Salud,1
VF109587,Basico,41,45,F,San Miguel,S04,Campaña RRSS,3,1,0,19900,0,0,9,1,,0
VF109588,Full,18,18,F,Puente Alto,S07,Referido,7,4,0,29620,1,0,7,1,,0
VF109589,Full,66,35,F,Puente Alto,S07,App,8,5,1,30490,1,0,5,1,,0
VF109590,Full,16,39,F,Santiago,S07,Web,5,1,1,29440,0,0,4,0,Se mudó,1
VF109591,Full,44,47,M,Puente Alto,S06,Sucursal,7,2,0,30650,0,0,7,1,,0
VF109592,Full,18,29,F,Las Condes,S09,Web,10,3,1,30240,1,1,10,1,,0
VF109593,Basico,22,33,M,La Florida,S05,Web,9,5,1,20130,1,1,10,1,Precio,1
VF109594,Full,20,32,M,Vitacura,S07,Web,7,4,1,29600,1,3,5,0,,0
VF109595,Basico,27,55,Otro,Providencia,S04,Web,3,1,0,20330,0,0,6,1,,0
VF109596,Premium,14,39,F,Maipú,S01,Web,12,8,0,45730,1,1,2,0,,0
VF109597,Basico,20,53,F,Temuco,S02,App,2,0,0,18840,0,3,3,1,,0
VF109598,Full,49,28,M,Ñuñoa,S09,Web,3,1,0,29690,1,0,8,1,,0
VF109599,Full,35,48,M,Santiago,S10,Web,17,4,0,28770,0,1,7,1,,0
VF109600,Full,8,35,M,Santiago,S06,App,5,2,0,29630,1,0,10,0,,0
VF109601,Basico,17,40,F,Providencia,S08,Referido,2,1,0,20300,1,1,6,0,,0
VF109602,Full,21,32,F,Temuco,S05,App,11,5,0,29710,0,0,9,0,,0
VF109603,Basico,14,35,M,Viña del Mar,S10,App,3,0,0,20030,0,0,6,1,,0
VF109604,Full,9,22,M,San Miguel,S07,Sucursal,4,2,1,29010,1,1,9,1,Salud,1
VF109605,Basico,36,44,M,Vitacura,S12,Referido,3,1,0,20460,0,0,10,1,Se mudó,1
VF109606,Basico,64,18,M,Maipú,S08,Sucursal,2,0,1,20390,0,2,2,0,,0
VF109607,Basico,13,16,F,La Florida,S07,Campaña RRSS,7,3,0,18790,1,1,8,0,,0
VF109608,Full,12,39,M,La Florida,S02,Referido,4,2,0,30110,1,1,8,1,,0
VF109609,Full,3,56,M,Concepción,S10,App,7,2,0,29230,0,0,9,0,Se cambió de gimnasio,1
VF109610,Basico,11,31,M,Temuco,S01,Web,8,4,0,20080,0,0,8,1,,0
VF109611,Full,35,26,M,Viña del Mar,S01,Sucursal,10,2,1,29500,1,0,7,0,,0
VF109612,Full,34,16,F,La Florida,S09,Campaña RRSS,6,2,1,29040,1,0,10,1,,0
VF109613,Full,5,45,F,San Miguel,S08,Campaña RRSS,5,2,0,30590,0,0,9,1,,0
VF109614,Basico,2,50,F,Providencia,S11,App,0,0,1,20850,0,2,8,7,Se cambió de gimnasio,1
VF109615,Full,7,41,M,Puente Alto,S11,Campaña RRSS,4,1,0,28820,1,0,10,0,Mala atención,1
VF109616,Full,15,45,M,La Florida,S11,Sucursal,8,4,0,30720,1,1,4,1,,0
VF109617,Basico,35,17,F,Vitacura,S11,App,0,0,1,21400,0,0,7,3,,0
VF109618,Full,24,42,F,San Miguel,S12,Referido,9,4,0,29720,0,0,7,0,,0
VF109619,Full,30,27,F,Ñuñoa,S12,App,7,3,0,30070,1,1,7,1,Precio,1
VF109620,Full,21,32,F,San Miguel,S02,Web,8,2,0,30440,1,0,10,1,,0
VF109621,Basico,45,41,M,Puente Alto,S12,Campaña RRSS,3,1,0,21030,1,0,7,1,,0
VF109622,Premium,26,32,F,Viña del Mar,S09,App,8,3,0,43270,1,1,8,0,,0
VF109623,Basico,5,24,M,Las Condes,S12,Sucursal,0,0,0,18730,1,0,9,4,Se mudó,1
VF109624,Full,9,58,M,Temuco,S01,Referido,14,4,0,28650,1,1,7,1,,0
VF109625,Basico,9,48,F,Santiago,S11,App,8,2,0,20080,1,1,10,1,,0
VF109626,Premium,41,27,M,Viña del Mar,S03,Sucursal,6,3,2,45260,0,1,4,1,Poco uso,1
VF109627,Basico,22,44,M,Providencia,S09,Campaña RRSS,4,1,0,19700,0,0,9,0,,0
VF109628,Full,62,38,M,Las Condes,S01,Web,1,0,1,29880,1,0,6,0,,0
VF109629,Full,24,37,M,Puente Alto,S04,Campaña RRSS,2,0,1,31150,0,0,8,1,,0
VF109630,Basico,34,35,F,Las Condes,S05,Sucursal,2,0,0,21210,1,2,8,1,,0
VF109631,Full,32,16,F,San Miguel,S03,App,6,3,0,29300,1,1,9,0,Precio,1
VF109632,Basico,12,26,M,Providencia,S04,Web,5,2,1,20160,1,0,5,0,Mala atención,1
VF109633,Basico,21,42,F,Las Condes,S07,Campaña RRSS,3,1,0,19740,0,0,9,0,Poco uso,1
VF109634,Basico,24,39,F,Temuco,S01,Web,2,0,0,19790,1,1,6,1,Precio,1
VF109635,Basico,9,40,M,Vitacura,S02,Referido,7,3,2,19480,1,0,6,0,,0
VF109636,Full,42,26,F,Santiago,S09,App,7,4,1,31230,1,0,10,0,,0
VF109637,Basico,15,41,F,Maipú,S10,Campaña RRSS,7,2,0,19690,0,0,6,0,,0
VF109638,Premium,29,23,M,Temuco,S04,Referido,11,2,0,45870,1,0,10,1,,0
VF109639,Basico,29,41,M,La Florida,S03,Sucursal,3,1,2,20300,1,0,10,0,,0
VF109640,Full,32,28,M,Maipú,S07,Referido,9,4,0,29890,1,0,7,0,,0
VF109641,Basico,9,46,M,La Florida,S07,Referido,8,5,0,20250,0,0,4,0,,0
VF109642,Basico,19,41,M,Temuco,S08,Web,2,0,2,20450,0,1,7,1,Salud,1
VF109643,Basico,22,26,M,Las Condes,S03,Web,7,4,0,20400,1,0,10,1,,0
VF109644,Basico,22,31,F,Temuco,S01,Sucursal,1,0,0,19490,0,1,9,0,Salud,1
VF109645,Full,4,47,M,Santiago,S03,Referido,12,4,0,29290,1,0,8,1,,0
VF109646,Basico,14,44,M,Temuco,S10,Referido,7,2,0,19550,1,0,10,0,,0
VF109647,Premium,27,16,F,Las Condes,S09,App,11,5,0,46280,0,0,5,0,,0
VF109648,Basico,9,39,M,Vitacura,S08,App,5,1,0,20150,0,0,7,0,Se cambió de gimnasio,1
VF109649,Basico,22,42,M,La Florida,S01,Web,2,0,0,19930,0,4,5,0,Se mudó,1
VF109650,Premium,34,16,Otro,Santiago,S02,Web,8,3,0,45470,0,0,5,0,,0
VF109651,Basico,34,31,M,Puente Alto,S09,App,1,0,0,21260,0,2,9,0,,0
VF109652,Basico,14,32,M,Maipú,S02,Sucursal,0,0,0,20050,1,2,3,3,,0
VF109653,Full,38,32,M,Viña del Mar,S06,App,1,0,0,30080,1,1,8,1,Precio,1
VF109654,Full,3,48,F,La Florida,S02,Web,8,3,1,30590,1,0,8,0,,0
VF109655,Full,4,31,M,Vitacura,S07,App,6,3,0,29450,0,0,9,1,,0
VF109656,Full,25,35,M,La Florida,S05,Referido,4,2,0,28810,1,0,5,0,,0
VF109657,Full,19,28,F,San Miguel,S08,Web,11,7,0,30320,1,0,10,0,,0
VF109658,Basico,12,29,F,Puente Alto,S02,Sucursal,6,3,0,18750,0,0,10,0,,0
VF109659,Full,17,29,F,Concepción,S05,Web,7,4,0,28610,1,0,5,0,,0
VF109660,Basico,23,32,F,Temuco,S05,Sucursal,2,1,1,19730,1,2,5,0,,0
VF109661,Full,29,41,F,San Miguel,S06,Web,1,0,1,30310,1,3,7,0,Mala atención,1
VF109662,Full,12,58,F,Concepción,S05,Sucursal,8,3,0,29420,1,0,6,0,Salud,1
VF109663,Premium,11,60,M,Puente Alto,S05,Web,9,3,0,48440,0,0,6,1,Se cambió de gimnasio,1
VF109664,Basico,13,27,M,Concepción,S11,Web,5,1,0,19670,1,0,9,0,,0
VF109665,Full,17,32,F,Maipú,S09,Campaña RRSS,6,1,0,30880,0,0,9,0,,0
VF109666,Basico,5,16,M,Vitacura,S08,Sucursal,2,0,0,20900,1,2,9,1,,0
VF109667,Basico,15,16,M,San Miguel,S08,Campaña RRSS,4,2,2,19850,0,0,8,0,,0
VF109668,Basico,9,33,F,Temuco,S10,Web,1,0,1,19720,0,0,7,1,,0
VF109669,Basico,6,37,F,San Miguel,S05,App,3,0,1,20450,0,0,6,1,Se mudó,1
VF109670,Full,14,46,M,Vitacura,S04,App,3,0,0,31290,1,2,3,0,Mala atención,1
VF109671,Full,12,48,F,Providencia,S12,App,1,0,0,29340,1,3,6,0,Poco uso,1
VF109672,Full,14,36,F,San Miguel,S08,Referido,8,4,1,31730,1,0,8,0,Salud,1
VF109673,Premium,9,39,F,Concepción,S07,Referido,8,3,0,47550,1,1,8,1,Precio,1
VF109674,Full,21,52,M,Vitacura,S10,Sucursal,11,4,2,29530,1,0,8,0,,0
VF109675,Full,30,27,M,San Miguel,S07,Sucursal,6,3,1,29310,1,0,7,0,,0
VF109676,Full,19,22,F,Temuco,S12,App,7,4,0,30660,1,0,6,0,Se mudó,1
VF109677,Premium,15,32,M,La Florida,S12,Sucursal,7,2,0,46030,1,0,7,0,,0
VF109678,Premium,9,16,F,Maipú,S04,Campaña RRSS,8,1,0,45150,1,0,8,0,,0
VF109679,Full,14,16,F,Las Condes,S10,Campaña RRSS,10,5,0,30550,1,0,10,0,,0
VF109680,Full,18,66,F,Ñuñoa,S06,Sucursal,8,5,0,29950,0,0,10,1,Se mudó,1
VF109681,Full,31,29,M,Ñuñoa,S02,Sucursal,7,2,0,29740,1,1,5,1,,0
VF109682,Basico,18,49,M,Santiago,S01,Campaña RRSS,5,1,0,20140,0,0,9,0,,0
VF109683,Basico,2,31,M,La Florida,S03,Web,3,1,0,20020,0,0,5,1,,0
VF109684,Basico,7,48,F,San Miguel,S09,Referido,5,2,0,20290,0,0,8,1,,0
VF109685,Basico,34,36,F,Temuco,S06,Referido,2,0,0,20050,0,0,6,1,,0
VF109686,Basico,9,61,M,Las Condes,S08,Web,5,1,1,19710,1,0,10,1,,0
VF109687,Basico,75,32,M,Viña del Mar,S01,App,4,2,2,18940,0,0,9,1,,0
VF109688,Full,13,39,F,Maipú,S05,Web,10,2,0,30160,1,1,7,0,,0
VF109689,Premium,33,35,M,La Florida,S07,Referido,10,6,0,43400,1,0,9,1,,0
VF109690,Full,14,66,F,San Miguel,S11,Web,9,3,0,30910,0,1,8,0,,0
VF109691,Full,28,35,M,San Miguel,S02,Referido,8,1,0,29960,0,0,8,0,,0
VF109692,Premium,3,50,F,Ñuñoa,S06,Web,19,8,0,45900,0,0,6,0,,0
VF109693,Basico,15,48,F,Vitacura,S02,Sucursal,11,7,1,20180,1,0,10,1,,0
VF109694,Basico,14,34,M,Viña del Mar,S03,Web,0,0,0,20140,1,0,9,7,,0
VF109695,Basico,10,35,F,Viña del Mar,S11,Campaña RRSS,1,0,1,18400,0,1,6,0,Mala atención,1
VF109696,Full,15,22,M,Viña del Mar,S10,Sucursal,7,3,0,30280,1,0,7,0,,0
VF109697,Full,24,20,M,La Florida,S03,Web,6,1,0,30370,1,0,6,0,,0
VF109698,Premium,25,18,M,Viña del Mar,S04,Sucursal,10,5,0,45670,0,0,8,1,Poco uso,1
VF109699,Basico,10,24,F,Maipú,S01,Sucursal,0,0,0,20290,0,0,10,3,,0
VF109700,Premium,13,41,F,Ñuñoa,S05,App,2,1,0,49390,1,0,9,1,Salud,1
VF109701,Full,25,28,F,San Miguel,S10,Sucursal,6,2,1,30030,1,0,8,1,,0
VF109702,Full,35,42,M,Providencia,S05,Web,3,1,1,30070,1,0,7,1,Mala atención,1
VF109703,Premium,13,23,M,San Miguel,S08,Referido,9,4,1,49120,0,0,6,1,,0
VF109704,Full,10,32,F,Las Condes,S06,Sucursal,5,1,0,29330,1,0,10,1,,0
VF109705,Basico,16,31,F,La Florida,S01,Campaña RRSS,2,1,0,20150,1,0,5,1,,0
VF109706,Basico,13,39,M,Ñuñoa,S01,Referido,0,0,0,20300,0,0,9,5,Se mudó,1
VF109707,Full,9,20,M,Santiago,S12,Sucursal,11,4,2,30080,1,1,8,0,,0
VF109708,Full,12,44,M,Santiago,S12,Campaña RRSS,11,5,1,30180,1,0,9,0,,0
VF109709,Basico,15,34,F,Viña del Mar,S05,Campaña RRSS,1,0,0,19750,0,1,7,1,,0
VF109710,Basico,35,24,F,La Florida,S09,App,7,2,0,19330,1,0,9,1,,0
VF109711,Basico,25,25,F,Santiago,S02,Referido,1,0,1,19670,0,1,8,0,,0
VF109712,Premium,27,43,M,Santiago,S06,Web,6,3,1,44210,1,0,7,1,,0
VF109713,Basico,24,30,F,Viña del Mar,S12,Sucursal,6,2,1,19940,1,1,4,1,,0
VF109714,Full,35,16,F,Viña del Mar,S09,Referido,4,2,1,30030,0,0,7,0,,0
VF109715,Basico,34,26,F,La Florida,S01,Web,5,3,0,20440,0,0,8,1,,0
VF109716,Full,10,36,F,Providencia,S06,Web,10,3,1,30430,1,0,9,0,,0
VF109717,Basico,15,20,F,Temuco,S12,Web,0,0,0,20180,1,4,5,1,Poco uso,1
VF109718,Basico,18,22,M,Ñuñoa,S07,App,0,0,0,20430,1,0,9,4,Mala atención,1
VF109719,Basico,23,16,F,San Miguel,S08,Campaña RRSS,2,1,0,19400,0,0,5,0,,0
VF109720,Full,14,30,F,San Miguel,S12,Campaña RRSS,5,2,2,31440,1,0,5,1,,0
VF109721,Basico,28,19,M,Santiago,S02,Web,1,0,0,19900,0,1,6,1,Se mudó,1
VF109722,Basico,3,43,F,Vitacura,S01,App,3,1,1,19950,1,0,10,1,Precio,1
VF109723,Full,21,35,F,Viña del Mar,S12,Campaña RRSS,11,4,0,30560,1,1,7,0,,0
VF109724,Full,28,41,F,Las Condes,S03,Web,6,3,0,30630,1,0,7,0,,0
VF109725,Full,11,51,M,Maipú,S05,App,11,2,1,30970,1,0,9,0,,0
VF109726,Premium,16,30,F,Las Condes,S01,Web,8,2,0,45690,1,0,7,0,,0
VF109727,Basico,19,33,M,Ñuñoa,S12,Campaña RRSS,8,2,0,20820,1,0,5,1,,0
VF109728,Basico,17,27,M,Las Condes,S12,Referido,3,0,0,19570,0,2,5,0,,0
VF109729,Full,17,28,F,Santiago,S10,Sucursal,7,4,0,29970,0,0,9,0,,0
VF109730,Basico,38,37,F,Concepción,S06,Campaña RRSS,3,0,1,18520,0,0,3,0,,0
VF109731,Full,36,24,M,Viña del Mar,S10,Referido,8,2,0,30390,1,0,9,1,,0
VF109732,Basico,15,28,F,Puente Alto,S02,Campaña RRSS,4,1,1,20910,1,0,9,0,,0
VF109733,Basico,13,34,F,La Florida,S01,Campaña RRSS,4,2,0,20370,1,0,7,1,Se mudó,1
VF109734,Basico,12,25,F,Vitacura,S04,Web,1,0,0,20390,1,0,8,0,,0
VF109735,Premium,11,41,F,Puente Alto,S02,App,14,9,0,44220,1,0,5,0,,0
VF109736,Full,26,16,F,Temuco,S09,App,11,3,0,29430,1,0,10,1,,0
VF109737,Full,11,28,F,Viña del Mar,S08,Referido,5,1,0,30850,0,0,10,0,,0
VF109738,Basico,13,16,M,Viña del Mar,S09,Referido,6,2,0,20170,0,0,7,1,,0
VF109739,Basico,8,36,F,Ñuñoa,S08,Referido,4,1,0,19560,0,0,10,0,,0
VF109740,Basico,16,22,F,Vitacura,S06,Sucursal,6,1,0,19760,1,0,8,1,,0
VF109741,Basico,14,18,M,Vitacura,S02,Sucursal,4,2,2,19620,0,0,5,0,,0
VF109742,Basico,12,26,Otro,Ñuñoa,S11,Web,0,0,0,19490,0,1,9,2,Se mudó,1
VF109743,Basico,44,37,F,La Florida,S11,App,2,1,1,19540,0,1,9,0,,0
VF109744,Basico,17,43,F,Santiago,S09,Referido,0,0,1,20490,0,0,9,6,Precio,1
VF109745,Premium,11,27,M,Temuco,S11,Web,6,3,0,46200,1,0,10,1,,0
VF109746,Basico,13,36,F,Puente Alto,S04,Web,5,1,0,20470,1,0,6,1,,0
VF109747,Basico,9,56,F,Vitacura,S10,App,0,0,0,20280,1,3,4,4,Se mudó,1
VF109748,Full,9,27,F,Viña del Mar,S08,Sucursal,9,5,1,29530,1,1,6,0,Salud,1
VF109749,Basico,9,44,M,Viña del Mar,S11,Sucursal,4,0,0,20100,1,0,9,1,,0
VF109750,Full,12,37,M,San Miguel,S09,Web,5,1,1,29640,1,1,5,0,,0
VF109751,Basico,21,30,M,Temuco,S01,App,3,1,1,19430,0,0,8,0,Salud,1
VF109752,Basico,15,32,M,Ñuñoa,S07,Sucursal,3,1,0,20600,1,0,5,1,,0
VF109753,Basico,14,36,M,Puente Alto,S09,App,5,2,0,19610,1,1,9,0,,0
VF109754,Full,11,29,F,Viña del Mar,S08,Web,8,3,1,30080,1,0,8,0,,0
VF109755,Basico,7,42,M,Santiago,S11,Web,3,0,0,20080,0,0,7,1,,0
VF109756,Basico,23,42,M,Las Condes,S04,App,6,1,0,19850,1,0,7,1,,0
VF109757,Premium,32,35,M,Viña del Mar,S02,Campaña RRSS,11,2,0,47080,1,0,4,1,,0
VF109758,Premium,21,44,M,Providencia,S06,Referido,8,3,1,46070,1,0,8,0,,0
VF109759,Basico,22,40,M,Santiago,S09,Referido,6,3,1,20230,0,0,3,0,,0
VF109760,Basico,10,21,F,Viña del Mar,S06,App,3,1,0,19770,0,0,9,0,,0
VF109761,Full,11,56,F,Ñuñoa,S03,Sucursal,7,1,0,31910,1,0,7,1,,0
VF109762,Basico,9,16,F,Viña del Mar,S01,Web,6,1,0,20370,0,0,8,1,,0
VF109763,Premium,22,44,F,Temuco,S12,Web,11,3,1,45500,1,1,6,0,,0
VF109764,Basico,18,39,F,Providencia,S11,App,2,0,1,20050,1,0,10,0,,0
VF109765,Basico,6,34,F,Providencia,S12,Referido,5,2,1,20680,0,0,10,1,,0
VF109766,Basico,12,21,M,La Florida,S06,Sucursal,9,2,0,20930,0,1,7,1,Salud,1
VF109767,Premium,25,29,F,Providencia,S03,Web,9,5,2,46220,1,0,5,1,,0
VF109768,Basico,22,16,F,Vitacura,S10,App,3,1,0,20500,1,0,6,0,,0
VF109769,Full,12,23,M,Temuco,S10,Web,5,1,0,30940,1,1,10,1,Poco uso,1
VF109770,Full,18,32,F,Las Condes,S10,Sucursal,3,0,0,29660,1,2,6,0,,0
VF109771,Premium,6,28,F,Providencia,S05,Sucursal,9,4,0,45080,0,0,10,1,Se mudó,1
VF109772,Full,9,49,F,Las Condes,S01,Web,11,4,2,30190,1,0,9,1,,0
VF109773,Basico,24,41,Otro,Ñuñoa,S08,Sucursal,7,1,1,20480,0,0,6,1,,0
VF109774,Full,14,31,F,Temuco,S03,Web,5,1,1,29110,0,1,5,0,Poco uso,1
VF109775,Premium,51,26,F,Providencia,S10,Referido,8,2,0,48860,0,0,5,1,,0
VF109776,Full,43,55,M,Ñuñoa,S05,Referido,6,3,0,29890,1,0,5,1,,0
VF109777,Basico,22,29,F,Concepción,S09,Web,2,0,1,19890,0,3,2,0,Salud,1
VF109778,Basico,19,46,M,Providencia,S07,Campaña RRSS,3,1,0,20160,0,0,7,0,,0
VF109779,Basico,22,37,M,Vitacura,S04,Sucursal,4,1,1,19990,1,0,9,0,,0
VF109780,Basico,11,59,M,Puente Alto,S03,Sucursal,2,0,1,20060,1,0,9,0,,0
VF109781,Full,7,32,M,Vitacura,S09,Web,3,1,1,29890,0,1,8,0,,0
VF109782,Full,6,24,M,Providencia,S03,Web,2,1,0,29120,0,0,6,0,,0
VF109783,Basico,7,40,M,Las Condes,S01,Sucursal,0,0,0,20380,1,2,4,5,,0
VF109784,Full,38,39,M,San Miguel,S08,Campaña RRSS,6,2,0,28670,1,2,9,1,,0
VF109785,Basico,10,31,M,San Miguel,S08,Sucursal,6,1,2,20650,1,0,8,0,,0
VF109786,Premium,24,27,M,San Miguel,S12,Web,8,3,0,44520,1,0,9,0,,0
VF109787,Basico,8,43,F,La Florida,S05,Referido,0,0,2,19650,0,0,7,3,Precio,1
VF109788,Basico,39,47,M,Concepción,S01,Campaña RRSS,5,2,1,19220,1,0,8,0,,0
VF109789,Basico,37,51,M,Concepción,S10,Web,3,1,0,19330,0,0,9,0,,0
VF109790,Basico,21,24,F,Puente Alto,S07,Web,3,1,0,21670,0,0,3,1,,0
VF109791,Basico,58,58,M,Las Condes,S02,App,3,1,0,20030,1,0,7,0,,0
VF109792,Premium,29,16,F,Temuco,S08,Sucursal,18,11,0,43840,0,0,9,0,,0
VF109793,Premium,21,30,Otro,Las Condes,S06,Web,8,3,0,45930,1,0,10,0,,0
VF109794,Basico,19,35,M,Viña del Mar,S09,Web,2,0,0,20810,0,0,7,1,,0
VF109795,Basico,13,19,M,Santiago,S09,Sucursal,10,6,0,19660,1,0,7,1,,0
VF109796,Basico,7,31,F,Concepción,S01,Web,3,1,0,20130,0,1,9,1,Precio,1
VF109797,Basico,13,32,M,Temuco,S10,App,0,0,0,20590,1,0,4,7,Mala atención,1
VF109798,Basico,9,60,M,Vitacura,S10,Referido,4,1,0,20470,0,1,9,1,,0
VF109799,Full,31,47,F,Ñuñoa,S06,Sucursal,6,2,1,30820,1,2,9,1,,0
VF109800,Full,17,24,M,Providencia,S04,Web,1,0,0,28960,1,2,2,0,Salud,1
VF109801,Basico,13,49,M,Vitacura,S11,Referido,5,1,0,21220,0,0,6,0,,0
VF109802,Premium,3,31,F,Las Condes,S09,App,5,1,1,44760,1,0,6,1,Se mudó,1
VF109803,Premium,18,59,F,Temuco,S06,Web,11,6,1,45550,0,0,7,1,Se cambió de gimnasio,1
VF109804,Basico,17,44,F,Santiago,S03,Web,2,0,0,19680,0,0,10,1,,0
VF109805,Basico,11,23,F,Vitacura,S01,Web,0,0,0,19710,1,1,6,6,,0
VF109806,Basico,4,38,M,La Florida,S12,Referido,6,3,0,20680,0,0,10,1,,0
VF109807,Full,10,36,Otro,Puente Alto,S11,Campaña RRSS,6,3,0,30170,1,1,8,1,,0
VF109808,Premium,17,31,F,Puente Alto,S12,Sucursal,6,2,0,47600,1,0,5,0,Mala atención,1
VF109809,Basico,13,28,M,Temuco,S06,Referido,2,1,1,20660,1,0,10,0,,0
VF109810,Full,13,52,F,Puente Alto,S02,Campaña RRSS,10,3,0,27410,1,0,9,0,,0
VF109811,Basico,6,50,F,San Miguel,S02,Web,0,0,0,20760,1,0,7,4,Precio,1
VF109812,Basico,34,44,F,Viña del Mar,S04,App,9,4,0,20090,1,0,8,1,,0
VF109813,Basico,15,16,M,Santiago,S07,Web,3,1,0,19860,0,1,4,0,Precio,1
VF109814,Premium,22,36,M,Maipú,S10,Sucursal,11,3,0,45760,1,0,6,1,,0
VF109815,Basico,36,32,M,Maipú,S02,Campaña RRSS,9,3,0,19130,1,0,9,0,,0
VF109816,Full,25,32,F,Santiago,S06,Web,8,2,2,28880,0,0,9,1,,0
VF109817,Basico,29,49,F,Temuco,S11,Campaña RRSS,7,1,0,19390,0,1,6,0,,0
VF109818,Full,16,24,F,Las Condes,S06,Web,11,4,0,29270,0,0,9,0,,0
VF109819,Full,15,47,F,Puente Alto,S08,Web,8,4,1,30780,1,1,6,1,,0
VF109820,Basico,14,36,M,Santiago,S02,Sucursal,2,0,1,20240,0,1,7,0,,0
VF109821,Basico,28,48,M,Ñuñoa,S10,Web,7,3,0,20530,1,0,9,0,,0
VF109822,Basico,17,39,M,San Miguel,S11,Campaña RRSS,3,1,0,20180,0,0,9,1,,0
VF109823,Basico,58,27,M,La Florida,S11,Web,5,3,0,19580,0,0,10,1,,0
VF109824,Basico,34,34,M,Puente Alto,S09,Sucursal,4,2,0,18800,1,0,10,0,,0
VF109825,Basico,12,68,F,Puente Alto,S06,Web,0,0,1,20260,0,0,7,7,Poco uso,1
VF109826,Basico,36,40,M,Maipú,S10,Referido,6,2,1,20340,1,0,9,0,,0
VF109827,Basico,38,35,F,Ñuñoa,S05,Web,5,1,0,19680,0,0,4,1,,0
VF109828,Full,20,21,M,Santiago,S03,Web,6,1,1,27990,0,1,9,1,,0
VF109829,Full,6,35,F,Providencia,S05,Web,12,7,1,29780,0,0,8,1,,0
VF109830,Premium,33,44,F,Providencia,S01,Sucursal,10,5,1,48930,1,0,7,1,,0
VF109831,Full,10,46,F,Santiago,S08,Web,8,2,0,30520,1,0,7,1,,0
VF109832,Basico,61,25,F,Providencia,S09,Web,3,0,2,19990,0,0,6,0,,0
VF109833,Full,7,46,F,Las Condes,S10,Campaña RRSS,8,2,0,31010,1,0,8,0,,0
VF109834,Full,38,36,M,Ñuñoa,S01,App,3,1,0,30750,1,1,6,0,,0
VF109835,Full,56,29,F,La Florida,S04,Web,11,2,0,29100,1,1,4,1,,0
VF109836,Full,20,27,F,Providencia,S01,Referido,8,2,1,28450,1,1,7,0,,0
VF109837,Premium,32,38,F,Puente Alto,S09,Sucursal,9,3,0,45090,0,0,6,1,,0
VF109838,Basico,8,46,M,Las Condes,S03,Referido,5,1,2,18730,0,0,6,1,,0
VF109839,Full,35,40,M,Las Condes,S12,Sucursal,4,2,1,31370,0,1,10,0,,0
VF109840,Full,13,25,M,Ñuñoa,S11,Web,5,2,0,30270,1,0,6,0,,0
VF109841,Basico,15,20,M,Maipú,S03,Sucursal,0,0,0,19240,0,1,7,7,,0
VF109842,Basico,2,39,M,Providencia,S01,Sucursal,0,0,1,19930,0,1,8,2,Poco uso,1
VF109843,Basico,37,41,F,Puente Alto,S08,Campaña RRSS,5,1,0,19430,0,1,6,1,,0
VF109844,Full,25,21,F,Ñuñoa,S02,App,7,3,0,31450,1,0,10,0,,0
VF109845,Full,9,35,F,San Miguel,S12,Sucursal,5,3,0,30890,1,0,6,0,,0
VF109846,Premium,19,41,M,La Florida,S03,Campaña RRSS,7,2,2,44080,1,0,8,0,Poco uso,1
VF109847,Full,15,49,F,Concepción,S10,Sucursal,6,2,0,30290,1,0,10,0,,0
VF109848,Full,20,22,F,Temuco,S06,Web,11,4,0,30720,1,0,6,0,,0
VF109849,Basico,22,67,M,La Florida,S02,Referido,4,1,1,19930,0,1,5,0,,0
VF109850,Full,11,27,F,Temuco,S08,Web,7,4,0,30880,1,1,9,1,,0
VF109851,Full,10,32,F,Viña del Mar,S03,Referido,8,5,0,29970,0,0,8,0,,0
VF109852,Basico,10,25,M,Ñuñoa,S07,Sucursal,5,1,0,20260,1,0,10,1,,0
VF109853,Full,5,49,F,Temuco,S01,App,3,1,2,30300,1,0,10,1,,0
VF109854,Premium,10,16,M,Providencia,S12,Sucursal,12,4,1,44660,1,0,10,0,,0
VF109855,Premium,15,28,M,Vitacura,S09,Campaña RRSS,9,2,0,45850,1,1,9,1,,0
VF109856,Full,53,16,M,Vitacura,S03,App,7,2,0,30220,1,0,8,0,,0
VF109857,Basico,34,30,M,Viña del Mar,S11,App,2,0,1,20780,1,2,10,0,,0
VF109858,Basico,17,61,M,Maipú,S01,Sucursal,7,4,0,20100,0,0,6,0,,0
VF109859,Full,37,26,F,La Florida,S06,App,5,1,0,29020,1,0,8,1,,0
VF109860,Full,24,50,M,Ñuñoa,S07,Web,5,1,0,28630,1,0,8,1,,0
VF109861,Full,16,49,M,Temuco,S05,Referido,10,3,1,31300,1,0,10,0,,0
VF109862,Full,22,27,M,Temuco,S11,Referido,10,3,0,29670,0,0,6,0,,0
VF109863,Full,42,39,M,La Florida,S07,Web,4,2,0,29880,1,0,7,0,,0
VF109864,Full,20,36,F,Viña del Mar,S04,Web,2,1,0,29850,0,0,8,0,,0
VF109865,Full,20,33,F,Maipú,S01,Campaña RRSS,6,2,1,30200,1,0,6,1,,0
VF109866,Premium,42,22,M,Viña del Mar,S09,Sucursal,13,6,0,47350,1,0,6,1,,0
VF109867,Basico,40,31,M,Ñuñoa,S04,Referido,1,0,1,20240,1,0,7,1,,0
VF109868,Basico,9,32,M,Ñuñoa,S01,App,6,3,0,19020,1,0,8,1,,0
VF109869,Full,21,16,M,Las Condes,S07,Web,3,2,0,30350,1,0,7,0,,0
VF109870,Basico,35,26,M,Temuco,S06,Web,0,0,0,20340,1,1,4,3,Se cambió de gimnasio,1
VF109871,Basico,22,16,F,Concepción,S03,App,5,2,0,18630,0,0,8,1,,0
VF109872,Full,16,28,M,Maipú,S03,Campaña RRSS,8,2,0,29880,1,1,6,0,,0
VF109873,Full,8,39,F,San Miguel,S04,Sucursal,8,4,0,31800,1,0,8,0,,0
VF109874,Basico,12,23,M,San Miguel,S11,Referido,6,2,1,20340,0,1,5,0,,0
VF109875,Basico,29,50,F,San Miguel,S08,App,3,1,0,20370,1,1,6,1,,0
VF109876,Basico,33,41,F,La Florida,S05,Web,4,1,1,20380,0,0,7,1,,0
VF109877,Basico,20,37,M,Temuco,S03,Referido,0,0,0,19310,1,2,8,7,,0
VF109878,Full,21,22,F,Providencia,S05,App,4,1,1,31730,1,0,5,0,,0
VF109879,Basico,41,32,F,Providencia,S04,Referido,0,0,0,19380,1,0,7,1,,0
VF109880,Basico,4,27,F,Temuco,S10,Sucursal,2,1,0,18880,0,4,5,1,Mala atención,1
VF109881,Full,55,23,F,Vitacura,S01,Sucursal,9,4,0,31910,0,0,4,0,,0
VF109882,Premium,20,18,F,Temuco,S10,Referido,7,2,1,45170,1,0,9,1,,0
VF109883,Full,5,54,M,Las Condes,S01,App,7,3,0,29980,1,0,7,1,,0
VF109884,Full,10,27,M,Viña del Mar,S10,App,6,1,0,30600,1,0,9,1,,0
VF109885,Basico,33,33,F,Vitacura,S08,Sucursal,1,0,0,19620,0,2,9,0,,0
VF109886,Basico,47,41,F,Santiago,S11,Web,0,0,0,19390,1,0,8,1,,0
VF109887,Full,20,39,M,Maipú,S02,App,8,4,2,30500,1,1,9,1,Precio,1
VF109888,Basico,21,16,M,Temuco,S06,Web,0,0,0,19550,0,2,8,2,Se cambió de gimnasio,1
VF109889,Basico,36,28,F,Temuco,S05,Web,0,0,2,20090,1,0,10,2,,0
VF109890,Full,22,45,M,Temuco,S08,Web,5,3,1,29450,1,1,9,0,,0
VF109891,Full,14,35,M,Viña del Mar,S01,Sucursal,7,1,0,31150,1,0,10,1,,0
VF109892,Full,22,16,M,Providencia,S02,App,4,2,0,31310,1,0,7,1,,0
VF109893,Full,32,25,F,Puente Alto,S09,Referido,3,1,2,30600,1,0,9,0,,0
VF109894,Full,81,38,M,Puente Alto,S12,Referido,4,1,0,30720,1,0,3,0,,0
VF109895,Full,42,16,F,Santiago,S06,Referido,12,8,0,30040,1,0,4,0,,0
VF109896,Basico,21,22,M,Santiago,S03,Sucursal,4,1,0,19170,0,0,8,1,,0
VF109897,Basico,21,28,F,Puente Alto,S04,Sucursal,6,3,1,20040,1,1,8,1,,0
VF109898,Basico,14,45,F,Viña del Mar,S08,Sucursal,2,0,0,20310,0,2,8,0,Poco uso,1
VF109899,Basico,10,45,F,Concepción,S08,Referido,5,1,0,20570,1,0,9,0,,0
VF109900,Basico,27,52,M,San Miguel,S02,Sucursal,0,0,0,20100,0,4,4,5,Se cambió de gimnasio,1
VF109901,Basico,12,19,M,Viña del Mar,S12,Sucursal,2,1,0,19230,1,1,4,1,,0
VF109902,Basico,13,49,F,Temuco,S10,App,5,1,0,19420,1,0,9,1,Poco uso,1
VF109903,Basico,10,27,M,Providencia,S03,Sucursal,3,1,2,19710,1,0,7,1,Se cambió de gimnasio,1
VF109904,Full,15,30,Otro,Puente Alto,S04,Sucursal,7,3,2,30350,0,1,6,0,Mala atención,1
VF109905,Premium,9,34,M,Las Condes,S02,Referido,9,3,1,45560,0,0,10,0,Mala atención,1
VF109906,Basico,23,35,F,Concepción,S05,Campaña RRSS,4,1,1,19410,1,1,9,1,,0
VF109907,Basico,35,16,F,Puente Alto,S03,Web,3,1,0,20530,0,0,10,0,,0
VF109908,Premium,15,16,M,Las Condes,S07,App,7,4,1,47210,0,0,7,1,,0
VF109909,Basico,20,50,F,Providencia,S09,Campaña RRSS,6,3,0,20050,1,1,8,1,,0
VF109910,Premium,24,28,M,Santiago,S09,Web,4,1,0,45630,1,0,7,1,,0
VF109911,Full,15,39,F,San Miguel,S05,Web,5,2,0,30030,1,0,7,0,,0
VF109912,Basico,17,31,M,Temuco,S04,App,4,1,0,19590,0,0,5,0,,0
VF109913,Premium,33,16,M,Temuco,S01,Web,5,1,0,49030,1,0,7,1,,0
VF109914,Basico,13,34,M,Temuco,S02,Sucursal,1,0,0,21100,0,2,5,0,,0
VF109915,Full,14,38,F,La Florida,S07,App,10,5,0,28320,1,0,6,1,,0
VF109916,Full,5,31,F,Santiago,S08,Sucursal,3,0,0,30390,0,0,9,1,,0
VF109917,Full,36,34,F,Puente Alto,S11,Web,4,2,1,30560,1,0,7,0,,0
VF109918,Full,46,53,M,Puente Alto,S11,Campaña RRSS,9,5,1,31280,1,0,8,0,,0
VF109919,Premium,13,39,F,Ñuñoa,S10,Web,10,5,0,46070,0,2,4,1,,0
VF109920,Full,21,42,M,San Miguel,S04,App,5,3,0,29250,0,1,9,1,,0
VF109921,Basico,10,29,F,Vitacura,S11,App,2,1,0,19960,0,0,9,1,,0
VF109922,Basico,14,33,Otro,Concepción,S12,Sucursal,6,2,1,19370,1,0,7,1,Salud,1
VF109923,Basico,14,41,M,Temuco,S03,Sucursal,3,1,0,20490,0,0,3,1,,0
VF109924,Premium,7,31,F,Ñuñoa,S10,App,7,1,0,48550,1,0,9,0,,0
VF109925,Basico,12,24,M,San Miguel,S11,App,8,3,0,20480,1,2,5,0,,0
VF109926,Basico,29,62,F,San Miguel,S05,Referido,2,0,1,20670,1,1,5,0,,0
VF109927,Basico,52,47,M,Vitacura,S10,App,7,2,0,20770,0,0,3,1,,0
VF109928,Premium,38,51,M,La Florida,S09,Web,11,7,0,45070,0,0,10,0,,0
VF109929,Premium,11,29,M,Providencia,S01,App,12,3,0,44660,0,0,10,1,Precio,1
VF109930,Premium,12,30,F,Concepción,S10,Campaña RRSS,9,2,1,43280,1,1,6,1,,0
VF109931,Basico,3,35,M,Vitacura,S06,App,4,2,0,21070,0,0,9,1,Mala atención,1
VF109932,Full,43,50,M,Las Condes,S12,Web,7,3,0,30490,1,0,8,0,,0
VF109933,Full,11,47,M,Santiago,S01,Sucursal,3,1,0,29710,1,1,7,0,,0
VF109934,Full,18,49,F,Vitacura,S03,Referido,10,5,1,30910,1,0,9,1,,0
VF109935,Premium,5,67,M,San Miguel,S08,App,10,2,0,45320,1,1,4,1,Mala atención,1
VF109936,Basico,5,27,F,Temuco,S07,App,7,3,0,19390,0,0,10,1,,0
VF109937,Basico,11,39,F,La Florida,S04,App,1,0,0,19180,0,1,6,1,,0
VF109938,Full,2,39,F,Concepción,S10,Referido,17,6,2,30080,1,1,6,1,,0
VF109939,Full,18,33,F,San Miguel,S07,App,0,0,0,29400,1,3,6,4,,0
VF109940,Full,4,16,M,Ñuñoa,S05,Sucursal,7,4,0,31230,1,1,10,0,,0
VF109941,Basico,25,45,F,Vitacura,S11,App,4,2,3,20270,0,0,4,0,,0
VF109942,Basico,15,31,F,San Miguel,S07,Sucursal,4,1,0,21220,0,1,9,0,,0
VF109943,Basico,5,23,F,Vitacura,S09,App,5,2,0,20250,1,0,5,1,,0
VF109944,Full,10,37,F,San Miguel,S02,Web,6,1,0,30280,1,0,7,1,,0
VF109945,Basico,31,30,M,La Florida,S11,Campaña RRSS,3,1,0,20440,1,1,5,0,Salud,1
VF109946,Basico,8,41,F,Puente Alto,S03,Referido,6,4,1,20000,1,0,8,1,,0
VF109947,Full,8,47,M,La Florida,S11,Web,11,3,0,29620,0,1,5,1,,0
VF109948,Premium,13,45,M,Ñuñoa,S03,Sucursal,6,2,1,43230,0,1,5,1,,0
VF109949,Basico,4,31,M,Viña del Mar,S02,Referido,5,2,0,19930,0,0,8,1,Poco uso,1
VF109950,Basico,2,23,F,Temuco,S11,App,3,2,0,20280,0,0,8,0,Mala atención,1
VF109951,Full,4,29,M,Santiago,S11,Web,11,2,0,29620,1,0,9,1,,0
VF109952,Full,19,47,M,Vitacura,S04,Sucursal,6,2,0,29220,1,0,7,0,,0
VF109953,Basico,9,49,M,San Miguel,S06,Web,4,1,1,20080,1,0,8,0,,0
VF109954,Basico,8,34,F,La Florida,S07,Web,4,1,0,19440,1,1,8,0,,0
VF109955,Basico,27,16,F,Vitacura,S08,Referido,4,1,0,20020,0,0,7,0,,0
VF109956,Basico,14,49,F,Santiago,S05,Web,6,2,1,20190,0,0,8,0,,0
VF109957,Full,8,32,M,San Miguel,S06,App,9,4,0,30540,0,0,5,0,,0
VF109958,Basico,19,30,F,Las Condes,S10,Referido,3,1,0,20020,0,1,5,1,,0
VF109959,Basico,29,25,F,Maipú,S08,App,6,2,0,19410,0,1,8,0,,0
VF109960,Basico,9,39,F,Las Condes,S10,Campaña RRSS,6,2,1,20300,0,0,8,1,,0
VF109961,Basico,7,54,F,Santiago,S05,Referido,6,2,1,21080,0,0,9,0,,0
VF109962,Basico,10,54,F,Providencia,S09,Web,4,1,1,20040,0,0,9,0,,0
VF109963,Full,20,35,M,Concepción,S12,Sucursal,9,4,1,29540,1,0,9,1,,0
VF109964,Full,16,35,M,Vitacura,S01,Web,4,2,0,30060,1,0,8,0,,0
VF109965,Basico,43,41,F,Viña del Mar,S09,Campaña RRSS,3,2,0,20200,0,0,8,0,,0
VF109966,Full,18,33,F,Viña del Mar,S12,Campaña RRSS,4,1,0,29900,1,1,10,0,,0
VF109967,Full,14,31,M,Vitacura,S05,App,10,6,0,30020,0,2,6,1,,0
VF109968,Premium,35,25,F,Las Condes,S06,Web,13,5,2,44940,1,0,5,0,Mala atención,1
VF109969,Basico,14,24,M,Temuco,S09,Sucursal,5,1,3,19600,0,0,8,0,,0
VF109970,Full,44,25,M,Vitacura,S07,Web,7,2,0,29260,1,0,10,0,,0
VF109971,Full,27,37,M,Concepción,S11,Referido,8,4,1,29960,0,1,8,1,Salud,1
VF109972,Basico,20,32,M,Maipú,S08,Referido,8,3,0,20690,0,0,8,0,,0
VF109973,Basico,14,27,M,Las Condes,S04,Web,4,2,0,19260,1,0,8,1,,0
VF109974,Full,24,32,F,Santiago,S10,Sucursal,0,0,0,30360,1,3,5,1,Se mudó,1
VF109975,Basico,12,20,M,Las Condes,S06,Referido,5,3,0,20180,0,2,7,1,,0
VF109976,Basico,19,47,F,Viña del Mar,S01,App,3,1,0,20840,0,0,10,0,,0
VF109977,Full,27,36,M,Viña del Mar,S04,Sucursal,10,3,0,29930,1,0,7,0,,0
VF109978,Full,17,43,M,Concepción,S01,Sucursal,12,6,0,29990,1,0,6,1,,0
VF109979,Full,10,30,F,Maipú,S01,Web,5,2,1,31320,1,1,5,1,,0
VF109980,Full,11,61,M,San Miguel,S04,App,6,1,0,31290,1,0,10,0,Se cambió de gimnasio,1
VF109981,Full,15,36,M,Concepción,S01,Campaña RRSS,1,0,0,30080,0,2,5,1,,0
VF109982,Basico,20,41,M,Santiago,S11,Campaña RRSS,4,0,0,21010,0,1,4,0,,0
VF109983,Basico,11,37,M,Vitacura,S01,Sucursal,5,3,0,18300,1,0,7,1,,0
VF109984,Premium,5,33,M,Ñuñoa,S06,Sucursal,8,3,0,45680,1,1,7,0,,0
VF109985,Basico,15,36,F,Las Condes,S06,App,5,1,1,19180,0,0,7,0,,0
VF109986,Full,12,31,F,Concepción,S04,Sucursal,5,1,0,29910,1,0,6,1,,0
VF109987,Full,11,42,M,San Miguel,S07,App,6,2,0,30510,1,0,9,1,Poco uso,1
VF109988,Basico,4,38,Otro,Concepción,S12,Web,2,1,1,19990,0,0,5,0,,0
VF109989,Premium,20,39,M,Las Condes,S06,Referido,7,4,1,44950,1,1,6,0,,0
VF109990,Full,40,40,F,Concepción,S11,Campaña RRSS,7,4,0,29060,1,0,9,1,,0
VF109991,Full,20,21,M,Santiago,S09,Sucursal,5,1,1,28730,0,2,7,0,,0
VF109992,Basico,10,50,F,Temuco,S07,Web,1,0,2,19500,1,0,9,1,,0
VF109993,Full,31,33,F,Maipú,S02,Sucursal,7,1,0,30740,1,0,8,1,,0
VF109994,Basico,12,34,M,Las Condes,S11,App,3,0,0,19960,0,0,9,1,,0
VF109995,Basico,11,48,F,Ñuñoa,S06,Sucursal,1,0,0,19550,1,0,7,0,,0
VF109996,Full,15,32,F,Viña del Mar,S01,Web,2,0,0,29310,1,1,7,1,,0
VF109997,Premium,24,16,M,Concepción,S01,Sucursal,6,2,0,46080,0,0,8,1,,0
VF109998,Full,37,44,F,Viña del Mar,S09,Web,2,0,0,29550,0,1,7,1,,0
VF109999,Full,50,17,F,Concepción,S05,Referido,4,0,0,30270,1,0,9,0,,0
